nohup: ignoring input


                             _   _
                            (_) | |
      __ _   _ __   __   __  _  | |
     / _` | | '_ \  \ \ / / | | | |
    | (_| | | | | |  \ V /  | | | |
     \__,_| |_| |_|   \_/   |_| |_|

    1.7.1 (4072e48705 2026-05-08T07:50:55.527285345Z)
    https://github.com/foundry-rs/foundry

Available Accounts
==================

(0) 0xf39Fd6e51aad88F6F4ce6aB8827279cffFb92266 (10000.000000000000000000 ETH)
(1) 0x70997970C51812dc3A010C7d01b50e0d17dc79C8 (10000.000000000000000000 ETH)
(2) 0x3C44CdDdB6a900fa2b585dd299e03d12FA4293BC (10000.000000000000000000 ETH)
(3) 0x90F79bf6EB2c4f870365E785982E1f101E93b906 (10000.000000000000000000 ETH)
(4) 0x15d34AAf54267DB7D7c367839AAf71A00a2C6A65 (10000.000000000000000000 ETH)
(5) 0x9965507D1a55bcC2695C58ba16FB37d819B0A4dc (10000.000000000000000000 ETH)
(6) 0x976EA74026E726554dB657fA54763abd0C3a0aa9 (10000.000000000000000000 ETH)
(7) 0x14dC79964da2C08b23698B3D3cc7Ca32193d9955 (10000.000000000000000000 ETH)
(8) 0x23618e81E3f5cdF7f54C3d65f7FBc0aBf5B21E8f (10000.000000000000000000 ETH)
(9) 0xa0Ee7A142d267C1f36714E4a8F75612F20a79720 (10000.000000000000000000 ETH)

Private Keys
==================

(0) 0xac0974bec39a17e36ba4a6b4d238ff944bacb478cbed5efcae784d7bf4f2ff80
(1) 0x59c6995e998f97a5a0044966f0945389dc9e86dae88c7a8412f4603b6b78690d
(2) 0x5de4111afa1a4b94908f83103eb1f1706367c2e68ca870fc3fb9a804cdab365a
(3) 0x7c852118294e51e653712a81e05800f419141751be58f605c371e15141b007a6
(4) 0x47e179ec197488593b187f80a00eb0da91f1b9d0b13f8733639f19c30a34926a
(5) 0x8b3a350cf5c34c9194ca85829a2df0ec3153be0318b5e2d3348e872092edffba
(6) 0x92db14e403b83dfe3df233f83dfa3a0d7096f21ca9b0d6d6b8d88b2b4ec1564e
(7) 0x4bbbf85ce3377467afe5d46f804f221813b2bb87f24d81f60f1fcdbf7cbf4356
(8) 0xdbda1821b80551c9d65939329250298aa3472ba22feea921c0cf5d620ea67b97
(9) 0x2a871d0798f97d79848a013d4936a73bf4cc922c825d33c1cf7073dff6d409c6

Wallet
==================
Mnemonic:          test test test test test test test test test test test junk
Derivation path:   m/44'/60'/0'/0/


Chain ID
==================

31337

Base Fee
==================

1000000000

Gas Limit
==================

30000000

Genesis Timestamp
==================

1786102588

Genesis Number
==================

0

Listening on 127.0.0.1:8545
eth_chainId
eth_chainId
web3_clientVersion
eth_chainId
eth_accounts
eth_getBlockByNumber
eth_chainId
eth_chainId
eth_estimateGas
eth_chainId
eth_getBlockByNumber
eth_sendTransaction
eth_accounts

    Transaction: 0x603cdb8c6063693a7409158aebf0fdd30d342b6bd217ebd9c27793e2b90e8656
    Contract created: 0x5FbDB2315678afecb367f032d93F642f64180aa3
    Gas used: 1431133

    Block Number: 1
    Block Hash: 0x4fd2a101e21fe8760f622896ba1af3ffe9a8b710fa4de7899966b1b584ca4d63
    Block Time: "Fri, 7 Aug 2026 11:40:46 +0000"

eth_chainId
eth_getTransactionReceipt
eth_getBlockByNumber
eth_chainId
eth_chainId
eth_estimateGas
eth_chainId
eth_getBlockByNumber
eth_sendTransaction
eth_accounts

    Transaction: 0x1bdcb3f6f9883533872b9183122c23a544c7da6221df76e5af4031c374e37247
    Gas used: 325691

    Block Number: 2
    Block Hash: 0x02a616581123d3b7e331e02b8def37a5e059bdbf02cbe1f7a0468a0c3f0eb36a
    Block Time: "Fri, 7 Aug 2026 11:40:50 +0000"

eth_chainId
eth_getTransactionReceipt
eth_getBlockByNumber
eth_getBlockByNumber
eth_chainId
eth_chainId
eth_estimateGas
eth_chainId
eth_getBlockByNumber
eth_sendTransaction
eth_accounts

    Transaction: 0x1a85e82ac75e607179ad8c9cee3d5db32530ec6fd60ee518494676bd012d4bfb
    Gas used: 311391

    Block Number: 3
    Block Hash: 0x8690c56e20a0a73692f9d95630b4758833dd118a5da586d416ed2031658760f3
    Block Time: "Fri, 7 Aug 2026 11:40:51 +0000"

eth_chainId
eth_getTransactionReceipt
eth_getBlockByNumber
eth_getBlockByNumber
eth_chainId
eth_chainId
eth_estimateGas
eth_chainId
eth_getBlockByNumber
eth_sendTransaction
eth_accounts

    Transaction: 0x80136fe61d16a0fd223be377373c066178bf7df14a66fc89f2e14f6e1538bfb3
    Gas used: 311391

    Block Number: 4
    Block Hash: 0xb2e9efdb4571e21bb2d59f0521cae3d8dc404faed3456de275a0244a24960cda
    Block Time: "Fri, 7 Aug 2026 11:40:52 +0000"

eth_chainId
eth_getTransactionReceipt
eth_getBlockByNumber
eth_getBlockByNumber
eth_chainId
eth_chainId
eth_estimateGas
eth_chainId
eth_getBlockByNumber
eth_sendTransaction
eth_accounts

    Transaction: 0x89da43040275224edb2289d74c517d5dd0f22f703de28e0b7df0ce885eec9dc8
    Gas used: 311451

    Block Number: 5
    Block Hash: 0x6a7491b9b9fcf7660609711b44bb7ab79c27d76c30020c1befdfca1fba047004
    Block Time: "Fri, 7 Aug 2026 11:40:53 +0000"

eth_chainId
eth_getTransactionReceipt
eth_getBlockByNumber
eth_getBlockByNumber
eth_chainId
eth_chainId
eth_estimateGas
eth_chainId
eth_getBlockByNumber
eth_sendTransaction
eth_accounts

    Transaction: 0xfdc79eb6b792fa243f1a6648c4717518f1be0d5c3ca79498f2dd3db2ae66a296
    Gas used: 328491

    Block Number: 6
    Block Hash: 0xb2319771ac6414d7d01d58ea04920100c4148256cdf406357f69121015c84716
    Block Time: "Fri, 7 Aug 2026 11:40:54 +0000"

eth_chainId
eth_getTransactionReceipt
eth_getBlockByNumber
eth_getBlockByNumber
eth_chainId
eth_chainId
eth_estimateGas
eth_chainId
eth_getBlockByNumber
eth_sendTransaction
eth_accounts

    Transaction: 0xc4f2ad343a860f29cf3c5b0e8248c5e3afa23578144b0652253e38f933ac005a
    Gas used: 311391

    Block Number: 7
    Block Hash: 0x48cb077f1871976501f19bb820dd2209777805c3322197cefef8f40c043164a5
    Block Time: "Fri, 7 Aug 2026 11:40:55 +0000"

eth_chainId
eth_getTransactionReceipt
eth_getBlockByNumber
eth_getBlockByNumber
eth_chainId
eth_chainId
eth_estimateGas
eth_chainId
eth_getBlockByNumber
eth_sendTransaction
eth_accounts

    Transaction: 0x1f6d046da38ca8cafe03328ee9727fd8a3781dad56a469c100f1d5960ead98fb
    Gas used: 311391

    Block Number: 8
    Block Hash: 0xb263ca1e3243d1f34ea7b22f6419d4dd0500e04aa6d3ca4e14d0f9468ff3784f
    Block Time: "Fri, 7 Aug 2026 11:40:56 +0000"

eth_chainId
eth_getTransactionReceipt
eth_getBlockByNumber
eth_getBlockByNumber
eth_chainId
eth_chainId
eth_estimateGas
eth_chainId
eth_getBlockByNumber
eth_sendTransaction
eth_accounts

    Transaction: 0x3a76542913d49b187e8a76eca0696907ec1b53da0c9322d3cee08e17b4a10e46
    Gas used: 311451

    Block Number: 9
    Block Hash: 0x88dc8136cf2acaada2fa09cd031e8421c12aa582b4ecc2325e669770297fc24c
    Block Time: "Fri, 7 Aug 2026 11:40:56 +0000"

eth_chainId
eth_getTransactionReceipt
eth_getBlockByNumber
eth_getBlockByNumber
eth_chainId
eth_chainId
eth_estimateGas
eth_chainId
eth_getBlockByNumber
eth_sendTransaction
eth_accounts

    Transaction: 0xd98b2e8281ba099480829e32f38c291a98e67eef03c04c96d1eaf3a60725f1aa
    Gas used: 328491

    Block Number: 10
    Block Hash: 0x527e80441b6a847c2766eee0c44f383e3f4e00e621a8ca418d0e85117de42589
    Block Time: "Fri, 7 Aug 2026 11:40:57 +0000"

eth_chainId
eth_getTransactionReceipt
eth_getBlockByNumber
eth_getBlockByNumber
eth_chainId
eth_chainId
eth_estimateGas
eth_chainId
eth_getBlockByNumber
eth_sendTransaction
eth_accounts

    Transaction: 0x371e2b9cb69b0414e995bdb8013ac60bfab9100fa48bd1f7f6870774af888d67
    Gas used: 311391

    Block Number: 11
    Block Hash: 0x1dfa39d94ce9397b26ee7f3b6ce6158eb02f5597c3077b8c229bffffb9513898
    Block Time: "Fri, 7 Aug 2026 11:40:58 +0000"

eth_chainId
eth_getTransactionReceipt
eth_getBlockByNumber
eth_getBlockByNumber
eth_chainId
eth_chainId
eth_estimateGas
eth_chainId
eth_getBlockByNumber
eth_sendTransaction
eth_accounts

    Transaction: 0xb00c4eb17544e4ce897b9148611282113943ce1761331306f0f91bb9d19ac654
    Gas used: 311391

    Block Number: 12
    Block Hash: 0x3649ed3c4c769c5da30a5cf2438c790d0c7581226aee16ae7badbf143399452e
    Block Time: "Fri, 7 Aug 2026 11:40:59 +0000"

eth_chainId
eth_getTransactionReceipt
eth_getBlockByNumber
eth_getBlockByNumber
eth_chainId
eth_chainId
eth_estimateGas
eth_chainId
eth_getBlockByNumber
eth_sendTransaction
eth_accounts

    Transaction: 0x85fe8985d781985765bd65153b4b5226bb36373f9119adb4847ccd4cb11989a0
    Gas used: 311451

    Block Number: 13
    Block Hash: 0x247f6676b135fca77db5af1a2d4cba0cc8d886e6eee1d8299774cf34426caba8
    Block Time: "Fri, 7 Aug 2026 11:41:00 +0000"

eth_chainId
eth_getTransactionReceipt
eth_getBlockByNumber
eth_chainId
eth_call
eth_chainId
web3_clientVersion
eth_chainId
eth_accounts
eth_getBlockByNumber
eth_chainId
eth_chainId
eth_estimateGas
eth_chainId
eth_getBlockByNumber
eth_sendTransaction
eth_accounts
eth_chainId

    Transaction: 0x83bc23a168f6f19b02439d25c47212d0d20715c4bc20fd45fb370043dee76095
    Contract created: 0x0DCd1Bf9A1b36cE34237eEaFef220932846BCD82
    Gas used: 1431133

    Block Number: 14
    Block Hash: 0x373c167d6dd26fb9a06a482442e6e310dbf0fc75190ba5a6e156d4b02fe34476
    Block Time: "Fri, 7 Aug 2026 18:20:21 +0000"

eth_getTransactionReceipt
eth_getBlockByNumber
eth_chainId
eth_chainId
eth_estimateGas
eth_chainId
eth_getBlockByNumber
eth_sendTransaction
eth_accounts
eth_chainId

    Transaction: 0xba826e05ffe3cf4b812852ad4d4784ade8764e44b1d9cbe975470c30fbc029b8
    Gas used: 260032

    Block Number: 15
    Block Hash: 0xe2bba711141bc062564ebb3c651c078d98859a5e7438b397ed1270f3a2c45196
    Block Time: "Fri, 7 Aug 2026 18:27:51 +0000"

eth_getTransactionReceipt
eth_getBlockByNumber
eth_getBlockByNumber
eth_chainId
eth_chainId
eth_estimateGas
eth_chainId
eth_getBlockByNumber
eth_sendTransaction
eth_accounts

    Transaction: 0x8d25d2de41330d06445417de8c096f25d0ca1a90a5c5cbc296c987568efc2d39
    Gas used: 245732

    Block Number: 16
    Block Hash: 0x46af2b87081f65b2d28a5789edf61577b3496b7ccedf1acdf494203340ee4d4b
    Block Time: "Fri, 7 Aug 2026 18:35:25 +0000"

eth_chainId
eth_getTransactionReceipt
eth_getBlockByNumber
eth_getBlockByNumber
eth_chainId
eth_chainId
eth_estimateGas
eth_chainId
eth_getBlockByNumber
eth_sendTransaction
eth_accounts

    Transaction: 0xe1f7ddbfd6cee4af523909bdb9d48acf08e1bbc81d5a24c26c663c02b9be9e44
    Gas used: 245732

    Block Number: 17
    Block Hash: 0x7af3df9f5ebeed66e4d1c5cfedad952601f336e22cb4102ba32c5af6c61b055f
    Block Time: "Fri, 7 Aug 2026 18:43:03 +0000"

eth_chainId
eth_getTransactionReceipt
eth_getBlockByNumber
eth_getBlockByNumber
eth_chainId
eth_chainId
eth_estimateGas
eth_chainId
eth_getBlockByNumber
eth_sendTransaction
eth_accounts

    Transaction: 0x42812d20d66cd94171805407edc3a2427a456bce2873f8334d96999f5814a544
    Gas used: 245792

    Block Number: 18
    Block Hash: 0xe737542b2b2f72a8ab88e759c3a477f890c12b84c1a4498911bc47578f94fcc5
    Block Time: "Fri, 7 Aug 2026 18:43:04 +0000"

eth_chainId
eth_getTransactionReceipt
eth_getBlockByNumber
eth_getBlockByNumber
eth_chainId
eth_chainId
eth_estimateGas
eth_chainId
eth_getBlockByNumber
eth_sendTransaction
eth_accounts

    Transaction: 0xbe7a1b93ecd45386ecc4ac1f29dd4efcebfe01ed58cbcced5bf492712425af2f
    Gas used: 262832

    Block Number: 19
    Block Hash: 0x7b3d2edab71dc75724f90c9e428f32ae377bac546202d8176b4add9a08c2e8ec
    Block Time: "Fri, 7 Aug 2026 18:56:23 +0000"

eth_chainId
eth_getTransactionReceipt
eth_getBlockByNumber
eth_getBlockByNumber
eth_chainId
eth_chainId
eth_estimateGas
eth_chainId
eth_getBlockByNumber
eth_sendTransaction
eth_accounts

    Transaction: 0x5574d64c84d53e1d7646d69ca42ac57a5d600a80f0de57a013bfc8dcfaf85670
    Gas used: 245732

    Block Number: 20
    Block Hash: 0xfe1dbbbb73749026c858c41045a74308c985ac6ff5521a0a5609b5d3384e2215
    Block Time: "Fri, 7 Aug 2026 19:04:12 +0000"

eth_chainId
eth_getTransactionReceipt
eth_getBlockByNumber
eth_getBlockByNumber
eth_chainId
eth_chainId
eth_estimateGas
eth_chainId
eth_getBlockByNumber
eth_sendTransaction
eth_accounts

    Transaction: 0x19b020e6c71f5f07a06331a84ee969be895a0c84b0b0c755681aef66ebce10e0
    Gas used: 245732

    Block Number: 21
    Block Hash: 0x2b1b93cb0ea9626a3538293ed6aee819b20b40e3e0e11a41071c0ff84fb0d3e2
    Block Time: "Fri, 7 Aug 2026 19:13:51 +0000"

eth_chainId
eth_getTransactionReceipt
eth_getBlockByNumber
eth_getBlockByNumber
eth_chainId
eth_chainId
eth_estimateGas
eth_chainId
eth_getBlockByNumber
eth_sendTransaction
eth_accounts

    Transaction: 0xccaa06e7c0e9fd86b55dbc323bc3edc225d531c48a6b34446c020c56f6382789
    Gas used: 245792

    Block Number: 22
    Block Hash: 0x788bab12d0ae3922df4e89c810577b6ec5ee79b3c29b11f6ce3e47ff98f821a9
    Block Time: "Fri, 7 Aug 2026 19:13:52 +0000"

eth_chainId
eth_getTransactionReceipt
eth_getBlockByNumber
eth_getBlockByNumber
eth_chainId
eth_chainId
eth_estimateGas
eth_chainId
eth_getBlockByNumber
eth_sendTransaction
eth_accounts
eth_chainId

    Transaction: 0x176402c9882a8b94772e1719950b2942953d85cf73cebbd9b6d9a7714fd7619e
    Gas used: 262832

    Block Number: 23
    Block Hash: 0xb7dbcfdb4208f5439e639d43162469ce0fcfc5d4c08bdacd67df768060c80391
    Block Time: "Fri, 7 Aug 2026 20:14:08 +0000"

eth_getTransactionReceipt
eth_getBlockByNumber
eth_getBlockByNumber
eth_chainId
eth_chainId
eth_estimateGas
eth_chainId
eth_getBlockByNumber
eth_sendTransaction
eth_accounts

    Transaction: 0xe2e760ae15174e51493fc136815dafe57dec420d98359f8ba6c2dd34baf7bdab
    Gas used: 245732

    Block Number: 24
    Block Hash: 0x94642ad989479e5a5f4d092be1bc4fd62051e38c8e8c8ccfb3e1ae832db66485
    Block Time: "Fri, 7 Aug 2026 20:36:27 +0000"

eth_chainId
eth_getTransactionReceipt
eth_getBlockByNumber
eth_getBlockByNumber
eth_chainId
eth_chainId
eth_estimateGas
eth_chainId
eth_getBlockByNumber
eth_sendTransaction
eth_accounts

    Transaction: 0x165e7eef7bd941e2bc8d7a02ea7c87a11ba1a803ff35df254a10da51148fb94a
    Gas used: 245732

    Block Number: 25
    Block Hash: 0x68aa4eda7e7766b0ffa0111166f81152f46b1ca45cc9813824817767e257e968
    Block Time: "Fri, 7 Aug 2026 21:29:51 +0000"

eth_chainId
eth_getTransactionReceipt
eth_getBlockByNumber
eth_getBlockByNumber
eth_chainId
eth_chainId
eth_estimateGas
eth_chainId
eth_getBlockByNumber
eth_sendTransaction
eth_accounts

    Transaction: 0xa1da179bc7ee86dd46dbdc66c58ea974ff6b3fcdc337f186ce8dda4a40cd331d
    Gas used: 245792

    Block Number: 26
    Block Hash: 0xb90f5ca32518b35afa3c16a2f4ca8e880e41e74f1bf3f0673255e84bfb41fd09
    Block Time: "Fri, 7 Aug 2026 21:29:52 +0000"

eth_chainId
eth_getTransactionReceipt
eth_getBlockByNumber
eth_chainId
eth_call
eth_chainId
web3_clientVersion
eth_chainId
eth_accounts
eth_getBlockByNumber
eth_chainId
eth_chainId
eth_estimateGas
eth_chainId
eth_getBlockByNumber
eth_sendTransaction
eth_accounts

    Transaction: 0xda14519a269acf8175b85098eb1443816fa3789c7d1f1697146bc8083cf6e49b
    Contract created: 0x7a2088a1bFc9d81c55368AE168C2C02570cB814F
    Gas used: 1431133

    Block Number: 27
    Block Hash: 0xbf222ff4d9e59cf78e79312668695615d863ff893f2a68e7840a2fa6d8b6bfe5
    Block Time: "Fri, 7 Aug 2026 21:37:41 +0000"

eth_chainId
eth_getTransactionReceipt
eth_getBlockByNumber
eth_chainId
eth_chainId
eth_estimateGas
eth_chainId
eth_getBlockByNumber
eth_sendTransaction
eth_accounts

    Transaction: 0xb46c730a9a3a3b3d5f6698c55fdf08e8d98d0b4e56d97578ed4d5c8650d4ad37
    Gas used: 325691

    Block Number: 28
    Block Hash: 0x7cbb6e12e5811d4ce4ccefa4bdc0f7f8a584ce07a6d740ba081a215b81eefb35
    Block Time: "Fri, 7 Aug 2026 21:45:14 +0000"

eth_chainId
eth_getTransactionReceipt
eth_getBlockByNumber
eth_getBlockByNumber
eth_chainId
eth_chainId
eth_estimateGas
eth_chainId
eth_getBlockByNumber
eth_sendTransaction
eth_accounts

    Transaction: 0x02a777545e40b584422d2cb534108c355630838229d10a1b5e6209e2c737197c
    Gas used: 311391

    Block Number: 29
    Block Hash: 0xdac69cbc79b22d15ac91e22179f11843037420ad2e62b5264eaf5b4a0b3657f4
    Block Time: "Fri, 7 Aug 2026 21:52:49 +0000"

eth_chainId
eth_getTransactionReceipt
eth_getBlockByNumber
eth_getBlockByNumber
eth_chainId
eth_chainId
eth_estimateGas
eth_chainId
eth_getBlockByNumber
eth_sendTransaction
eth_accounts

    Transaction: 0x20295becbc2c0bf3a58f643dc6c04df8c62677587899813bfe686ef77702e4e2
    Gas used: 311391

    Block Number: 30
    Block Hash: 0x13e4751777f2c6d0e383547e417b0f426e691de280b61ccbb8c2e0ada116e4f2
    Block Time: "Fri, 7 Aug 2026 22:00:30 +0000"

eth_chainId
eth_getTransactionReceipt
eth_getBlockByNumber
eth_getBlockByNumber
eth_chainId
eth_chainId
eth_estimateGas
eth_chainId
eth_getBlockByNumber
eth_sendTransaction
eth_accounts

    Transaction: 0x61f506d5636dd7d2bd83cead6a2bdacde2bc3a4054d513ede073fc6638d35b56
    Gas used: 311451

    Block Number: 31
    Block Hash: 0x21da5e98b23884b7fcc6cf1603753a83015f929a1b3c46414496758bd0f162d4
    Block Time: "Fri, 7 Aug 2026 22:00:33 +0000"

eth_chainId
eth_getTransactionReceipt
eth_getBlockByNumber
eth_getBlockByNumber
eth_chainId
eth_chainId
eth_estimateGas
eth_chainId
eth_getBlockByNumber
eth_sendTransaction
eth_accounts

    Transaction: 0x1cbfcb722859422a08dc65407a614af1b9142146b9319e12ec8395701be931fd
    Gas used: 328491

    Block Number: 32
    Block Hash: 0xcbd77207ad8b93ce81d504e68076b1c5d40cc3131ad3e3a64ade654095ac9d58
    Block Time: "Fri, 7 Aug 2026 22:14:21 +0000"

eth_chainId
eth_getTransactionReceipt
eth_getBlockByNumber
eth_getBlockByNumber
eth_chainId
eth_chainId
eth_estimateGas
eth_chainId
eth_getBlockByNumber
eth_sendTransaction
eth_accounts

    Transaction: 0x0cd47a79d6aa98647eb406e8b43dfe4b88a0a011b5a610640d9800a402a08fde
    Gas used: 311391

    Block Number: 33
    Block Hash: 0x10166567434a5bff00978eaf18c40a59109fcf535f548545cf686f94bcb42c54
    Block Time: "Fri, 7 Aug 2026 22:22:24 +0000"

eth_chainId
eth_getTransactionReceipt
eth_getBlockByNumber
eth_getBlockByNumber
eth_chainId
eth_chainId
eth_estimateGas
eth_chainId
eth_getBlockByNumber
eth_sendTransaction
eth_accounts

    Transaction: 0x9ac80c51bc28d6db46be4fa25486eee9e05fb56a907937d4c449dd96ba1634ec
    Gas used: 311391

    Block Number: 34
    Block Hash: 0x5af77af0d86347c77339c5e22a20a1f7cf4cd0a1dc58d9b7320902b3f81d6bc0
    Block Time: "Fri, 7 Aug 2026 22:33:11 +0000"

eth_chainId
eth_getTransactionReceipt
eth_getBlockByNumber
eth_getBlockByNumber
eth_chainId
eth_chainId
eth_estimateGas
eth_chainId
eth_getBlockByNumber
eth_sendTransaction
eth_accounts

    Transaction: 0x66cc01e7a08fa6e99a71d6597601bf2c06892ca984499c8367d982e7201a38d9
    Gas used: 311451

    Block Number: 35
    Block Hash: 0xbe3c3fabfd107fd5d8714f708257310ede1b4d30573a6d344f2553a0f918b30b
    Block Time: "Fri, 7 Aug 2026 22:33:14 +0000"

eth_chainId
eth_getTransactionReceipt
eth_getBlockByNumber
eth_getBlockByNumber
eth_chainId
eth_chainId
eth_estimateGas
eth_chainId
eth_getBlockByNumber
eth_sendTransaction
eth_accounts

    Transaction: 0x7520cfe8ca272ca106fed79c38f9544ced350d399b3b73c4b29ce699594948a0
    Gas used: 328491

    Block Number: 36
    Block Hash: 0x0fe9fd85ff6bbf5de7236dc5532838ddff17b09e93b011d7f21858df8bd1f894
    Block Time: "Fri, 7 Aug 2026 23:37:20 +0000"

eth_chainId
eth_getTransactionReceipt
eth_getBlockByNumber
eth_getBlockByNumber
eth_chainId
eth_chainId
eth_estimateGas
eth_chainId
eth_getBlockByNumber
eth_sendTransaction
eth_accounts

    Transaction: 0x66ab5785df9747bf4cd432658117d54e3d57f1c9a7e9b96efc658dc91137667a
    Gas used: 311391

    Block Number: 37
    Block Hash: 0x4048c1b7b7fe01611481fa479693cb7e3c4946f11201552aa06a55f04e1e0368
    Block Time: "Sat, 8 Aug 2026 00:01:21 +0000"

eth_chainId
eth_getTransactionReceipt
eth_getBlockByNumber
eth_getBlockByNumber
eth_chainId
eth_chainId
eth_estimateGas
eth_chainId
eth_getBlockByNumber
eth_sendTransaction
eth_accounts

    Transaction: 0x16353199e0835c291582f54a45be7e50600b69ff2153f298d8eae5bcda847f95
    Gas used: 311391

    Block Number: 38
    Block Hash: 0x68592a40a68151c1c241a5e1dd560900c58d22f683aeb6e1d2f09c7eb111cdc4
    Block Time: "Sat, 8 Aug 2026 00:57:05 +0000"

eth_chainId
eth_getTransactionReceipt
eth_getBlockByNumber
eth_getBlockByNumber
eth_chainId
eth_chainId
eth_estimateGas
eth_chainId
eth_getBlockByNumber
eth_sendTransaction
eth_accounts

    Transaction: 0x51052940b913c6c2cae1ae206fcc4119ed42e02969081dd307d08311c886c773
    Gas used: 311451

    Block Number: 39
    Block Hash: 0x0264d2f4ab4ec7a081bd4a69b1c785d28a6dffdad803627e865076d42a6befe2
    Block Time: "Sat, 8 Aug 2026 00:57:08 +0000"

eth_chainId
eth_getTransactionReceipt
eth_getBlockByNumber
eth_chainId
eth_call
eth_chainId
web3_clientVersion
eth_chainId
eth_accounts
eth_getBlockByNumber
eth_chainId
eth_chainId
eth_estimateGas
eth_chainId
eth_getBlockByNumber
eth_sendTransaction
eth_accounts
eth_chainId

    Transaction: 0xd852be5692ffcb1718335db827be474f5047383863503d5cf03512de82167096
    Contract created: 0x998abeb3E57409262aE5b751f60747921B33613E
    Gas used: 1431133

    Block Number: 40
    Block Hash: 0x610403702a6873f40041d9e11a575a8d06c9a394e997edb5861ffeb331a972a6
    Block Time: "Sat, 8 Aug 2026 11:29:45 +0000"

eth_getTransactionReceipt
eth_getBlockByNumber
eth_chainId
eth_chainId
eth_estimateGas
eth_chainId
eth_getBlockByNumber
eth_sendTransaction
eth_accounts

    Transaction: 0x662b1320ac2366c2b9a3eee7c5781cad50f7def550a08faa6967c90a2a533d9e
    Gas used: 260032

    Block Number: 41
    Block Hash: 0x6927d430bcf82c8bf7c3c0bdcdfe66371bebe86e62a40c1eda0dc528562db5d4
    Block Time: "Sat, 8 Aug 2026 11:37:26 +0000"

eth_chainId
eth_getTransactionReceipt
eth_getBlockByNumber
eth_getBlockByNumber
eth_chainId
eth_chainId
eth_estimateGas
eth_chainId
eth_getBlockByNumber
eth_sendTransaction
eth_accounts

    Transaction: 0x38e096798ab1f4e1f1eedcdb1d39049783242cd73feb462f0065c9d6f862939d
    Gas used: 245732

    Block Number: 42
    Block Hash: 0xe1ee87695a0df085317a4b209cc12fc2b682104d1de0f48403c6dde98f06ba12
    Block Time: "Sat, 8 Aug 2026 11:45:09 +0000"

eth_chainId
eth_getTransactionReceipt
eth_getBlockByNumber
eth_getBlockByNumber
eth_chainId
eth_chainId
eth_estimateGas
eth_chainId
eth_getBlockByNumber
eth_sendTransaction
eth_accounts
eth_chainId

    Transaction: 0x9ffd192e3211f426c50c25a5840fc8aad52947b34ff92e02ce1a20c199a247be
    Gas used: 245732

    Block Number: 43
    Block Hash: 0x507db818b3dcc0f25312bc3b3426de4ff60f1102ddfec6a34ea7bd528ab14f6f
    Block Time: "Sat, 8 Aug 2026 11:53:00 +0000"

eth_getTransactionReceipt
eth_getBlockByNumber
eth_getBlockByNumber
eth_chainId
eth_chainId
eth_estimateGas
eth_chainId
eth_getBlockByNumber
eth_sendTransaction
eth_accounts

    Transaction: 0xf7e8a5ccf98960e04d033b5ad0c02dbcca97f7aa778391418f1ff9dff0b96864
    Gas used: 245792

    Block Number: 44
    Block Hash: 0x62f3133d609d8db58fc7bd8453e0abc4b5ae9ed60600129f9be86ce1c49fd843
    Block Time: "Sat, 8 Aug 2026 11:53:01 +0000"

eth_chainId
eth_getTransactionReceipt
eth_getBlockByNumber
eth_getBlockByNumber
eth_chainId
eth_chainId
eth_estimateGas
eth_chainId
eth_getBlockByNumber
eth_sendTransaction
eth_accounts
eth_chainId

    Transaction: 0xd563adc58561ca11fce2ae49e719d35224a6ec040372184c0a1bc4ad7f2c8eb9
    Gas used: 262832

    Block Number: 45
    Block Hash: 0xef784f1fdde8879b5f5980c9820a997e9fde2bc6e13fcda78f6c25e63527d9d5
    Block Time: "Sat, 8 Aug 2026 12:06:55 +0000"

eth_getTransactionReceipt
eth_getBlockByNumber
eth_getBlockByNumber
eth_chainId
eth_chainId
eth_estimateGas
eth_chainId
eth_getBlockByNumber
eth_sendTransaction
eth_accounts

    Transaction: 0x7eea92b27f48d9d69e6d0bf5b995fb8b503d3ccfd7c337c33436f2e82c1797e4
    Gas used: 245732

    Block Number: 46
    Block Hash: 0x1aa0cd497d3aa6a2f7a60b9de5e3f8ec061a948e39ee8a9ae6482ca0ec999804
    Block Time: "Sat, 8 Aug 2026 12:14:55 +0000"

eth_chainId
eth_getTransactionReceipt
eth_getBlockByNumber
eth_getBlockByNumber
eth_chainId
eth_chainId
eth_estimateGas
eth_chainId
eth_getBlockByNumber
eth_sendTransaction
eth_accounts

    Transaction: 0x5372f9d4c418c9c7c31e6525483a049053be4175468fee611b83c88b6f64415a
    Gas used: 245732

    Block Number: 47
    Block Hash: 0x2d36a17f3b6ca14db6dd5b11de4031eeac859048ff16e55b0dc94448bc2cf70f
    Block Time: "Sat, 8 Aug 2026 12:57:15 +0000"

eth_chainId
eth_getTransactionReceipt
eth_getBlockByNumber
eth_getBlockByNumber
eth_chainId
eth_chainId
eth_estimateGas
eth_chainId
eth_getBlockByNumber
eth_sendTransaction
eth_accounts

    Transaction: 0xa32c9eef3dc0d12399ec0c5dafb529dc8cb234c698f6b133d95af68cacf5c27b
    Gas used: 245792

    Block Number: 48
    Block Hash: 0x6ae2fea72c2e4e16d5c2ff7b9982d4d51449b4d57193d9697f6a79ad379d42cb
    Block Time: "Sat, 8 Aug 2026 12:57:15 +0000"

eth_chainId
eth_getTransactionReceipt
eth_getBlockByNumber
eth_getBlockByNumber
eth_chainId
eth_chainId
eth_estimateGas
eth_chainId
eth_getBlockByNumber
eth_sendTransaction
eth_accounts
eth_chainId

    Transaction: 0x694bc7f06c4629dd2dd821329601fae697ae067e7ea4981227322ba3f6a70478
    Gas used: 262832

    Block Number: 49
    Block Hash: 0xeb5c4c8da727d20b88e30d779e2ac6bc773fec448062855ebc500c0e8467be9f
    Block Time: "Sat, 8 Aug 2026 13:53:13 +0000"

eth_getTransactionReceipt
eth_getBlockByNumber
eth_getBlockByNumber
eth_chainId
eth_chainId
eth_estimateGas
eth_chainId
eth_getBlockByNumber
eth_sendTransaction
eth_accounts

    Transaction: 0x6494eb7b54e25fa1bc4f73488dd620df6cef7900f6a5ea1ae35f07a5d73af8fc
    Gas used: 245732

    Block Number: 50
    Block Hash: 0xa738b3a145647395750c6f5989d38e30ef1fa7f6fb6482bf6aaea0fd7b904b9a
eth_chainId
    Block Time: "Sat, 8 Aug 2026 15:04:04 +0000"

eth_getTransactionReceipt
eth_getBlockByNumber
eth_getBlockByNumber
eth_chainId
eth_chainId
eth_estimateGas
eth_chainId
eth_getBlockByNumber
eth_sendTransaction
eth_accounts

    Transaction: 0x1b667d3dcd2bc99f0a28b0315b4b0ec88886fc7f813bb0dbf818987df1c36571
    Gas used: 245732

    Block Number: 51
    Block Hash: 0x254ef5ade3a23f731696902153bb875669ef1d69dc587a7e8a0f59a1de63f5a6
    Block Time: "Sat, 8 Aug 2026 16:04:30 +0000"

eth_chainId
eth_getTransactionReceipt
eth_getBlockByNumber
eth_getBlockByNumber
eth_chainId
eth_chainId
eth_estimateGas
eth_chainId
eth_getBlockByNumber
eth_sendTransaction
eth_accounts

    Transaction: 0x5816c01277709c620b7e873ab23a60ab654cb897c417b25ffcacb6d4b56b9c0c
    Gas used: 245792

    Block Number: 52
    Block Hash: 0x2eb0afed32208bf8bed205a35cd29c6faa88f9b0689ce11c78add4503937561a
    Block Time: "Sat, 8 Aug 2026 16:04:30 +0000"

eth_chainId
eth_getTransactionReceipt
eth_getBlockByNumber
eth_chainId
eth_call
eth_chainId
web3_clientVersion
eth_chainId
eth_accounts
eth_getBlockByNumber
eth_chainId
eth_chainId
eth_estimateGas
eth_chainId
eth_getBlockByNumber
eth_sendTransaction
eth_accounts

    Transaction: 0x070d08141a7dfdaf994b06f6ec7619261a9410e57082ad9bfe8b318c317f84f7
    Contract created: 0xb7278A61aa25c888815aFC32Ad3cC52fF24fE575
    Gas used: 1431133

eth_chainId
    Block Number: 53
    Block Hash: 0x31b974b9c21648af74b05c5ba5c1fb1bd5e19bc7d2b2356812db49538f5801b2
    Block Time: "Sat, 8 Aug 2026 16:12:36 +0000"

eth_getTransactionReceipt
eth_getBlockByNumber
eth_chainId
eth_chainId
eth_estimateGas
eth_chainId
eth_getBlockByNumber
eth_sendTransaction
eth_accounts
eth_chainId

    Transaction: 0xc18e280ee72426371201ec0da3bb98f438359e127300aedfa83a6c6bdb456414
    Gas used: 325691

    Block Number: 54
    Block Hash: 0x7551ad12cb93c5d3f2293af286788c2e03dbacaefa489aa32bc713ffc070c5d8
    Block Time: "Sat, 8 Aug 2026 16:20:18 +0000"

eth_getTransactionReceipt
eth_getBlockByNumber
eth_getBlockByNumber
eth_chainId
eth_chainId
eth_estimateGas
eth_chainId
eth_getBlockByNumber
eth_sendTransaction
eth_accounts
eth_chainId

    Transaction: 0x11c626b7793b6ce495e3f7403984997d4a322cc0d1f2cfaba53c4f9f69ab3453
    Gas used: 311391

    Block Number: 55
    Block Hash: 0xab012c7a5e8d3d7f862eb31fcd71f6801b7f64a485826a656f0e861b826f3708
    Block Time: "Sat, 8 Aug 2026 16:28:03 +0000"

eth_getTransactionReceipt
eth_getBlockByNumber
eth_getBlockByNumber
eth_chainId
eth_chainId
eth_estimateGas
eth_chainId
eth_getBlockByNumber
eth_sendTransaction
eth_accounts
eth_chainId
eth_getTransactionReceipt

    Transaction: 0x1ea17c112f11c3449d8dbd4c5ba027776a35c3968526c797acd24f4657ae9ed7
    Gas used: 311391

    Block Number: 56
    Block Hash: 0xbf6d763ee27f7ec8324ed58587ee79aee8cfd8b7571079d53a6178770237ec27
    Block Time: "Sat, 8 Aug 2026 16:35:57 +0000"

eth_getBlockByNumber
eth_getBlockByNumber
eth_chainId
eth_chainId
eth_estimateGas
eth_chainId
eth_getBlockByNumber
eth_sendTransaction
eth_accounts

    Transaction: 0x04d21e95d3670ee801173320a1284437bcd8d2e583caf3f13d9d8a0ea093d8fd
    Gas used: 311451

eth_chainId
    Block Number: 57
    Block Hash: 0x7a6e84c0c3b3cb2fa497f7e8d403e111c1e4f7560be0d36bbd348447766f40ca
    Block Time: "Sat, 8 Aug 2026 16:36:00 +0000"

eth_getTransactionReceipt
eth_getBlockByNumber
eth_getBlockByNumber
eth_chainId
eth_chainId
eth_estimateGas
eth_chainId
eth_getBlockByNumber
eth_sendTransaction
eth_accounts

eth_chainId
    Transaction: 0x24c54550c11fa8c993d15aa6c7db82e852fc2e1e69ec079416b3c8beeb8c90a0
    Gas used: 328491

    Block Number: 58
    Block Hash: 0xa88e5ab550b195ab4960049f80200f56c78d36c1caa571d66e92fb500185b148
    Block Time: "Sat, 8 Aug 2026 16:49:53 +0000"

eth_getTransactionReceipt
eth_getBlockByNumber
eth_getBlockByNumber
eth_chainId
eth_chainId
eth_estimateGas
eth_chainId
eth_getBlockByNumber
eth_sendTransaction
eth_accounts

    Transaction: 0x3a7ba560b9561d17e2dda91bca0ff0b35f924cec92c22b6412a5a8af3575078e
    Gas used: 311391

    Block Number: 59
    Block Hash: 0x67c61f940c3afa5dd53bb5f6b96bc18be82730e45a449ff7c0d11f4bccc4193e
    Block Time: "Sat, 8 Aug 2026 16:57:59 +0000"

eth_chainId
eth_getTransactionReceipt
eth_getBlockByNumber
eth_getBlockByNumber
eth_chainId
eth_chainId
eth_estimateGas
eth_chainId
eth_getBlockByNumber
eth_sendTransaction
eth_accounts
eth_chainId

    Transaction: 0x726b143e34b3461b6e8fe95d02d30ae55a22d8f1a4a95630841be6980e71563d
    Gas used: 311391

    Block Number: 60
    Block Hash: 0xb1686b52ad3b8079dbda0486603cb254509840e51b791041f1ed8592c1e9abe7
    Block Time: "Sat, 8 Aug 2026 17:41:42 +0000"

eth_getTransactionReceipt
eth_getBlockByNumber
eth_getBlockByNumber
eth_chainId
eth_chainId
eth_estimateGas
eth_chainId
eth_getBlockByNumber
eth_sendTransaction
eth_accounts
eth_chainId

    Transaction: 0xd127e95a940000b999dfe9150a34829ab2183197927b3ae8c0a6cee159291806
    Gas used: 311451

    Block Number: 61
    Block Hash: 0x4c1c1c62b3fcd395d66fb3e3ddeb54556b59c77f7de74582f8ed881082e8bd60
    Block Time: "Sat, 8 Aug 2026 17:41:45 +0000"

eth_getTransactionReceipt
eth_getBlockByNumber
eth_getBlockByNumber
eth_chainId
eth_chainId
eth_estimateGas
eth_chainId
eth_getBlockByNumber
eth_sendTransaction
eth_accounts
eth_chainId

    Transaction: 0xf3e99685eccd6b1846defe9fcca1c75bd79d284d547b81ed76bd74c13e856eda
    Gas used: 328491

    Block Number: 62
    Block Hash: 0x01de34e2246e65762f341c05f577bf77f805f4dd3b6fcc91b598e55cfb569794
    Block Time: "Sat, 8 Aug 2026 18:40:54 +0000"

eth_getTransactionReceipt
eth_getBlockByNumber
eth_getBlockByNumber
eth_chainId
eth_chainId
eth_estimateGas
eth_chainId
eth_getBlockByNumber
eth_sendTransaction
eth_accounts
eth_chainId

    Transaction: 0x44070d7b95fb8551d19924cb87bd7eb3274685cd0f9a3358c01c4fe632247579
    Gas used: 311391

    Block Number: 63
    Block Hash: 0xa59983e3ae92102be88af35b459d03a7be5ca0175d436e15d77fd5b2440aeba4
    Block Time: "Sat, 8 Aug 2026 19:48:30 +0000"

eth_getTransactionReceipt
eth_getBlockByNumber
eth_getBlockByNumber
eth_chainId
eth_chainId
eth_estimateGas
eth_chainId
eth_getBlockByNumber
eth_sendTransaction
eth_accounts

    Transaction: 0x25b50be340b421bcf63deb03fbe66d25471161c1853e2f5acad6eb139baaa1b7
    Gas used: 311391

eth_chainId
    Block Number: 64
    Block Hash: 0x947c34338b6f24f969f0d7acb08939b518372ad0f61d4bafff19dc1496eb20cc
    Block Time: "Sat, 8 Aug 2026 20:47:28 +0000"

eth_getTransactionReceipt
eth_getBlockByNumber
eth_getBlockByNumber
eth_chainId
eth_chainId
eth_estimateGas
eth_chainId
eth_getBlockByNumber
eth_sendTransaction
eth_accounts

    Transaction: 0x47e06b2b2be27ef42746774192089293c80c8966dd1218fd4a41729c5d96f113
    Gas used: 311451

    Block Number: 65
    Block Hash: 0x6045507c51a3918b70b233b2a1dd10666236fcbd23745a7f7f684b9eb2b28bab
    Block Time: "Sat, 8 Aug 2026 20:47:31 +0000"

eth_chainId
eth_getTransactionReceipt
eth_getBlockByNumber
eth_chainId
eth_call
eth_chainId
web3_clientVersion
eth_chainId
eth_accounts
eth_getBlockByNumber
eth_chainId
eth_chainId
eth_estimateGas
eth_chainId
eth_getBlockByNumber
eth_sendTransaction
eth_accounts
eth_chainId
eth_getTransactionReceipt

    Transaction: 0x4d97aa8383d56021d4dae5ee168e1e8b702744358278fff49ab26999c6afcb76
    Contract created: 0x5081a39b8A5f0E35a8D959395a630b68B74Dd30f
    Gas used: 1431133

    Block Number: 66
    Block Hash: 0x050abe36adb7a66ad199e2c72392fed165dadb429e218332776ddc784ac4853d
    Block Time: "Sun, 9 Aug 2026 06:36:55 +0000"

eth_getTransactionReceipt
eth_getBlockByNumber
eth_chainId
eth_chainId
eth_estimateGas
eth_chainId
eth_getBlockByNumber
eth_sendTransaction
eth_accounts
eth_chainId

    Transaction: 0xedc8faefb79b481949360a32c25b37b5f1fa89c80fb21d64e359cee64d66c3b4
    Gas used: 260032

    Block Number: 67
    Block Hash: 0x0959123ac94a33a00b10a0c1a97ae69facbd5c2993f69461f84c747e12d7cda1
    Block Time: "Sun, 9 Aug 2026 06:44:19 +0000"

eth_getTransactionReceipt
eth_getBlockByNumber
eth_getBlockByNumber
eth_chainId
eth_chainId
eth_estimateGas
eth_chainId
eth_getBlockByNumber
eth_sendTransaction
eth_accounts
eth_chainId

    Transaction: 0x2b5643157f0f68b4ed2945306e477d54799abe3be75b7f6ec98c6954d10da938
    Gas used: 245732

    Block Number: 68
    Block Hash: 0x3687a0d3ebd1bf0efe3c587f9a05a084358d6214286104a7105c2c4b34ffafc9
    Block Time: "Sun, 9 Aug 2026 06:51:49 +0000"

eth_getTransactionReceipt
eth_getBlockByNumber
eth_getBlockByNumber
eth_chainId
eth_chainId
eth_estimateGas
eth_chainId
eth_getBlockByNumber
eth_sendTransaction
eth_accounts
eth_chainId

    Transaction: 0x60d415cc08339641198afdbdb0261fc6969fa3208b27490a4026a1ef8233c796
    Gas used: 245732

eth_getTransactionReceipt
    Block Number: 69
    Block Hash: 0xf3adb4a18837507d73bcde95c05c8250fe46ece7ed09f41cf0a733f3bb7793f6
    Block Time: "Sun, 9 Aug 2026 06:59:20 +0000"

eth_getBlockByNumber
eth_getBlockByNumber
eth_chainId
eth_chainId
eth_estimateGas
eth_chainId
eth_getBlockByNumber
eth_sendTransaction
eth_accounts
eth_chainId

    Transaction: 0x556115f2ba0b696774752fb727d996f8d4f30cd99ac1e55fa0b07638c1344508
    Gas used: 245792

    Block Number: 70
    Block Hash: 0x447d2f364b25d819b1d83b311067da26c8c729b578736ca904b76fd96661a09f
    Block Time: "Sun, 9 Aug 2026 06:59:20 +0000"

eth_getTransactionReceipt
eth_getBlockByNumber
eth_getBlockByNumber
eth_chainId
eth_chainId
eth_estimateGas
eth_chainId
eth_getBlockByNumber
eth_sendTransaction
eth_accounts
eth_chainId

    Transaction: 0xb598bfc8c0c2d8b32511b7e03d8f4b92aef12b41bfa4623accc1f9fbe9f51a1d
    Gas used: 262832

    Block Number: 71
    Block Hash: 0x4f583737e1766f3de66b2d7511805f57b4f3e00579243157c6254dfc13cd029d
    Block Time: "Sun, 9 Aug 2026 07:12:24 +0000"

eth_getTransactionReceipt
eth_getBlockByNumber
eth_getBlockByNumber
eth_chainId
eth_chainId
eth_estimateGas
eth_chainId
eth_getBlockByNumber
eth_sendTransaction
eth_accounts
eth_chainId

    Transaction: 0x6f09fa16de77060245fb51675f621e6e611e06ddc1b5c89784b5b95131ec1def
    Gas used: 245732

    Block Number: 72
    Block Hash: 0x57787675e04ca7f39ca0caf420e5b3c94d4dac21fcfb988664cb3f09e6b6e756
    Block Time: "Sun, 9 Aug 2026 07:20:08 +0000"

eth_getTransactionReceipt
eth_getBlockByNumber
eth_getBlockByNumber
eth_chainId
eth_chainId
eth_estimateGas
eth_chainId
eth_getBlockByNumber
eth_sendTransaction
eth_accounts
eth_chainId
eth_getTransactionReceipt

    Transaction: 0xafd0d8bd485251daa82b13e0eaeb3c72dfec7572020e0e51f8e33d870ccc5b2a
    Gas used: 245732

    Block Number: 73
    Block Hash: 0x65f1fefdae2035672137d05c3b409c2fb78e65921a96ce02447d8c9d28e8721a
    Block Time: "Sun, 9 Aug 2026 08:13:45 +0000"

eth_getBlockByNumber
eth_getBlockByNumber
eth_chainId
eth_chainId
eth_estimateGas
eth_chainId
eth_getBlockByNumber
eth_sendTransaction
eth_accounts
eth_chainId

    Transaction: 0x025dc4a515817689933527c099227a7373cdc4de10eb2bc8f0465deec2f4b552
    Gas used: 245792

    Block Number: 74
    Block Hash: 0xa01640afb7d16840f03d1bfed2f5f664dfc741bbd1249f7ff27171cff48d1bb4
    Block Time: "Sun, 9 Aug 2026 08:13:46 +0000"

eth_getTransactionReceipt
eth_getBlockByNumber
eth_getBlockByNumber
eth_chainId
eth_chainId
eth_estimateGas
eth_chainId
eth_getBlockByNumber
eth_sendTransaction
eth_accounts
eth_chainId

    Transaction: 0x4961a7b24cf413a814365610d2a0582670730a4e189b8ec6d671b8fe67ef10a1
    Gas used: 262832

    Block Number: 75
    Block Hash: 0x89e1438ae937e603ec660a16f609e21c972977e503a82c28ba77d1009ce849cd
    Block Time: "Sun, 9 Aug 2026 09:04:54 +0000"

eth_getTransactionReceipt
eth_getBlockByNumber
eth_getBlockByNumber
eth_chainId
eth_chainId
eth_estimateGas
eth_chainId
eth_getBlockByNumber
eth_sendTransaction
eth_accounts
eth_chainId

    Transaction: 0xf45e6ee6e5db4ecdb1f3e05d2c612165bb207645f45f4f0907f3da578360080f
    Gas used: 245732

    Block Number: 76
    Block Hash: 0x1f354d5c0628ade5b8b90943c8f25603d46675619ba5d1380bfe8a95e2d029f1
    Block Time: "Sun, 9 Aug 2026 10:08:34 +0000"

eth_getTransactionReceipt
eth_getBlockByNumber
eth_chainId
web3_clientVersion
eth_chainId
eth_accounts
eth_getBlockByNumber
eth_chainId
eth_chainId
eth_estimateGas
eth_chainId
eth_getBlockByNumber
eth_sendTransaction
eth_accounts
eth_chainId
eth_getTransactionReceipt

    Transaction: 0x0b412c95d338a56070a003afd14b1883aa51442b51db284505ef49eaf5b091e4
    Contract created: 0x8198f5d8F8CfFE8f9C413d98a0A55aEB8ab9FbB7
    Gas used: 1431133

    Block Number: 77
    Block Hash: 0xfcef9b981be841a0353cf303a4f41bd961f712695fd8c93bf1fcb061b22bad75
    Block Time: "Sun, 9 Aug 2026 11:21:42 +0000"

eth_getTransactionReceipt
eth_getBlockByNumber
eth_chainId
eth_chainId
eth_estimateGas
eth_chainId
eth_getBlockByNumber
eth_sendTransaction
eth_accounts
eth_chainId

    Transaction: 0xe59e99f9b6a0e9ed54002f7f3a0f8dc31abfdad33a5101f7b59c428d3d28a632
    Gas used: 325691

    Block Number: 78
    Block Hash: 0xe99444aac6bccdcfa94d4a2549eeac6e224bfe8a40b9e6be5c83028cbbda01cd
    Block Time: "Sun, 9 Aug 2026 11:21:43 +0000"

eth_getTransactionReceipt
eth_getBlockByNumber
eth_getBlockByNumber
eth_chainId
eth_chainId
eth_estimateGas
eth_chainId
eth_getBlockByNumber
eth_sendTransaction
eth_accounts
eth_chainId

    Transaction: 0x623fde8415f28e7edc5e4223820582433aeb8671e0dd875522fe01e6d83c3403
    Gas used: 311391

    Block Number: 79
    Block Hash: 0x88c8a8c1c8897deb08821720fb1d61deb74a593e96ed2a531fb08c7353abf626
    Block Time: "Sun, 9 Aug 2026 11:21:44 +0000"

eth_getTransactionReceipt
eth_getBlockByNumber
eth_getBlockByNumber
eth_chainId
eth_chainId
eth_estimateGas
eth_chainId
eth_getBlockByNumber
eth_sendTransaction
eth_accounts
eth_chainId

    Transaction: 0x7081cd98e1aa86687827ef50d0e1a8285ef620e450c77e3a7972e56ff2e3b567
    Gas used: 311391

    Block Number: 80
    Block Hash: 0xb3a8b04ca3c83dfda035b18bf7ed68cc66c4047a71ba806397a2a92bd89fc7a3
    Block Time: "Sun, 9 Aug 2026 11:21:44 +0000"

eth_getTransactionReceipt
eth_getBlockByNumber
eth_getBlockByNumber
eth_chainId
eth_chainId
eth_estimateGas
eth_chainId
eth_getBlockByNumber
eth_sendTransaction
eth_accounts
eth_chainId

    Transaction: 0x1f29b751db43e987c5a667146243067b688bb2fd2aed57a999517ae9a6a63717
    Gas used: 311451

    Block Number: 81
    Block Hash: 0xfba239b779fa5eedc35b964a8c06295056845e4586813f322952a7cf4a0c8e58
    Block Time: "Sun, 9 Aug 2026 11:21:45 +0000"

eth_getTransactionReceipt
eth_getBlockByNumber
eth_getBlockByNumber
eth_chainId
eth_chainId
eth_estimateGas
eth_chainId
eth_getBlockByNumber
eth_sendTransaction
eth_accounts
eth_chainId

    Transaction: 0x1ea07d5fda121ef211c8a9b8f6832259762bbbfa6d1f726bb7cd1b203ee8a779
    Gas used: 328491

    Block Number: 82
    Block Hash: 0x10f32a4c9de6e8813992ae5b668a25845acdff12440138f2bf47273da6b8fc63
    Block Time: "Sun, 9 Aug 2026 11:21:46 +0000"

eth_getTransactionReceipt
eth_getBlockByNumber
eth_getBlockByNumber
eth_chainId
eth_chainId
eth_estimateGas
eth_chainId
eth_getBlockByNumber
eth_sendTransaction
eth_accounts
eth_chainId

    Transaction: 0xfe4511adea8b168aef87aba8b834219c4c5a28d7b8509d6b66ff9158396785b9
    Gas used: 311391

    Block Number: 83
    Block Hash: 0xff13c4354e9c15576a291de42383b82e75c9b4d900e3049e1a2a90957490dca8
    Block Time: "Sun, 9 Aug 2026 11:21:47 +0000"

eth_getTransactionReceipt
eth_getBlockByNumber
eth_getBlockByNumber
eth_chainId
eth_chainId
eth_estimateGas
eth_chainId
eth_getBlockByNumber
eth_sendTransaction
eth_accounts
eth_chainId

    Transaction: 0x42555e1af47a7988e5207c8c04a18a2be5f6629ad2494b68b0b09fd2eb0890b3
    Gas used: 311391

    Block Number: 84
    Block Hash: 0x1a26124c7f593061877adb58a16a31730ecd6a6c369e6ee819badae22866db86
    Block Time: "Sun, 9 Aug 2026 11:21:48 +0000"

eth_getTransactionReceipt
eth_getBlockByNumber
eth_getBlockByNumber
eth_chainId
eth_chainId
eth_estimateGas
eth_chainId
eth_getBlockByNumber
eth_sendTransaction
eth_accounts
eth_chainId

    Transaction: 0xb98b830181c5d3964ee3cf8e4a1661b695eef539640940522553750d768184ab
    Gas used: 311451

    Block Number: 85
    Block Hash: 0x3657bef2c65e408e26e4473b1dacd8bff8ca555387ffb4062d0715b9784308a8
    Block Time: "Sun, 9 Aug 2026 11:21:48 +0000"

eth_getTransactionReceipt
eth_getBlockByNumber
eth_getBlockByNumber
eth_chainId
eth_chainId
eth_estimateGas
eth_chainId
eth_getBlockByNumber
eth_sendTransaction
eth_accounts
eth_chainId
eth_getTransactionReceipt

    Transaction: 0x413084223e8da8ae1cc8ac11164c34281ce6c1f6211ba6d37424fed5c83a419d
    Gas used: 328491

    Block Number: 86
    Block Hash: 0x5e1e69af6efed8a15c311e64008e47fe1137ff931d15dd23c660ba06ccdd79a4
    Block Time: "Sun, 9 Aug 2026 11:21:49 +0000"

eth_getTransactionReceipt
eth_getBlockByNumber
eth_getBlockByNumber
eth_chainId
eth_chainId
eth_estimateGas
eth_chainId
eth_getBlockByNumber
eth_sendTransaction
eth_accounts
eth_chainId

    Transaction: 0x93f63adadba7179d2b7b34f4aad52bb4bd2e434ae24e7ec752822ad4389a4017
    Gas used: 311391

    Block Number: 87
    Block Hash: 0x99ed300d2c509999f7a519adc5be50c9a6419016d993cf949d87d1371922f7ad
    Block Time: "Sun, 9 Aug 2026 11:21:50 +0000"

eth_getTransactionReceipt
eth_getBlockByNumber
eth_getBlockByNumber
eth_chainId
eth_chainId
eth_estimateGas
eth_chainId
eth_getBlockByNumber
eth_sendTransaction
eth_accounts

    Transaction: 0xf1c8874d0c75aa4e5ce37b53dc33aa902247c15e2e32c6124094b673c211421e
    Gas used: 311391

    Block Number: 88
    Block Hash: 0x21c545d5e515c4772af882abfa50b1332992042cd7fcbbc717054d6f7fd5361e
    Block Time: "Sun, 9 Aug 2026 11:21:51 +0000"

eth_chainId
eth_getTransactionReceipt
eth_getBlockByNumber
eth_getBlockByNumber
eth_chainId
eth_chainId
eth_estimateGas
eth_chainId
eth_getBlockByNumber
eth_sendTransaction
eth_accounts
eth_chainId

    Transaction: 0x3858d4ceac416765d60144af1dd24bff1267d7f291432094db9b84489b5def3a
    Gas used: 311451

    Block Number: 89
    Block Hash: 0x1dc6f640c50da58379fa3529aebe626068cfb54117289768ec4f72e967937daf
    Block Time: "Sun, 9 Aug 2026 11:21:53 +0000"

eth_getTransactionReceipt
eth_getBlockByNumber
eth_chainId
web3_clientVersion
eth_chainId
eth_accounts
eth_getBlockByNumber
eth_chainId
eth_chainId
eth_estimateGas
eth_chainId
eth_getBlockByNumber
eth_sendTransaction
eth_accounts
eth_chainId

    Transaction: 0xb996f2aef1f6b2bc2d3589c4c80cd9f7aa22cbdd0b50eff04d5aea97d1bebc73
    Contract created: 0x367761085BF3C12e5DA2Df99AC6E1a824612b8fb
    Gas used: 1431133

    Block Number: 90
    Block Hash: 0x798cc35fb33edd88d833899903ce8a6351abcbb9bd3bf2a7cc469ecc61c615fb
    Block Time: "Sun, 9 Aug 2026 11:30:37 +0000"

eth_getTransactionReceipt
eth_getBlockByNumber
eth_chainId
eth_chainId
eth_estimateGas
eth_chainId
eth_getBlockByNumber
eth_sendTransaction
eth_accounts
eth_chainId

    Transaction: 0xae93f33542e6f33b7522b1b995f0116c2f47ade10c2787bffa8b5c34c5c28b5e
    Gas used: 260032

eth_getTransactionReceipt
    Block Number: 91
    Block Hash: 0xde312a0a836396c29c6ba8bb1ea562eb32dc13373c22e09d4485be59e3d550b1
    Block Time: "Sun, 9 Aug 2026 11:41:19 +0000"

eth_getBlockByNumber
eth_getBlockByNumber
eth_chainId
eth_chainId
eth_estimateGas
eth_chainId
eth_getBlockByNumber
eth_sendTransaction
eth_accounts
eth_chainId

    Transaction: 0x69804a72ce2c826d5350795e9f8885ad42a989bf7092af17f4af36890d6c547c
    Gas used: 245792

    Block Number: 92
    Block Hash: 0x3e943033de7a0b5a2615125bafd8b3ebf40ebe542de4cfb4084c5f66e4713c23
    Block Time: "Sun, 9 Aug 2026 11:41:19 +0000"

eth_getTransactionReceipt
eth_getBlockByNumber
eth_chainId
eth_call
eth_chainId
eth_chainId
web3_clientVersion
eth_chainId
eth_accounts
eth_getBlockByNumber
eth_chainId
eth_chainId
eth_estimateGas
eth_chainId
eth_getBlockByNumber
eth_sendTransaction
eth_accounts
eth_chainId

    Transaction: 0x626edb88905612794dc4e1f37c44819ead97a8064c66a2e2e0039ed815d316a4
    Contract created: 0x49fd2BE640DB2910c2fAb69bB8531Ab6E76127ff
    Gas used: 1431133

    Block Number: 93
    Block Hash: 0xcf5425d811a95ba62f480e1ef33c6a7b37c02d2bc243045a56e0937fde843dde
    Block Time: "Sun, 9 Aug 2026 11:54:18 +0000"

eth_getTransactionReceipt
eth_getBlockByNumber
eth_chainId
eth_chainId
eth_estimateGas
eth_chainId
eth_getBlockByNumber
eth_sendTransaction
eth_accounts
eth_chainId

    Transaction: 0xbce0b95eeee691dbd9828431e4d36a0f30e2f4a65535aa4c68f378325d0a1bd6
    Gas used: 325691

    Block Number: 94
    Block Hash: 0xfbc4f963feb1e92cc4c0f8b916b4fc9bba0b9bee0fd431f9a1771ad77292b1de
    Block Time: "Sun, 9 Aug 2026 11:54:19 +0000"

eth_getTransactionReceipt
eth_getBlockByNumber
eth_getBlockByNumber
eth_chainId
eth_chainId
eth_estimateGas
eth_chainId
eth_getBlockByNumber
eth_sendTransaction
eth_accounts
eth_chainId

    Transaction: 0x34162f2d7432fa31fdd9d4398678c560f04241287e0a41a34eb8872966138ff3
    Gas used: 311391

    Block Number: 95
    Block Hash: 0xabc39a095786b59ec6935345ae8d3e53d3da7bb09c33664f6af772786b84190c
    Block Time: "Sun, 9 Aug 2026 11:54:20 +0000"

eth_getTransactionReceipt
eth_getBlockByNumber
eth_getBlockByNumber
eth_chainId
eth_chainId
eth_estimateGas
eth_chainId
eth_getBlockByNumber
eth_sendTransaction
eth_accounts
eth_chainId

    Transaction: 0x9539b66590a37ba198341a573faed260169e087f65f16496cd924ae740d2af6c
    Gas used: 311391

    Block Number: 96
    Block Hash: 0x8fb698bc47d65cd77929e123e92b8e27a880a100d69cee3d6be56a26b96d1772
    Block Time: "Sun, 9 Aug 2026 11:54:21 +0000"

eth_getTransactionReceipt
eth_getBlockByNumber
eth_getBlockByNumber
eth_chainId
eth_chainId
eth_estimateGas
eth_chainId
eth_getBlockByNumber
eth_sendTransaction
eth_accounts
eth_chainId

    Transaction: 0x480165ad4d9c0f693c6b242602e672347b50bbecfea894140386ddb3511efc64
    Gas used: 311451

    Block Number: 97
    Block Hash: 0x4de7e3eb543f14b30c57b5b2126790c84762a8ae2fb797df2a270e6b5434828c
    Block Time: "Sun, 9 Aug 2026 11:54:21 +0000"

eth_getTransactionReceipt
eth_getBlockByNumber
eth_getBlockByNumber
eth_chainId
eth_chainId
eth_estimateGas
eth_chainId
eth_getBlockByNumber
eth_sendTransaction
eth_accounts
eth_chainId

    Transaction: 0xa4a8ca1cc3a06480de40a9c253a225d66aa66daed267be11c1eaaec4c952b5d8
    Gas used: 328491

    Block Number: 98
    Block Hash: 0xb2d8c6de85909af6a903d1d0aef4035810db1b461bda7b722a582c6adc35fd4e
    Block Time: "Sun, 9 Aug 2026 11:54:22 +0000"

eth_getTransactionReceipt
eth_getBlockByNumber
eth_getBlockByNumber
eth_chainId
eth_chainId
eth_estimateGas
eth_chainId
eth_getBlockByNumber
eth_sendTransaction
eth_accounts
eth_chainId

    Transaction: 0xa8d1f772656aa7b35aa10217b1a79a596e1c8a8e5a036f628e04e2f96c13501a
    Gas used: 311391

    Block Number: 99
    Block Hash: 0xffe8bc4a9c03814d519dad241df42ef59b560deba5eee4b34227cdb5a6b635f8
    Block Time: "Sun, 9 Aug 2026 11:54:23 +0000"

eth_getTransactionReceipt
eth_getBlockByNumber
eth_getBlockByNumber
eth_chainId
eth_chainId
eth_estimateGas
eth_chainId
eth_getBlockByNumber
eth_sendTransaction
eth_accounts
eth_chainId

    Transaction: 0x8043d72a819f4becd46db5f8d7bad3dc5bfeb3e0acfa86982c3a7cca1ab48f9f
    Gas used: 311391

    Block Number: 100
    Block Hash: 0x04bba8b45ad96af933b2809c829cd1a2eeadb9e0d1c16d2021bbbf311ae46ac4
    Block Time: "Sun, 9 Aug 2026 11:54:25 +0000"

eth_getTransactionReceipt
eth_getBlockByNumber
eth_getBlockByNumber
eth_chainId
eth_chainId
eth_estimateGas
eth_chainId
eth_getBlockByNumber
eth_sendTransaction
eth_accounts
eth_chainId
eth_getTransactionReceipt

    Transaction: 0xfe73042edd3fa1d63ca013c32e095f3ea69722d6e500f5a06edf21b5c1fe1444
    Gas used: 311451

    Block Number: 101
    Block Hash: 0xf3766f72c24a630e34a234c16ca58f3bb0ce5fc2798f162437c7c0aeef319fed
    Block Time: "Sun, 9 Aug 2026 11:54:26 +0000"

eth_getBlockByNumber
eth_getBlockByNumber
eth_chainId
eth_chainId
eth_estimateGas
eth_chainId
eth_getBlockByNumber
eth_sendTransaction
eth_accounts
eth_chainId
eth_getTransactionReceipt

    Transaction: 0x9afb8a652e071ffedfb4efe0c8fc0e84d619f8147a67e2a90e6d96cc23a58698
    Gas used: 328491

    Block Number: 102
    Block Hash: 0x24a88586d79e10bb017d2d1d8b516c758459fed20344026d912c9a1c653ca4fd
    Block Time: "Sun, 9 Aug 2026 11:54:27 +0000"

eth_getBlockByNumber
eth_getBlockByNumber
eth_chainId
eth_chainId
eth_estimateGas
eth_chainId
eth_getBlockByNumber
eth_sendTransaction
eth_accounts
eth_chainId

    Transaction: 0xd502d9dd289443a983312fb4d995a5a8eb0e79db60c22ef0baed40a6095bd474
    Gas used: 311391

    Block Number: 103
    Block Hash: 0x358b6bbcbd5fbfbf3b9901f9d83fd8c569a9b5847763e4434a1c387656a02705
    Block Time: "Sun, 9 Aug 2026 11:54:28 +0000"

eth_getTransactionReceipt
eth_getBlockByNumber
eth_getBlockByNumber
eth_chainId
eth_chainId
eth_estimateGas
eth_chainId
eth_getBlockByNumber
eth_sendTransaction
eth_accounts
eth_chainId

    Transaction: 0x21d6a3be07bfa9317a473624f3c289f66a0d039b35494aee6920e4565c38a5e0
    Gas used: 311391

    Block Number: 104
    Block Hash: 0x812c65f2ad6d20a4310cc485ed2d5c1def0fd6274865b22a23b38df4c54ccee5
    Block Time: "Sun, 9 Aug 2026 11:54:29 +0000"

eth_getTransactionReceipt
eth_getBlockByNumber
eth_getBlockByNumber
eth_chainId
eth_chainId
eth_estimateGas
eth_chainId
eth_getBlockByNumber
eth_sendTransaction
eth_accounts
eth_chainId

    Transaction: 0x776a3d39ae883a59a5cb7660c33777bc0efec06cce3944f93526b6112e8862e9
    Gas used: 311451

    Block Number: 105
    Block Hash: 0x63044f065093984aab0dda735831185b7363681f3468b8b59be2fb1de38371e1
    Block Time: "Sun, 9 Aug 2026 11:54:30 +0000"

eth_getTransactionReceipt
eth_getBlockByNumber
eth_chainId
eth_call
eth_chainId
web3_clientVersion
eth_chainId
eth_accounts
eth_getBlockByNumber
eth_chainId
eth_chainId
eth_estimateGas
eth_chainId
eth_getBlockByNumber
eth_sendTransaction
eth_accounts
eth_chainId

    Transaction: 0x64f175bb07a219fa58a6440d85ded352a122612aefc6700b7a59f35582244d8f
    Contract created: 0xD5ac451B0c50B9476107823Af206eD814a2e2580
    Gas used: 1431133

    Block Number: 106
    Block Hash: 0x8bec7dfa7a4a862c608104a65ce3e73943c04960a940b6605ece681cd26e9d77
    Block Time: "Sun, 9 Aug 2026 11:54:39 +0000"

eth_getTransactionReceipt
eth_getBlockByNumber
eth_chainId
eth_chainId
eth_estimateGas
eth_chainId
eth_getBlockByNumber
eth_sendTransaction
eth_accounts
eth_chainId

    Transaction: 0xe7a262de1a65a3eea1682ea773252a7f828bf299bfa937d7ce5c6c78cabcca88
    Gas used: 325691

    Block Number: 107
    Block Hash: 0x7d6774f5e572ea827464ce4e9b786642998cf0d0db381c046bc02d6e1496bc91
    Block Time: "Sun, 9 Aug 2026 12:34:27 +0000"

eth_getTransactionReceipt
eth_getBlockByNumber
eth_getBlockByNumber
eth_chainId
eth_chainId
eth_estimateGas
eth_chainId
eth_getBlockByNumber
eth_sendTransaction
eth_accounts
eth_chainId

    Transaction: 0xf003836db62c30c23fc7ee5b4906faaa6f94b773f1e7c8291a821ae21fea6e94
    Gas used: 311391

    Block Number: 108
    Block Hash: 0xde69b86328328d48945a00820ba7459f4ad9b91a3dcb7177a34891e91d17347e
    Block Time: "Sun, 9 Aug 2026 12:42:01 +0000"

eth_getTransactionReceipt
eth_getBlockByNumber
eth_getBlockByNumber
eth_chainId
eth_chainId
eth_estimateGas
eth_chainId
eth_getBlockByNumber
eth_sendTransaction
eth_accounts
eth_chainId

    Transaction: 0x7194b1a5915c52d8773726dac700f5fe3a1af00b44bff29381ad6ddd5396ffdd
    Gas used: 311391

    Block Number: 109
    Block Hash: 0xae18a07635dbe37d03d3f58d6cb740579180114f077e547947ccaa0cf5b32639
    Block Time: "Sun, 9 Aug 2026 12:49:40 +0000"

eth_getTransactionReceipt
eth_getBlockByNumber
eth_getBlockByNumber
eth_chainId
eth_chainId
eth_estimateGas
eth_chainId
eth_getBlockByNumber
eth_sendTransaction
eth_accounts
eth_chainId
eth_getTransactionReceipt

    Transaction: 0x9752e90c3b0426bda4d28f1020915594034d220d9945b73ccc3d8e21b9fb390e
    Gas used: 311451

    Block Number: 110
    Block Hash: 0x23ce19b76bc687bf9c7870ec269a5049f2132ef874d1794e3e81e4843bb1cdd4
    Block Time: "Sun, 9 Aug 2026 12:49:43 +0000"

eth_getTransactionReceipt
eth_getBlockByNumber
eth_getBlockByNumber
eth_chainId
eth_chainId
eth_estimateGas
eth_chainId
eth_getBlockByNumber
eth_sendTransaction
eth_accounts
eth_chainId

    Transaction: 0x583c1fe42d948916b47818930d161fef51978f19215a63d665addd6d51b400ca
    Gas used: 328491

    Block Number: 111
    Block Hash: 0xc12e7f70eab9ea966dca5d990aebfee06f57bfb608a0d95440203172e94a80eb
    Block Time: "Sun, 9 Aug 2026 13:03:03 +0000"

eth_getTransactionReceipt
eth_getBlockByNumber
eth_getBlockByNumber
eth_chainId
eth_chainId
eth_estimateGas
eth_chainId
eth_getBlockByNumber
eth_sendTransaction
eth_accounts
eth_chainId
eth_getTransactionReceipt

    Transaction: 0xf451b3cdaa82e37a900fe36c4e8ea8929b9b9f7900d8c2a6b3c692c20761d7c0
    Gas used: 311391

    Block Number: 112
    Block Hash: 0xc7cd0b65e5c68e011cf25b45d165837845368703018e082e3413d613ec5ea242
    Block Time: "Sun, 9 Aug 2026 13:10:58 +0000"

eth_getTransactionReceipt
eth_getBlockByNumber
eth_getBlockByNumber
eth_chainId
eth_chainId
eth_estimateGas
eth_chainId
eth_getBlockByNumber
eth_sendTransaction
eth_accounts
eth_chainId

    Transaction: 0x3122ae6f5db66c6e9950358dc876b8a7ce996bac1308481bcb2401010c22c661
    Gas used: 311391

eth_getTransactionReceipt
    Block Number: 113
    Block Hash: 0x1aa0d2b1c9b5aaa77f3b308c3dbbb5635fcc542e7376b815e19bc6f07a6e6bd8
    Block Time: "Sun, 9 Aug 2026 14:09:15 +0000"

eth_getBlockByNumber
eth_getBlockByNumber
eth_chainId
eth_chainId
eth_estimateGas
eth_chainId
eth_getBlockByNumber
eth_sendTransaction
eth_accounts
eth_chainId

    Transaction: 0x4e3786f24fe641abdb03ab8fdb6a453585c1edc84fc35c9b997c104f55d092cb
    Gas used: 311451

    Block Number: 114
    Block Hash: 0xa97f6ab4ab28c4fea0004903fb7121bd1e2ce58251315c66ad01277ee5d0fbfa
    Block Time: "Sun, 9 Aug 2026 14:09:18 +0000"

eth_getTransactionReceipt
eth_getBlockByNumber
eth_getBlockByNumber
eth_chainId
eth_chainId
eth_estimateGas
eth_chainId
eth_getBlockByNumber
eth_sendTransaction
eth_accounts
eth_chainId

    Transaction: 0x24ad4c9b42af4b0dd74b5489fadab2d8d81864194d631a2d5098915731035f66
    Gas used: 328491

    Block Number: 115
    Block Hash: 0xedd6c537e026c590a4d73830ba31ed6e66c5124babdd04cd6b76ac7622d4ba46
    Block Time: "Sun, 9 Aug 2026 15:04:43 +0000"

eth_getTransactionReceipt
eth_getBlockByNumber
eth_getBlockByNumber
eth_chainId
eth_chainId
eth_estimateGas
eth_chainId
eth_getBlockByNumber
eth_sendTransaction
eth_accounts
eth_chainId

    Transaction: 0x9b907e3833586bbd24c7567a558c8076c50f1e0d32d750a37ae445788f39ddc2
    Gas used: 311391

    Block Number: 116
    Block Hash: 0x3b09ca3cb6264bc4290fb039eaa0ebcfea848d9c3abc68d5987561c70ed6eabe
    Block Time: "Sun, 9 Aug 2026 16:06:45 +0000"

eth_getTransactionReceipt
eth_getBlockByNumber
eth_getBlockByNumber
eth_chainId
eth_chainId
eth_estimateGas
eth_chainId
eth_getBlockByNumber
eth_sendTransaction
eth_accounts
eth_chainId

    Transaction: 0xca91f3d4fec384eaba4b17074cc164e289539a07ccbe0a5b6b477cfe2dc5b614
    Gas used: 311391

    Block Number: 117
    Block Hash: 0x0d526a15ed4829544cf7363be08590a3a8c635a42df899029c63cb06baf2dac9
    Block Time: "Sun, 9 Aug 2026 16:46:38 +0000"

eth_getTransactionReceipt
eth_getBlockByNumber
eth_getBlockByNumber
eth_chainId
eth_chainId
eth_estimateGas
eth_chainId
eth_getBlockByNumber
eth_sendTransaction
eth_accounts
eth_chainId

    Transaction: 0x06ef1d619255b0c73f946871dc3be38f8a1b45b55f087aca47cb7f08fd04b30f
    Gas used: 311451

    Block Number: 118
    Block Hash: 0x83f66917813c6223d10530cd40edbf2a189df26725eae836fb0f540f9631ec37
    Block Time: "Sun, 9 Aug 2026 16:46:40 +0000"

eth_getTransactionReceipt
eth_getBlockByNumber
eth_chainId
eth_call
eth_chainId
eth_chainId
web3_clientVersion
eth_chainId
eth_accounts
eth_getBlockByNumber
eth_chainId
eth_chainId
eth_estimateGas
eth_chainId
eth_getBlockByNumber
eth_sendTransaction
eth_accounts
eth_chainId

    Transaction: 0x5685d896d6422f1b2bc4220c703b88509ae9eb5cf2420f8a1f9f4ecfbe33eb6b
    Contract created: 0x5bf5b11053e734690269C6B9D438F8C9d48F528A
    Gas used: 1431133

    Block Number: 119
    Block Hash: 0x80f3f925a7da4e8f31c6d3c6111f71976ba650817d07d2d65609eebc676ea929
    Block Time: "Sun, 9 Aug 2026 16:54:36 +0000"

eth_getTransactionReceipt
eth_getBlockByNumber
eth_chainId
eth_chainId
eth_estimateGas
eth_chainId
eth_getBlockByNumber
eth_sendTransaction
eth_accounts
eth_chainId

    Transaction: 0x8cb170a24099dc4084bdb19d6e31127fa6de32d8d64cbdd7acce7730cdac3d15
    Gas used: 260104

    Block Number: 120
    Block Hash: 0x88b5b29b73ac86936928d3e68dbf70d9ad881f18185e8269aac6cdbc1901e875
    Block Time: "Sun, 9 Aug 2026 16:54:36 +0000"

eth_getTransactionReceipt
eth_getBlockByNumber
eth_getBlockByNumber
eth_chainId
eth_chainId
eth_estimateGas
eth_chainId
eth_getBlockByNumber
eth_sendTransaction
eth_accounts
eth_chainId

    Transaction: 0xa5ec04e258866a8cf62a8e48b63e1fdb31ab94c201e60b82ce26c23890864383
    Gas used: 242322

    Block Number: 121
    Block Hash: 0xa31ede0dd2582c2bf2a8d3cfa36fce27af790fd3a11b5e1a67e610bb733afb27
    Block Time: "Sun, 9 Aug 2026 16:54:36 +0000"

eth_getTransactionReceipt
eth_getBlockByNumber
eth_getBlockByNumber
eth_chainId
eth_chainId
eth_estimateGas
eth_chainId
eth_getBlockByNumber
eth_sendTransaction
eth_accounts
eth_chainId

    Transaction: 0xf0855469c3d62ec509cd6bb716f17a4db215b11c763707261b69f8f6fa8ba628
    Gas used: 262904

    Block Number: 122
    Block Hash: 0xc14e595bf758022b478f2fc5142222a946206638f6ce18735a07db66c017e39d
    Block Time: "Sun, 9 Aug 2026 16:54:36 +0000"

eth_getTransactionReceipt
eth_getBlockByNumber
eth_getBlockByNumber
eth_chainId
eth_chainId
eth_estimateGas
eth_chainId
eth_getBlockByNumber
eth_sendTransaction
eth_accounts
eth_chainId

    Transaction: 0x77f006eaf3531937703f0b306146d71d656fa1e8a1a5ef3aab78ce3ef54732b3
    Gas used: 242322

    Block Number: 123
    Block Hash: 0xfa2b9e1b0f944a937b85034112a0a748da89921328781a856af3d20125afaa4f
    Block Time: "Sun, 9 Aug 2026 16:54:36 +0000"

eth_getTransactionReceipt
eth_getBlockByNumber
eth_getBlockByNumber
eth_chainId
eth_chainId
eth_estimateGas
eth_chainId
eth_getBlockByNumber
eth_sendTransaction
eth_accounts
eth_chainId

    Transaction: 0xe0ae01dd9538db1f7d684aa4db224ea0cbaf25d075f76e99aa2a6d5620d84d9f
    Gas used: 242322

    Block Number: 124
    Block Hash: 0xd0fd95c3b2156d587705ca6608379eb9bd23e415c25c8bc431c07d5054d7ea7f
    Block Time: "Sun, 9 Aug 2026 16:54:36 +0000"

eth_getTransactionReceipt
eth_getBlockByNumber
eth_getBlockByNumber
eth_chainId
eth_chainId
eth_estimateGas
eth_chainId
eth_getBlockByNumber
eth_sendTransaction
eth_accounts
eth_chainId

    Transaction: 0x04d3447083663abf067f9784925fb75189822cc878a2c768a26ed8f9dab4ae43
    Gas used: 242322

    Block Number: 125
    Block Hash: 0x3c6ac176e1a22203ed79b5521fd54f7431d7879b995e24f77c8ddce88b2ffa56
    Block Time: "Sun, 9 Aug 2026 16:54:36 +0000"

eth_getTransactionReceipt
eth_getBlockByNumber
eth_getBlockByNumber
eth_chainId
eth_chainId
eth_estimateGas
eth_chainId
eth_getBlockByNumber
eth_sendTransaction
eth_accounts
eth_chainId

    Transaction: 0xedfc5593880392be6b07807ab2e76676a5f22cc4c688be48147d69ce446ee7ea
    Gas used: 242322

    Block Number: 126
    Block Hash: 0xb58e2f885aeaf8f31b41156aa287249bdd1994c2f242b9ad805ecffcb1bc3b2e
    Block Time: "Sun, 9 Aug 2026 16:54:36 +0000"

eth_getTransactionReceipt
eth_getBlockByNumber
eth_getBlockByNumber
eth_chainId
eth_chainId
eth_estimateGas
eth_chainId
eth_getBlockByNumber
eth_sendTransaction
eth_accounts
eth_chainId

    Transaction: 0x3865669c517ecb0166910b208d7815be7d041de36d9fbe1ac40bbb7ece401f97
    Gas used: 242322

    Block Number: 127
    Block Hash: 0xc786893537c7916f5883dec8a2b12f8a374f8ec0e1a46617863120d334aeb9e1
    Block Time: "Sun, 9 Aug 2026 16:54:36 +0000"

eth_getTransactionReceipt
eth_getBlockByNumber
eth_getBlockByNumber
eth_chainId
eth_chainId
eth_estimateGas
eth_chainId
eth_getBlockByNumber
eth_sendTransaction
eth_accounts
eth_chainId

    Transaction: 0x08f92a134edbb11f4345f54ce32d2cec9a8f4e680ba078832186b90ee6f9b354
    Gas used: 242322

    Block Number: 128
    Block Hash: 0xd5a59cfb152b9c79fcfc891653f95388600a32d1027e228c739f4b86d62e706a
    Block Time: "Sun, 9 Aug 2026 16:54:36 +0000"

eth_getTransactionReceipt
eth_getBlockByNumber
eth_getBlockByNumber
eth_chainId
eth_chainId
eth_estimateGas
eth_chainId
eth_getBlockByNumber
eth_sendTransaction
eth_accounts
eth_chainId
eth_getTransactionReceipt

    Transaction: 0x7a49ee3ad3670515bc29aef1a47a0a6801b05875062444105f9a6d5610385572
    Gas used: 242322

    Block Number: 129
    Block Hash: 0x6f36b93c68def0af27667258d7e016e67af2e908177b236b4ed0732507084470
    Block Time: "Sun, 9 Aug 2026 16:54:36 +0000"

eth_getTransactionReceipt
eth_getBlockByNumber
eth_getBlockByNumber
eth_chainId
eth_chainId
eth_estimateGas
eth_chainId
eth_getBlockByNumber
eth_sendTransaction
eth_accounts
eth_chainId

    Transaction: 0xc8da3b44161f3e5497becbceeb680456988189751a85f515a6f9a24e3f59f120
    Gas used: 242322

    Block Number: 130
    Block Hash: 0xd83b0b2f58cd4f49bdbd67f4335e8c0d7f009d9eadd7e1e064a20c56022c5854
    Block Time: "Sun, 9 Aug 2026 16:54:37 +0000"

eth_getTransactionReceipt
eth_getBlockByNumber
eth_getBlockByNumber
eth_chainId
eth_chainId
eth_estimateGas
eth_chainId
eth_getBlockByNumber
eth_sendTransaction
eth_accounts
eth_chainId

    Transaction: 0x6acf4c23ba607ffc0a3d1fecc2d84e4676245bc8e06a692d80957b3e3cad5ccb
    Gas used: 262904

    Block Number: 131
    Block Hash: 0x8aa9ed8a9f74d76782533272996fccdd2e9af6dde3a80234dc90a64cdfb2ae46
    Block Time: "Sun, 9 Aug 2026 16:54:37 +0000"

eth_getTransactionReceipt
eth_getBlockByNumber
eth_getBlockByNumber
eth_chainId
eth_chainId
eth_estimateGas
eth_chainId
eth_getBlockByNumber
eth_sendTransaction
eth_accounts
eth_chainId

    Transaction: 0x763c1a87d1f1e7a820efa601e16e76f2155e5bc6cab8978bad8b02c2d338a6d0
    Gas used: 242322

    Block Number: 132
    Block Hash: 0xe949cd4fe3cb88a201cd463e0ded71c540283051f19b55e2c1a8481ac5acc287
    Block Time: "Sun, 9 Aug 2026 16:54:37 +0000"

eth_getTransactionReceipt
eth_getBlockByNumber
eth_getBlockByNumber
eth_chainId
eth_chainId
eth_estimateGas
eth_chainId
eth_getBlockByNumber
eth_sendTransaction
eth_accounts
eth_chainId

    Transaction: 0x3839e4098f153eed894d0e828bf3b1dc380de32e23138d9f86a549bf759e8065
    Gas used: 242322

    Block Number: 133
    Block Hash: 0x711378028e36ec0ee7edb6e5d89f6c50a77d7ed57f02f68e82b9945ba35bfad9
    Block Time: "Sun, 9 Aug 2026 16:54:37 +0000"

eth_getTransactionReceipt
eth_getBlockByNumber
eth_getBlockByNumber
eth_chainId
eth_chainId
eth_estimateGas
eth_chainId
eth_getBlockByNumber
eth_sendTransaction
eth_accounts
eth_chainId

    Transaction: 0x2f799aedba99d731c31b3e63f4ae6087adb5cd56009d02a9680dc9bf1a7aa5d8
    Gas used: 242322

    Block Number: 134
    Block Hash: 0x19542758e9441408d9b5004954870c5bc8812296cafb99e4eca9ae7c6f70dbfb
    Block Time: "Sun, 9 Aug 2026 16:54:37 +0000"

eth_getTransactionReceipt
eth_getBlockByNumber
eth_getBlockByNumber
eth_chainId
eth_chainId
eth_estimateGas
eth_chainId
eth_getBlockByNumber
eth_sendTransaction
eth_accounts
eth_chainId

    Transaction: 0x8f87fb5e740f2eaed550ea835ed1aecbcb403bcb0932707bd7f3cd8da501ff2f
    Gas used: 242322

    Block Number: 135
    Block Hash: 0x4bbe543b0115775b124b0ef2098063e8741b3de58a7049b7c801dd32913b37ae
    Block Time: "Sun, 9 Aug 2026 16:54:37 +0000"

eth_getTransactionReceipt
eth_getBlockByNumber
eth_getBlockByNumber
eth_chainId
eth_chainId
eth_estimateGas
eth_chainId
eth_getBlockByNumber
eth_sendTransaction
eth_accounts
eth_chainId

    Transaction: 0x53190b59a5e0d4dd2fa665e73bb9a346a01794e5e0abe219fc38b2faf5f6c73b
    Gas used: 242322

    Block Number: 136
    Block Hash: 0x5b4b0a5a36e2622889183b4c7b2051e9db772641ffa955b3f229bf95be804b83
    Block Time: "Sun, 9 Aug 2026 16:54:37 +0000"

eth_getTransactionReceipt
eth_getBlockByNumber
eth_getBlockByNumber
eth_chainId
eth_chainId
eth_estimateGas
eth_chainId
eth_getBlockByNumber
eth_sendTransaction
eth_accounts
eth_chainId

    Transaction: 0x42f452d444267c484f619f40de20a33e363bb20e9876e6e4f8b6b73334b64729
    Gas used: 242322

    Block Number: 137
    Block Hash: 0x3fa9abbfc8f0fbf5561fef5ec83d82ef6508703dbe5946eeec75f3da46c32abd
    Block Time: "Sun, 9 Aug 2026 16:54:37 +0000"

eth_getTransactionReceipt
eth_getBlockByNumber
eth_getBlockByNumber
eth_chainId
eth_chainId
eth_estimateGas
eth_chainId
eth_getBlockByNumber
eth_sendTransaction
eth_accounts
eth_chainId

    Transaction: 0xba37da3325f86e5cf87e9a6731d67057e43c786776e7f970efe72251953c478e
    Gas used: 242322

    Block Number: 138
    Block Hash: 0x0b65cb78aa2203be32257ff69956dffcd2e06e042f0916431678dc0101dce22a
    Block Time: "Sun, 9 Aug 2026 16:54:37 +0000"

eth_getTransactionReceipt
eth_getBlockByNumber
eth_getBlockByNumber
eth_chainId
eth_chainId
eth_estimateGas
eth_chainId
eth_getBlockByNumber
eth_sendTransaction
eth_accounts
eth_chainId

    Transaction: 0x5b9f03807d9843caa245e80ebdf06417605effcd929b32b54a74745b6229ede6
    Gas used: 242322

    Block Number: 139
    Block Hash: 0xbda16c56b3f3f95a8949ade1e8c979bf534ac52d4ce9446e3f3112f59e25cb28
    Block Time: "Sun, 9 Aug 2026 16:54:37 +0000"

eth_getTransactionReceipt
eth_getBlockByNumber
eth_getBlockByNumber
eth_chainId
eth_chainId
eth_estimateGas
eth_chainId
eth_getBlockByNumber
eth_sendTransaction
eth_accounts
eth_chainId

    Transaction: 0xe17717fdb150a073b3048c323e6034b64d9ef38c1b51b8aa74cebbc398c0d515
    Gas used: 242298

    Block Number: 140
    Block Hash: 0xd0169a83a392073fa71cf03daf056a7c76710caa07c62f1596529e24f7bb0ca9
    Block Time: "Sun, 9 Aug 2026 16:54:37 +0000"

eth_getTransactionReceipt
eth_getBlockByNumber
eth_getBlockByNumber
eth_chainId
eth_chainId
eth_estimateGas
eth_chainId
eth_getBlockByNumber
eth_sendTransaction
eth_accounts
eth_chainId

    Transaction: 0xca8cf1d79e3d7bc3f6d662582f8bd2784c0de2a79118bc7c80edc09d87fbb9a2
    Gas used: 242298

    Block Number: 141
    Block Hash: 0x0f2d68ab7aece763f65f0b5a81c22bb60a4e4f582ac38eeaa14fd64d3a831fbe
    Block Time: "Sun, 9 Aug 2026 16:54:37 +0000"

eth_getTransactionReceipt
eth_getBlockByNumber
eth_getBlockByNumber
eth_chainId
eth_chainId
eth_estimateGas
eth_chainId
eth_getBlockByNumber
eth_sendTransaction
eth_accounts
eth_chainId

    Transaction: 0xe42ff27caf2bef84090bd0ec6f255d3bc329ba9305d665319812c44a851db22e
    Gas used: 242298

    Block Number: 142
    Block Hash: 0x959a8f76ece46be796808e07a618b8b69c1cc8a095f15d079a67d1fa36833f9f
    Block Time: "Sun, 9 Aug 2026 16:54:37 +0000"

eth_getTransactionReceipt
eth_getBlockByNumber
eth_getBlockByNumber
eth_chainId
eth_chainId
eth_estimateGas
eth_chainId
eth_getBlockByNumber
eth_sendTransaction
eth_accounts
eth_chainId

    Transaction: 0xb134a87f35e35ee6ea26754e02e7c8db616401c79664c324ea1b927bb751aced
    Gas used: 242298

    Block Number: 143
    Block Hash: 0x40603a1927a6efa4b37613bec747157ee496934d492a5adc836eba220a884d78
    Block Time: "Sun, 9 Aug 2026 16:54:37 +0000"

eth_getTransactionReceipt
eth_getBlockByNumber
eth_getBlockByNumber
eth_chainId
eth_chainId
eth_estimateGas
eth_chainId
eth_getBlockByNumber
eth_sendTransaction
eth_accounts
eth_chainId

    Transaction: 0xeeca8cc80d5f8a6f12b7b5b1f1bde8c14149c1e4080fe327bac53b12903d5d71
    Gas used: 242298

    Block Number: 144
    Block Hash: 0x4bc1f580813fdf2718cb9ef790a42c793d0c47ba3a1c732d75467e4c513cf157
    Block Time: "Sun, 9 Aug 2026 16:54:37 +0000"

eth_getTransactionReceipt
eth_getBlockByNumber
eth_getBlockByNumber
eth_chainId
eth_chainId
eth_estimateGas
eth_chainId
eth_getBlockByNumber
eth_sendTransaction
eth_accounts
eth_chainId

    Transaction: 0x8ce6cfb3772b82785edad5f072a12a1810af915be3326e61fab61b31c9610db8
    Gas used: 242298

    Block Number: 145
    Block Hash: 0xb3c5c36be329f53e22df9a42890c0f8ba064907fd6284b0f07bbd3aeb12d7998
    Block Time: "Sun, 9 Aug 2026 16:54:37 +0000"

eth_getTransactionReceipt
eth_getBlockByNumber
eth_getBlockByNumber
eth_chainId
eth_chainId
eth_estimateGas
eth_chainId
eth_getBlockByNumber
eth_sendTransaction
eth_accounts
eth_chainId

    Transaction: 0xa03e572f2889c89072a3a7ef3d538a348fb5e0a43be0360e14d7ef12e114fcc7
    Gas used: 242298

    Block Number: 146
    Block Hash: 0x14cf8c34e131ac9ac756ff763fe688b1899d517afc2ca8f4c4b43bd7b07b710e
    Block Time: "Sun, 9 Aug 2026 16:54:37 +0000"

eth_getTransactionReceipt
eth_getBlockByNumber
eth_getBlockByNumber
eth_chainId
eth_chainId
eth_estimateGas
eth_chainId
eth_getBlockByNumber
eth_sendTransaction
eth_accounts
eth_chainId

    Transaction: 0x565cc62ec1bbaf1119c11963ea3303a0800edd688447d83788ba3b1a4ff967e1
    Gas used: 242298

    Block Number: 147
    Block Hash: 0xb36dd22f1785fa5382106629aaca4bc939ab5f37631ea2482e3c14cd265e6ad3
    Block Time: "Sun, 9 Aug 2026 16:54:37 +0000"

eth_getTransactionReceipt
eth_getBlockByNumber
eth_getBlockByNumber
eth_chainId
eth_chainId
eth_estimateGas
eth_chainId
eth_getBlockByNumber
eth_sendTransaction
eth_accounts
eth_chainId

    Transaction: 0x19f404d66d31318779c8a22cb68b2caf9057521013741ec94527c3cf56c80073
    Gas used: 242298

    Block Number: 148
    Block Hash: 0x0d5e184b64c90389726f719ed419c96cd75757524cf42e24c3f3605b59c03130
    Block Time: "Sun, 9 Aug 2026 16:54:37 +0000"

eth_getTransactionReceipt
eth_getBlockByNumber
eth_getBlockByNumber
eth_chainId
eth_chainId
eth_estimateGas
eth_chainId
eth_getBlockByNumber
eth_sendTransaction
eth_accounts
eth_chainId

    Transaction: 0x3b7d86d317d2457e370bd60f47b98a050800dccdd064999f2e347ac12adc798e
    Gas used: 242298

    Block Number: 149
    Block Hash: 0xd8dcec4475169e8d6c87ab19be5351b57d896ce3ea3b33b3bf2370f89d62988d
    Block Time: "Sun, 9 Aug 2026 16:54:37 +0000"

eth_getTransactionReceipt
eth_getBlockByNumber
eth_getBlockByNumber
eth_chainId
eth_chainId
eth_estimateGas
eth_chainId
eth_getBlockByNumber
eth_sendTransaction
eth_accounts
eth_chainId

    Transaction: 0xeeba72cdf5865aeb7afbfeed15235c3753390b356220d5e5dc49056828aa21b6
    Gas used: 242298

    Block Number: 150
    Block Hash: 0xd93bbf74a4a53fffa72f28845f8c9370b0707c6813577416c9a5519b867b5910
    Block Time: "Sun, 9 Aug 2026 16:54:37 +0000"

eth_getTransactionReceipt
eth_getBlockByNumber
eth_getBlockByNumber
eth_chainId
eth_chainId
eth_estimateGas
eth_chainId
eth_getBlockByNumber
eth_sendTransaction
eth_accounts
eth_chainId

    Transaction: 0xccee7ea3e4709a176147146d3be3b4165ae7f18eab57cd8b88d8004526a9f398
    Gas used: 242298

    Block Number: 151
    Block Hash: 0x6d921b7c04fb90637f730146f6aa4887c3c480eefba7dd93d569225d85a1f7df
    Block Time: "Sun, 9 Aug 2026 16:54:37 +0000"

eth_getTransactionReceipt
eth_getBlockByNumber
eth_getBlockByNumber
eth_chainId
eth_chainId
eth_estimateGas
eth_chainId
eth_getBlockByNumber
eth_sendTransaction
eth_accounts
eth_chainId

    Transaction: 0x03b6e4ed751cdacfc1e696ef3b27443e98c5adaedb44121ce5710f1bceb9a2b6
    Gas used: 242298

    Block Number: 152
    Block Hash: 0x41feb3a092b1eca2c75ab5e16e1734bc8b93ae4ab6d4900b6a17b154915260ad
    Block Time: "Sun, 9 Aug 2026 16:54:37 +0000"

eth_getTransactionReceipt
eth_getBlockByNumber
eth_getBlockByNumber
eth_chainId
eth_chainId
eth_estimateGas
eth_chainId
eth_getBlockByNumber
eth_sendTransaction
eth_accounts
eth_chainId

    Transaction: 0xd863c11d695af6761e79601938d3f9c9d1d032b180866ff087f8ca9623dd09a4
    Gas used: 242298

    Block Number: 153
    Block Hash: 0x3a02aaa08be6f6f86194cca5fc51c3ba11f40acd3af9ebe1cd67f1dd72f617a7
    Block Time: "Sun, 9 Aug 2026 16:54:37 +0000"

eth_getTransactionReceipt
eth_getBlockByNumber
eth_getBlockByNumber
eth_chainId
eth_chainId
eth_estimateGas
eth_chainId
eth_getBlockByNumber
eth_sendTransaction
eth_accounts
eth_chainId

    Transaction: 0x1462e0f93ef826fa9e682e2a0a92f9bedb40aa209c0f0e6b70e4cedf621f3809
    Gas used: 242298

    Block Number: 154
    Block Hash: 0x588654d4b82ab2c6d5619cb27a04cc5cdd79458505b3b9276c496c99a14356a9
    Block Time: "Sun, 9 Aug 2026 16:54:37 +0000"

eth_getTransactionReceipt
eth_getBlockByNumber
eth_getBlockByNumber
eth_chainId
eth_chainId
eth_estimateGas
eth_chainId
eth_getBlockByNumber
eth_sendTransaction
eth_accounts
eth_chainId

    Transaction: 0xfcd655a873668b8bdab998c101b086bc9b90206e3c176e369d8dd0befbbb7fd7
    Gas used: 242298

    Block Number: 155
    Block Hash: 0xdbde52e3b168aff5bb45789ac466a240fd797d39d53859e7f0a0eb3539416765
    Block Time: "Sun, 9 Aug 2026 16:54:37 +0000"

eth_getTransactionReceipt
eth_getBlockByNumber
eth_getBlockByNumber
eth_chainId
eth_chainId
eth_estimateGas
eth_chainId
eth_getBlockByNumber
eth_sendTransaction
eth_accounts
eth_chainId

    Transaction: 0xcab491e9ddcee2a8ac5dfb00d909b1dfb452d0d1b5bae4b704cd40d5d2709769
    Gas used: 242298

    Block Number: 156
    Block Hash: 0x28bcfdadd3fa624e560298039e8629c0f8662603bff79ab585637ee74b95c6d4
    Block Time: "Sun, 9 Aug 2026 16:54:37 +0000"

eth_getTransactionReceipt
eth_getBlockByNumber
eth_getBlockByNumber
eth_chainId
eth_chainId
eth_estimateGas
eth_chainId
eth_getBlockByNumber
eth_sendTransaction
eth_accounts
eth_chainId

    Transaction: 0x534dc4f143f35657041175465954467cedd298aadd91cb02b25c02fb051b1a78
    Gas used: 242298

    Block Number: 157
    Block Hash: 0xf5dae35bd864f3fc4b00c5225d929166df8ed7c900ce63cd8b6d22ce174e4a2d
    Block Time: "Sun, 9 Aug 2026 16:54:37 +0000"

eth_getTransactionReceipt
eth_getBlockByNumber
eth_getBlockByNumber
eth_chainId
eth_chainId
eth_estimateGas
eth_chainId
eth_getBlockByNumber
eth_sendTransaction
eth_accounts
eth_chainId

    Transaction: 0x9ad4cf20e084772b698efa251d8ebe8bd745f99c7defcb5813dac504348b823f
    Gas used: 242298

    Block Number: 158
    Block Hash: 0xb66e992eb35fca22684132c694a05e4b573f079cd16c9b5f06d92b6eeee272f0
    Block Time: "Sun, 9 Aug 2026 16:54:37 +0000"

eth_getTransactionReceipt
eth_getBlockByNumber
eth_getBlockByNumber
eth_chainId
eth_chainId
eth_estimateGas
eth_chainId
eth_getBlockByNumber
eth_sendTransaction
eth_accounts
eth_chainId

    Transaction: 0x2c0a04d4e307cc982fd492550e4640e52418d5656d3c4c75ba670a813e73c572
    Gas used: 242298

    Block Number: 159
    Block Hash: 0x3c410dab80bc109e29966c1559543d6fd0014d629ef65e750f096d638828ccd9
    Block Time: "Sun, 9 Aug 2026 16:54:37 +0000"

eth_getTransactionReceipt
eth_getBlockByNumber
eth_getBlockByNumber
eth_chainId
eth_chainId
eth_estimateGas
eth_chainId
eth_getBlockByNumber
eth_sendTransaction
eth_accounts
eth_chainId

    Transaction: 0x6eb3a6442810de39df34728e48745c58dc50c36bbeb8217e81c1bc24c1a4ea58
    Gas used: 242358

    Block Number: 160
    Block Hash: 0x09c329ef4c90ef4b8ffa7bac05765b84a285a067a6a02a932c23343d338715f1
    Block Time: "Sun, 9 Aug 2026 16:54:37 +0000"

eth_getTransactionReceipt
eth_getBlockByNumber
eth_getBlockByNumber
eth_chainId
eth_chainId
eth_estimateGas
eth_chainId
eth_getBlockByNumber
eth_sendTransaction
eth_accounts
eth_chainId

    Transaction: 0xc56672c4762669b77918daf40963264934d6c47d751060f8f37cdd914f144b20
    Gas used: 242358

    Block Number: 161
    Block Hash: 0x2d95cfd012ea5a4f201160b5e7497ac282b56d5afafb0a02b2cee3c24bbf70e3
    Block Time: "Sun, 9 Aug 2026 16:54:37 +0000"

eth_getTransactionReceipt
eth_getBlockByNumber
eth_getBlockByNumber
eth_chainId
eth_chainId
eth_estimateGas
eth_chainId
eth_getBlockByNumber
eth_sendTransaction
eth_accounts
eth_chainId

    Transaction: 0x798e45d7a8f9cd40ab975099526ce931d203ab226b53c474dd1723b846b0b22e
    Gas used: 242358

    Block Number: 162
    Block Hash: 0x6fc5acce32f2d6703cbf6f0a485cf6cee656cce8c43a58994c65c01b3eb9e97c
    Block Time: "Sun, 9 Aug 2026 16:54:37 +0000"

eth_getTransactionReceipt
eth_getBlockByNumber
eth_getBlockByNumber
eth_chainId
eth_chainId
eth_estimateGas
eth_chainId
eth_getBlockByNumber
eth_sendTransaction
eth_accounts
eth_chainId

    Transaction: 0x2cb30d5469e03cb2a5e35e5fb0887eb45d93fbf11228d7980ff49db0b18b82e3
    Gas used: 242358

    Block Number: 163
    Block Hash: 0xd470b09133023cccf1bd0c87e8953ce5b16052f22c4665823e9bbbfb92289d9f
    Block Time: "Sun, 9 Aug 2026 16:54:37 +0000"

eth_getTransactionReceipt
eth_getBlockByNumber
eth_getBlockByNumber
eth_chainId
eth_chainId
eth_estimateGas
eth_chainId
eth_getBlockByNumber
eth_sendTransaction
eth_accounts
eth_chainId

    Transaction: 0x59d08002b15bedc68b662f881b36016a56d1f361223a376ae65a355bdf8c9007
    Gas used: 242358

    Block Number: 164
    Block Hash: 0x118686e713aff4b41937c5ecc20f8300dfa0499b9f0c426b75cc16ca92b59ba7
    Block Time: "Sun, 9 Aug 2026 16:54:37 +0000"

eth_getTransactionReceipt
eth_getBlockByNumber
eth_getBlockByNumber
eth_chainId
eth_chainId
eth_estimateGas
eth_chainId
eth_getBlockByNumber
eth_sendTransaction
eth_accounts
eth_chainId

    Transaction: 0x56a5674c91f322684e1888852063b2c4522230c59057f1bf435f1ab3d8fd92ab
    Gas used: 242358

    Block Number: 165
    Block Hash: 0xfd214db1624408b80493c4dc3093c66f1e6729609d2ab8dbafb7a387629d7c6c
    Block Time: "Sun, 9 Aug 2026 16:54:37 +0000"

eth_getTransactionReceipt
eth_getBlockByNumber
eth_getBlockByNumber
eth_chainId
eth_chainId
eth_estimateGas
eth_chainId
eth_getBlockByNumber
eth_sendTransaction
eth_accounts
eth_chainId

    Transaction: 0x9cd10ca83bc2895633795b8c1becde83a5fc6a1e04b8c4983f6bc4522fec3e3d
    Gas used: 242358

    Block Number: 166
    Block Hash: 0x68ab4b3976081aaea15b829ec21294f6765b0cf1e89027d6965a11046b051f95
    Block Time: "Sun, 9 Aug 2026 16:54:37 +0000"

eth_getTransactionReceipt
eth_getBlockByNumber
eth_getBlockByNumber
eth_chainId
eth_chainId
eth_estimateGas
eth_chainId
eth_getBlockByNumber
eth_sendTransaction
eth_accounts
eth_chainId

    Transaction: 0x1bf274057b449427738aa9c6f942894088e490e8def2f1794d5d8b1d15897c55
    Gas used: 242358

    Block Number: 167
    Block Hash: 0xfb966e79ba63c0073a768b429fca21b5adec24a0dbe012aef86cc6fcc01ce59f
    Block Time: "Sun, 9 Aug 2026 16:54:37 +0000"

eth_getTransactionReceipt
eth_getBlockByNumber
eth_getBlockByNumber
eth_chainId
eth_chainId
eth_estimateGas
eth_chainId
eth_getBlockByNumber
eth_sendTransaction
eth_accounts
eth_chainId

    Transaction: 0x5013e3b4d1de0da80873692baf23edb5164f8685515cbac5d728680631126957
    Gas used: 242358

    Block Number: 168
    Block Hash: 0x01c02e6d2e4ff6a4bdb0af7516a49235a0a95fedc2d351ed98926665b70f0dcc
    Block Time: "Sun, 9 Aug 2026 16:54:37 +0000"

eth_getTransactionReceipt
eth_getBlockByNumber
eth_getBlockByNumber
eth_chainId
eth_chainId
eth_estimateGas
eth_chainId
eth_getBlockByNumber
eth_sendTransaction
eth_accounts
eth_chainId

    Transaction: 0xd9e3f9c0208b93af1cea3f524f41055e48a695744db3a2671b02560d3bbbbaaa
    Gas used: 242358

    Block Number: 169
    Block Hash: 0xa77db3c4fc4ac09d29b3754f47d744461bd3c2011e78ed23b681b2eb247cf8ed
    Block Time: "Sun, 9 Aug 2026 16:54:38 +0000"

eth_getTransactionReceipt
eth_getBlockByNumber
eth_getBlockByNumber
eth_chainId
eth_chainId
eth_estimateGas
eth_chainId
eth_getBlockByNumber
eth_sendTransaction
eth_accounts
eth_chainId
eth_getTransactionReceipt

    Transaction: 0x518a0c8e4ffec0ca4ec7c46b1e9e22f667ad38d94789c8bcbbccf94586b4b2da
    Gas used: 242358

    Block Number: 170
    Block Hash: 0xa7e06890986104a7a711071a188dcd8d1b71660c12f3f84ea5a73ee3b9a51558
    Block Time: "Sun, 9 Aug 2026 16:54:38 +0000"

eth_getTransactionReceipt
eth_getBlockByNumber
eth_getBlockByNumber
eth_chainId
eth_chainId
eth_estimateGas
eth_chainId
eth_getBlockByNumber
eth_sendTransaction
eth_accounts
eth_chainId

    Transaction: 0xa37473c42aae45a36cac3f3660df88f94fbf5efbf374ed473bd3b3c915760dbc
    Gas used: 242358

    Block Number: 171
    Block Hash: 0x908044cd39ba694f3e07781d70cd6e5af24323f9b8acc3c24b22dc51aeec7b12
    Block Time: "Sun, 9 Aug 2026 16:54:38 +0000"

eth_getTransactionReceipt
eth_getBlockByNumber
eth_getBlockByNumber
eth_chainId
eth_chainId
eth_estimateGas
eth_chainId
eth_getBlockByNumber
eth_sendTransaction
eth_accounts
eth_chainId

    Transaction: 0xe307887909005299feb2a7c881fa698da63bed3e95e3261022b6d86cdd3aa287
    Gas used: 242358

    Block Number: 172
    Block Hash: 0x2b42f9f98066bbbc036d867157ff4522a5dbf3a40ad0b40f1b94e69cf64f4a56
    Block Time: "Sun, 9 Aug 2026 16:54:38 +0000"

eth_getTransactionReceipt
eth_getBlockByNumber
eth_getBlockByNumber
eth_chainId
eth_chainId
eth_estimateGas
eth_chainId
eth_getBlockByNumber
eth_sendTransaction
eth_accounts
eth_chainId

    Transaction: 0x3f09e6329ac20206f40b431acab5dc24206ca2f4488b4ad708127f5c215b6f50
    Gas used: 242358

    Block Number: 173
    Block Hash: 0x1dea7e163df4c86c9955250aa334deb108fe3526f02d1eb9cee236784082a2b8
    Block Time: "Sun, 9 Aug 2026 16:54:38 +0000"

eth_getTransactionReceipt
eth_getBlockByNumber
eth_getBlockByNumber
eth_chainId
eth_chainId
eth_estimateGas
eth_chainId
eth_getBlockByNumber
eth_sendTransaction
eth_accounts
eth_chainId

    Transaction: 0x1d23787942e3285de0c063a32fe0e0e61308db594a432bed8d8933a610e0b0c3
    Gas used: 242358

    Block Number: 174
    Block Hash: 0x1aea014fadb3203f62d542b6b10baa60a04740af8417f851b482f3a5b2488e5a
    Block Time: "Sun, 9 Aug 2026 16:54:38 +0000"

eth_getTransactionReceipt
eth_getBlockByNumber
eth_getBlockByNumber
eth_chainId
eth_chainId
eth_estimateGas
eth_chainId
eth_getBlockByNumber
eth_sendTransaction
eth_accounts
eth_chainId
eth_getTransactionReceipt

    Transaction: 0x6ae2e7c10fd38d5fffe6b60f5f2e11851b789f7537d73c963c5c0769b6ce1030
    Gas used: 242358

    Block Number: 175
    Block Hash: 0xc5c28150d148b2eee0faff2b4994143c1604ee1d4462da2ac941f429b27f8976
    Block Time: "Sun, 9 Aug 2026 16:54:38 +0000"

eth_getTransactionReceipt
eth_getBlockByNumber
eth_getBlockByNumber
eth_chainId
eth_chainId
eth_estimateGas
eth_chainId
eth_getBlockByNumber
eth_sendTransaction
eth_accounts
eth_chainId

    Transaction: 0x075ea005093c8fd10eecd939c150b918230175c1fcfc28c1ffae17cd1f21da0b
    Gas used: 242358

    Block Number: 176
    Block Hash: 0xdc63a3ab9ae21edd3fa880825cda6c80d5ab23c499e343c38c669b0287a95d76
    Block Time: "Sun, 9 Aug 2026 16:54:38 +0000"

eth_getTransactionReceipt
eth_getBlockByNumber
eth_getBlockByNumber
eth_chainId
eth_chainId
eth_estimateGas
eth_chainId
eth_getBlockByNumber
eth_sendTransaction
eth_accounts
eth_chainId
eth_getTransactionReceipt

    Transaction: 0xf59c55b99be975dbfef976e942b3fc711b52dbdfad5052cc42a53b1b6a89c94f
    Gas used: 242358

    Block Number: 177
    Block Hash: 0x42b46d341d0ba5ff1899f0d93359ee2560f4e9430b506be909a83c5b554ef57e
    Block Time: "Sun, 9 Aug 2026 16:54:38 +0000"

eth_getTransactionReceipt
eth_getBlockByNumber
eth_getBlockByNumber
eth_chainId
eth_chainId
eth_estimateGas
eth_chainId
eth_getBlockByNumber
eth_sendTransaction
eth_accounts
eth_chainId

    Transaction: 0xc241e7fe7e1005b912b59cb8af4dbf3402f116cf0b64bc9d636f6103cf79d65e
    Gas used: 242358

    Block Number: 178
    Block Hash: 0xeb839554e58b0f1c211d5a5de7eae0a9063d12b1625d0214f684b25aa8d3824a
    Block Time: "Sun, 9 Aug 2026 16:54:38 +0000"

eth_getTransactionReceipt
eth_getBlockByNumber
eth_getBlockByNumber
eth_chainId
eth_chainId
eth_estimateGas
eth_chainId
eth_getBlockByNumber
eth_sendTransaction
eth_accounts
eth_chainId

    Transaction: 0x5f86f281c3d23cb701773445661bc5afe8650a1fa63236a715139cd525943f8d
    Gas used: 242358

    Block Number: 179
    Block Hash: 0xebe5925a1cf2c8585edd5eb041c20a6b6fb323ab1154ed0ac6db896ecb982fbf
    Block Time: "Sun, 9 Aug 2026 16:54:38 +0000"

eth_getTransactionReceipt
eth_getBlockByNumber
eth_getBlockByNumber
eth_chainId
eth_chainId
eth_estimateGas
eth_chainId
eth_getBlockByNumber
eth_sendTransaction
eth_accounts
eth_chainId

    Transaction: 0x4f62109131a7b02949e3694ce2202bc22324045a721b894338931d3930250f45
    Gas used: 242310

    Block Number: 180
    Block Hash: 0x991a1199d2c6b92ed7457e3c931b93bf159e112fb63417bea4722ef3a626d317
    Block Time: "Sun, 9 Aug 2026 16:54:38 +0000"

eth_getTransactionReceipt
eth_getBlockByNumber
eth_getBlockByNumber
eth_chainId
eth_chainId
eth_estimateGas
eth_chainId
eth_getBlockByNumber
eth_sendTransaction
eth_accounts
eth_chainId
eth_getTransactionReceipt

    Transaction: 0xbf9f9c5ce47c340065e7ac0175073659b8ab3dd3c005297f71f3a1db3af6a566
    Gas used: 242310

    Block Number: 181
    Block Hash: 0xce29b96f5fa68c2ca4ed3d291d7846c697ad7f15df698edbec04c921ca16405d
    Block Time: "Sun, 9 Aug 2026 16:54:38 +0000"

eth_getTransactionReceipt
eth_getBlockByNumber
eth_getBlockByNumber
eth_chainId
eth_chainId
eth_estimateGas
eth_chainId
eth_getBlockByNumber
eth_sendTransaction
eth_accounts
eth_chainId
eth_getTransactionReceipt

    Transaction: 0xad5ad11c29ac5bcdaa82167ecbed9f82b676046e8e71845f22edcba3df221226
    Gas used: 242310

    Block Number: 182
    Block Hash: 0xfe4c351efb443cdaf713f549f407053b30467950c0d93a385af8faea61e2941f
    Block Time: "Sun, 9 Aug 2026 16:54:38 +0000"

eth_getTransactionReceipt
eth_getBlockByNumber
eth_getBlockByNumber
eth_chainId
eth_chainId
eth_estimateGas
eth_chainId
eth_getBlockByNumber
eth_sendTransaction
eth_accounts
eth_chainId
eth_getTransactionReceipt

    Transaction: 0xaf4d60712e33fdae916c27e79982010207fd1b71a3ba1c9e39484bbc40e64d69
    Gas used: 242310

    Block Number: 183
    Block Hash: 0x89d8d06b278d24ea8a1edc1f117bd31db9ee5515a2896a0a685d6607c3647a3b
    Block Time: "Sun, 9 Aug 2026 16:54:38 +0000"

eth_getTransactionReceipt
eth_getBlockByNumber
eth_getBlockByNumber
eth_chainId
eth_chainId
eth_estimateGas
eth_chainId
eth_getBlockByNumber
eth_sendTransaction
eth_accounts
eth_chainId

eth_getTransactionReceipt
    Transaction: 0x75279489370715c81ee84886ab822eaa88e9929891c06825c52b29a628067fe3
    Gas used: 242310

    Block Number: 184
    Block Hash: 0x75ab13a5f3a90c62d5c64707bb69b19c409884a93e2f56614a993b2b2a8028a1
    Block Time: "Sun, 9 Aug 2026 16:54:39 +0000"

eth_getBlockByNumber
eth_getBlockByNumber
eth_chainId
eth_chainId
eth_estimateGas
eth_chainId
eth_getBlockByNumber
eth_sendTransaction
eth_accounts
eth_chainId

    Transaction: 0xf028091867b899ec373b7aa86bf4192c86dbb0d554131e498987e54ccd5e234e
    Gas used: 242310

    Block Number: 185
    Block Hash: 0x729a1bccc147cf1f2e5e73b1c69257b7ab69e99e53004d840f03ddc9a9a8891d
    Block Time: "Sun, 9 Aug 2026 16:54:39 +0000"

eth_getTransactionReceipt
eth_getBlockByNumber
eth_getBlockByNumber
eth_chainId
eth_chainId
eth_estimateGas
eth_chainId
eth_getBlockByNumber
eth_sendTransaction
eth_accounts
eth_chainId
eth_getTransactionReceipt

    Transaction: 0xcd77c498fada7b4e3675a62385c1aa97ae261c0425ff220905fc62900b098662
    Gas used: 242310

    Block Number: 186
    Block Hash: 0x79297313a02f92246d134a2af4505e7fa51314f200aadd76a34e20b6b179cf57
    Block Time: "Sun, 9 Aug 2026 16:54:39 +0000"

eth_getTransactionReceipt
eth_getBlockByNumber
eth_getBlockByNumber
eth_chainId
eth_chainId
eth_estimateGas
eth_chainId
eth_getBlockByNumber
eth_sendTransaction
eth_accounts
eth_chainId

    Transaction: 0xff7bb97464ed5b28b1e6b968377f0c1e63a0a1cb7e0c52d6a39db6869ef71053
    Gas used: 242310

    Block Number: 187
    Block Hash: 0x804d5761c27a0ae9ab5e692f0fdea7dcac5530db00c96ace9453c7dc27650534
    Block Time: "Sun, 9 Aug 2026 16:54:39 +0000"

eth_getTransactionReceipt
eth_getBlockByNumber
eth_getBlockByNumber
eth_chainId
eth_chainId
eth_estimateGas
eth_chainId
eth_getBlockByNumber
eth_sendTransaction
eth_accounts
eth_chainId
eth_getTransactionReceipt

    Transaction: 0x074f4ce55286716ccd30b5cf8c4c04102666bee1cfed4097794328c828371269
    Gas used: 242310

    Block Number: 188
    Block Hash: 0xd7f679d95477ba228bb956f6a4b6a52f31172ccc50646e0e97b222ea23f97371
    Block Time: "Sun, 9 Aug 2026 16:54:39 +0000"

eth_getTransactionReceipt
eth_getBlockByNumber
eth_getBlockByNumber
eth_chainId
eth_chainId
eth_estimateGas
eth_chainId
eth_getBlockByNumber
eth_sendTransaction
eth_accounts
eth_chainId
eth_getTransactionReceipt

    Transaction: 0x1748cb5925d6dcf31328677bd1fac4c2e7339f695ad6d21e3ec2f3439e5146fc
    Gas used: 242310

    Block Number: 189
    Block Hash: 0xec115bbb38ee58a77e21b2214bee3dc82a132d54d721ab12bb684fb42b09d45e
    Block Time: "Sun, 9 Aug 2026 16:54:39 +0000"

eth_getTransactionReceipt
eth_getBlockByNumber
eth_getBlockByNumber
eth_chainId
eth_chainId
eth_estimateGas
eth_chainId
eth_getBlockByNumber
eth_sendTransaction
eth_accounts
eth_chainId

    Transaction: 0xa51af932e87acb6e35d010a1971a22cb74c4813cd7678d22e28dabefd18cd9fc
    Gas used: 242310

    Block Number: 190
    Block Hash: 0xd83746802d9e8fc23b54e8ac26d4f4a385b1fa0b926969cbc3f5a8412b21c6c5
    Block Time: "Sun, 9 Aug 2026 16:54:39 +0000"

eth_getTransactionReceipt
eth_getBlockByNumber
eth_getBlockByNumber
eth_chainId
eth_chainId
eth_estimateGas
eth_chainId
eth_getBlockByNumber
eth_sendTransaction
eth_accounts
eth_chainId
eth_getTransactionReceipt

    Transaction: 0x7b40042ef6fbce4a4fd26c89f6e8eacd108da740bb62236a3b57aaf0d266283f
    Gas used: 242310

    Block Number: 191
    Block Hash: 0x3d81de77962a843aa00f41bd8e1cffa3fff386ed0072b19128659f950a816b80
    Block Time: "Sun, 9 Aug 2026 16:54:39 +0000"

eth_getTransactionReceipt
eth_getBlockByNumber
eth_getBlockByNumber
eth_chainId
eth_chainId
eth_estimateGas
eth_chainId
eth_getBlockByNumber
eth_sendTransaction
eth_accounts
eth_chainId
eth_getTransactionReceipt

    Transaction: 0x22350ddb63c8b61560f98b6f5aebd82873ad693349a6960d4cbc92875887456b
    Gas used: 242310

    Block Number: 192
    Block Hash: 0x480eca8333cfba9c420caab56ed6b9af115d8fdaf0ed8842ae3dda290db1a4d4
    Block Time: "Sun, 9 Aug 2026 16:54:39 +0000"

eth_getTransactionReceipt
eth_getBlockByNumber
eth_getBlockByNumber
eth_chainId
eth_chainId
eth_estimateGas
eth_chainId
eth_getBlockByNumber
eth_sendTransaction
eth_accounts
eth_chainId
eth_getTransactionReceipt

    Transaction: 0xdd63015d62ceb10e73d18681b918f87b202824f1a2edab987c90528fb55eb4db
    Gas used: 242310

    Block Number: 193
    Block Hash: 0xccbff121d86f63b4b84b823d75e656e5546b5d84b2f7f6d59fb8deb571e214bc
    Block Time: "Sun, 9 Aug 2026 16:54:39 +0000"

eth_getTransactionReceipt
eth_getBlockByNumber
eth_getBlockByNumber
eth_chainId
eth_chainId
eth_estimateGas
eth_chainId
eth_getBlockByNumber
eth_sendTransaction
eth_accounts
eth_chainId
eth_getTransactionReceipt

    Transaction: 0x11f8a63d7d2196316b705c800e1b31f328bdaa40b75b0c16c9993ffe10619fe4
    Gas used: 242310

    Block Number: 194
    Block Hash: 0x65a783e44b6293f575a3d632a9fa12c1e4746086958cb758fb456bbea90d2b9d
    Block Time: "Sun, 9 Aug 2026 16:54:39 +0000"

eth_getTransactionReceipt
eth_getBlockByNumber
eth_getBlockByNumber
eth_chainId
eth_chainId
eth_estimateGas
eth_chainId
eth_getBlockByNumber
eth_sendTransaction
eth_accounts
eth_chainId
eth_getTransactionReceipt

    Transaction: 0xfb6138421abb51401d2bf67b741a5d8b58c4706acac62c1b7dc221a1e8b58116
    Gas used: 242310

    Block Number: 195
    Block Hash: 0xb72c74aa019a477819f0507213117ee905ecdf73c34aa4cf84d85e27ccfcb535
    Block Time: "Sun, 9 Aug 2026 16:54:40 +0000"

eth_getTransactionReceipt
eth_getBlockByNumber
eth_getBlockByNumber
eth_chainId
eth_chainId
eth_estimateGas
eth_chainId
eth_getBlockByNumber
eth_sendTransaction
eth_accounts
eth_chainId
eth_getTransactionReceipt

    Transaction: 0x597c361449f1de18bee39cf33839160aff065c8c4f3b5853c0c12abff9ca8e53
    Gas used: 242310

    Block Number: 196
    Block Hash: 0xcdcf81ae6c10e982eee7b6ff2de81d19b720dd81ca64e20186055864e1bf37f5
    Block Time: "Sun, 9 Aug 2026 16:54:40 +0000"

eth_getTransactionReceipt
eth_getBlockByNumber
eth_getBlockByNumber
eth_chainId
eth_chainId
eth_estimateGas
eth_chainId
eth_getBlockByNumber
eth_sendTransaction
eth_accounts
eth_chainId
eth_getTransactionReceipt

    Transaction: 0xceaa9c7be0deebba29d0676eb850013ad53d5512bf7b3d3aaeae600ac00106be
    Gas used: 242310

    Block Number: 197
    Block Hash: 0x116c29d350a23c10625e5360b52efbac1228e2d3e00aa4f155c765dd2ac3b40e
    Block Time: "Sun, 9 Aug 2026 16:54:40 +0000"

eth_getTransactionReceipt
eth_getBlockByNumber
eth_getBlockByNumber
eth_chainId
eth_chainId
eth_estimateGas
eth_chainId
eth_getBlockByNumber
eth_sendTransaction
eth_accounts
eth_chainId

    Transaction: 0x85fa468cd12c1aad801b3f098a74fe1e43ace9580dfb93e8120d0b6125e7ddc3
    Gas used: 242310

    Block Number: 198
    Block Hash: 0x3175d2b82a4043378c76a7952dc4c27ba092e39ff7b0791d844f1368fd3b270c
    Block Time: "Sun, 9 Aug 2026 16:54:40 +0000"

eth_getTransactionReceipt
eth_getBlockByNumber
eth_getBlockByNumber
eth_chainId
eth_chainId
eth_estimateGas
eth_chainId
eth_getBlockByNumber
eth_sendTransaction
eth_accounts
eth_chainId

    Transaction: 0x6670da735539c82fed7af00bb41a56db760b808bd208c7306b7e144784dd3acb
    Gas used: 242310

    Block Number: 199
    Block Hash: 0x6bd9def7cdbf8222548da8cef8fd12f499f9dd7a9f93ceb9bcff93389c0c47b1
    Block Time: "Sun, 9 Aug 2026 16:54:40 +0000"

eth_getTransactionReceipt
eth_getBlockByNumber
eth_getBlockByNumber
eth_chainId
eth_chainId
eth_estimateGas
eth_chainId
eth_getBlockByNumber
eth_sendTransaction
eth_accounts
eth_chainId

    Transaction: 0x9271e4bb9202e3969c953142eaa2a27bacf4390890c4b359854856f9be71f204
    Gas used: 242370

    Block Number: 200
    Block Hash: 0x089a288c30ff62d9567dba9cf7488b6a200b65524591a72bffe0afb1bfb4da6b
    Block Time: "Sun, 9 Aug 2026 16:54:40 +0000"

eth_getTransactionReceipt
eth_getBlockByNumber
eth_getBlockByNumber
eth_chainId
eth_chainId
eth_estimateGas
eth_chainId
eth_getBlockByNumber
eth_sendTransaction
eth_accounts
eth_chainId
eth_getTransactionReceipt

    Transaction: 0xd1da10ce6f7994a3180c02bf461586683a2690086dfc924a6e0390f5a3346886
    Gas used: 242370

    Block Number: 201
    Block Hash: 0x1f4f9efef66a120534f01d9ac74773816b70644b476c3ce1ce707b2a46156570
    Block Time: "Sun, 9 Aug 2026 16:54:40 +0000"

eth_getTransactionReceipt
eth_getBlockByNumber
eth_getBlockByNumber
eth_chainId
eth_chainId
eth_estimateGas
eth_chainId
eth_getBlockByNumber
eth_sendTransaction
eth_accounts
eth_chainId

    Transaction: 0x5dffe4f846861b0e8d861c9914f2b259054267db42265f799e32e1495e573631
    Gas used: 242370

    Block Number: 202
    Block Hash: 0x8e85c7bf02aed27f61e635b25c594e622ce2824edbf3f4c2e222e53fe7021ce8
    Block Time: "Sun, 9 Aug 2026 16:54:40 +0000"

eth_getTransactionReceipt
eth_getBlockByNumber
eth_getBlockByNumber
eth_chainId
eth_chainId
eth_estimateGas
eth_chainId
eth_getBlockByNumber
eth_sendTransaction
eth_accounts
eth_chainId
eth_getTransactionReceipt

    Transaction: 0x662c31d5372100b4ef41aade26a6875d05a22e926a63aafefd26457224bc69b3
    Gas used: 242370

    Block Number: 203
    Block Hash: 0x9a280d6f09a2ad8ecb2424ca8520131756795bb2f448c8e653f05a79666ab055
    Block Time: "Sun, 9 Aug 2026 16:54:40 +0000"

eth_getTransactionReceipt
eth_getBlockByNumber
eth_getBlockByNumber
eth_chainId
eth_chainId
eth_estimateGas
eth_chainId
eth_getBlockByNumber
eth_sendTransaction
eth_accounts
eth_chainId
eth_getTransactionReceipt

    Transaction: 0xa291bf0971881a56ddf0370266bb50e09de933edd8c6c56198f555e5f777d2a2
    Gas used: 242370

    Block Number: 204
    Block Hash: 0x30ef96bb17e3af14d3ff86cd26916831efd5e69f39f38148a082aea006387a88
    Block Time: "Sun, 9 Aug 2026 16:54:40 +0000"

eth_getTransactionReceipt
eth_getBlockByNumber
eth_getBlockByNumber
eth_chainId
eth_chainId
eth_estimateGas
eth_chainId
eth_getBlockByNumber
eth_sendTransaction
eth_accounts
eth_chainId

    Transaction: 0x18cb138d4d25227c8b8442cc81c766f175cfba7410d7bb7ccb447d8b129f8536
    Gas used: 242370

    Block Number: 205
    Block Hash: 0x29f8738f24fbebdd7e32b95a1eb23df6111494e00f7acc3ce4e773d43b99cc3f
    Block Time: "Sun, 9 Aug 2026 16:54:40 +0000"

eth_getTransactionReceipt
eth_getBlockByNumber
eth_getBlockByNumber
eth_chainId
eth_chainId
eth_estimateGas
eth_chainId
eth_getBlockByNumber
eth_sendTransaction
eth_accounts
eth_chainId
eth_getTransactionReceipt

    Transaction: 0x95819732f5ca80957e46b6287ab9cda241d1fbd8ba1cf59cc338d9333c84c972
    Gas used: 242370

    Block Number: 206
    Block Hash: 0xf1dda2eb16fdbab24c77b453776523acbcc0d39615d8ca8f63146e9b3471fb5e
    Block Time: "Sun, 9 Aug 2026 16:54:40 +0000"

eth_getTransactionReceipt
eth_getBlockByNumber
eth_getBlockByNumber
eth_chainId
eth_chainId
eth_estimateGas
eth_chainId
eth_getBlockByNumber
eth_sendTransaction
eth_accounts
eth_chainId
eth_getTransactionReceipt

    Transaction: 0x9c77bf6422ee44a815c0d572b8d4fd6e1116d2ae372c42e349fc4e8a5d24db58
    Gas used: 242370

    Block Number: 207
    Block Hash: 0x50881a226c33f24c7e293757999da6aee86e86a4255b96c0333fd4397129c907
    Block Time: "Sun, 9 Aug 2026 16:54:41 +0000"

eth_getTransactionReceipt
eth_getBlockByNumber
eth_getBlockByNumber
eth_chainId
eth_chainId
eth_estimateGas
eth_chainId
eth_getBlockByNumber
eth_sendTransaction
eth_accounts
eth_chainId
eth_getTransactionReceipt

    Transaction: 0xe8bbe2e1e1eb6710ae04b4b93a2c9d419ce2a22cac5ae0b19010fd223ab2f583
    Gas used: 242370

    Block Number: 208
    Block Hash: 0x3c6cfcf5ba395f80a6cff8b88fd0f39f0a7d549f1c9d80aeac9718f7d701044f
    Block Time: "Sun, 9 Aug 2026 16:54:41 +0000"

eth_getTransactionReceipt
eth_getBlockByNumber
eth_getBlockByNumber
eth_chainId
eth_chainId
eth_estimateGas
eth_chainId
eth_getBlockByNumber
eth_sendTransaction
eth_accounts
eth_chainId
eth_getTransactionReceipt

    Transaction: 0x15eeffa2329fc3fa87a4e581f09be2d022624988af514dd1570d9595aaf01683
    Gas used: 242370

    Block Number: 209
    Block Hash: 0x484e3e76afe79aeb77729401f464a51de3a2ec8b4246a89715b566cbdab8db8f
    Block Time: "Sun, 9 Aug 2026 16:54:41 +0000"

eth_getTransactionReceipt
eth_getBlockByNumber
eth_getBlockByNumber
eth_chainId
eth_chainId
eth_estimateGas
eth_chainId
eth_getBlockByNumber
eth_sendTransaction
eth_accounts
eth_chainId
eth_getTransactionReceipt

    Transaction: 0x90e10f51c64db41d32c119a469b394a3a60121202ccb8a120dbbfa2f669a7bef
    Gas used: 242370

    Block Number: 210
    Block Hash: 0xa30a668080fc23401448537ced08b7a9eb5c2baffb453362a650870fc0a5c81b
    Block Time: "Sun, 9 Aug 2026 16:54:41 +0000"

eth_getTransactionReceipt
eth_getBlockByNumber
eth_getBlockByNumber
eth_chainId
eth_chainId
eth_estimateGas
eth_chainId
eth_getBlockByNumber
eth_sendTransaction
eth_accounts
eth_chainId

    Transaction: 0x0adbb95e7dc5a9c6bb7c3390fc9d125bb0cdb091bc9fcdf93fcaba444e428ef2
    Gas used: 242370

    Block Number: 211
    Block Hash: 0xfac2224f7d66f215cc61d7726fa8e17008e909b8ce9e41e48705fb003e6c94c8
    Block Time: "Sun, 9 Aug 2026 16:54:41 +0000"

eth_getTransactionReceipt
eth_getBlockByNumber
eth_getBlockByNumber
eth_chainId
eth_chainId
eth_estimateGas
eth_chainId
eth_getBlockByNumber
eth_sendTransaction
eth_accounts
eth_chainId
eth_getTransactionReceipt

    Transaction: 0xec829546f32ccbdc3cc8978a1251aa45427acaeb4a936ed19095be427f190301
    Gas used: 242370

    Block Number: 212
    Block Hash: 0x4beb1b3ea59f20268f92a42cd8fdea1dd270b69554c90dcc5936b5c1061e2208
    Block Time: "Sun, 9 Aug 2026 16:54:41 +0000"

eth_getTransactionReceipt
eth_getBlockByNumber
eth_getBlockByNumber
eth_chainId
eth_chainId
eth_estimateGas
eth_chainId
eth_getBlockByNumber
eth_sendTransaction
eth_accounts
eth_chainId
eth_getTransactionReceipt

    Transaction: 0x65e865a1463fa6fbbf495a0f242e603ac766cf712fe6d348ebdaefc1691c2cd7
    Gas used: 242370

    Block Number: 213
    Block Hash: 0x0b3b239e55449277bcb1d5845b068f91fb2deb467f5b79f15eff3f12bbac9a9f
    Block Time: "Sun, 9 Aug 2026 16:54:41 +0000"

eth_getTransactionReceipt
eth_getBlockByNumber
eth_getBlockByNumber
eth_chainId
eth_chainId
eth_estimateGas
eth_chainId
eth_getBlockByNumber
eth_sendTransaction
eth_accounts
eth_chainId
eth_getTransactionReceipt

    Transaction: 0x564ccf58cebe21894973d0b689b3bd7d093c2cafdda085053354ba1dab67d854
    Gas used: 242370

    Block Number: 214
    Block Hash: 0x2ae6ee5eab2402e29d7da34477b132f8f20e24e81dcbb321eb11d2ba824f7a0e
    Block Time: "Sun, 9 Aug 2026 16:54:41 +0000"

eth_getTransactionReceipt
eth_getBlockByNumber
eth_getBlockByNumber
eth_chainId
eth_chainId
eth_estimateGas
eth_chainId
eth_getBlockByNumber
eth_sendTransaction
eth_accounts
eth_chainId
eth_getTransactionReceipt

    Transaction: 0x6f0bd7d7b19cf2225889f3add782d48e2c20779cd2307a9f30e271b094a5088b
    Gas used: 242370

    Block Number: 215
    Block Hash: 0x20a757edd8a800716beb7a2139f3739bb17f9e0c094f2ef7b360fafb0108024e
    Block Time: "Sun, 9 Aug 2026 16:54:42 +0000"

eth_getTransactionReceipt
eth_getBlockByNumber
eth_getBlockByNumber
eth_chainId
eth_chainId
eth_estimateGas
eth_chainId
eth_getBlockByNumber
eth_sendTransaction
eth_accounts
eth_chainId
eth_getTransactionReceipt

    Transaction: 0x4ddc1f571262dfce9a411a807dd59a6c81fb0e9f559416202efc5dad88d74684
    Gas used: 242370

    Block Number: 216
    Block Hash: 0x8fe54bcc6d8732bdf4c47f62f1d5d5318c4a60155b1465b0d78b48586502074b
    Block Time: "Sun, 9 Aug 2026 16:54:42 +0000"

eth_getTransactionReceipt
eth_getBlockByNumber
eth_getBlockByNumber
eth_chainId
eth_chainId
eth_estimateGas
eth_chainId
eth_getBlockByNumber
eth_sendTransaction
eth_accounts
eth_chainId

eth_getTransactionReceipt
    Transaction: 0x3cd8f3f8d901f3b50fc49ba8abdfaa6def2992ce4bd173c0f1509508175e126a
    Gas used: 242370

    Block Number: 217
    Block Hash: 0xbefb0d54555e14c3c502eed9ede4210ff4f0f72a778b0ac85b897288b0c7b784
    Block Time: "Sun, 9 Aug 2026 16:54:42 +0000"

eth_getBlockByNumber
eth_getBlockByNumber
eth_chainId
eth_chainId
eth_estimateGas
eth_chainId
eth_getBlockByNumber
eth_sendTransaction
eth_accounts
eth_chainId
eth_getTransactionReceipt

    Transaction: 0x653bd73c2eedd1bb79d3cce6b0554553bec52e9d1910d4fe01a547b44ca08b92
    Gas used: 242370

    Block Number: 218
    Block Hash: 0xc1095d002c80b57a7b28a45ceb4e80ef6596c558dbcb4c7683e233caaa16356d
    Block Time: "Sun, 9 Aug 2026 16:54:42 +0000"

eth_getTransactionReceipt
eth_getBlockByNumber
eth_getBlockByNumber
eth_chainId
eth_chainId
eth_estimateGas
eth_chainId
eth_getBlockByNumber
eth_sendTransaction
eth_accounts
eth_chainId

    Transaction: 0x8ae83b960bf2944aa73b58c02312f68f85f76349e938bbbca86d861b1dfe8803
    Gas used: 242370

    Block Number: 219
    Block Hash: 0xedd76220304c9afabd2a37b303f2b6f66f8752b434a4621e5eed258012c6a061
    Block Time: "Sun, 9 Aug 2026 16:54:42 +0000"

eth_getTransactionReceipt
eth_getBlockByNumber
web3_clientVersion
eth_chainId
eth_accounts
eth_getBlockByNumber
eth_chainId
eth_chainId
eth_estimateGas
eth_chainId
eth_getBlockByNumber
eth_sendTransaction
eth_accounts
eth_chainId
eth_getTransactionReceipt

    Transaction: 0x4ac7719f607376274edf35a8efbc87d09e87c6039d86827ad50b236149f2822e
    Contract created: 0x51C65cd0Cdb1A8A8b79dfc2eE965B1bA0bb8fc89
    Gas used: 1431133

    Block Number: 220
    Block Hash: 0x0913696a4850721577d862d35a600c9e44fb6b08a292170c003494c10ad9df82
    Block Time: "Sun, 9 Aug 2026 16:54:43 +0000"

eth_getTransactionReceipt
eth_getBlockByNumber
eth_chainId
eth_chainId
eth_estimateGas
eth_chainId
eth_getBlockByNumber
eth_sendTransaction
eth_accounts
eth_chainId
eth_getTransactionReceipt

    Transaction: 0xa80a008dc64916976405220adb17c6d74fec15ff9cd2db67df1256fbf1520a8a
    Gas used: 325691

    Block Number: 221
    Block Hash: 0x9cba862cdfb35335c80c791dc1f4055b6b4a879f879f41ba9bf53d957ed3b82b
    Block Time: "Sun, 9 Aug 2026 16:54:44 +0000"

eth_getTransactionReceipt
eth_getBlockByNumber
eth_getBlockByNumber
eth_chainId
eth_chainId
eth_estimateGas
eth_chainId
eth_getBlockByNumber
eth_sendTransaction
eth_accounts
eth_chainId
eth_getTransactionReceipt

    Transaction: 0x6c2d5235843e57fb4b345abc90dfd8275ef32d21cdba0c5c0a9be3311d64132d
    Gas used: 290869

    Block Number: 222
    Block Hash: 0xc9e8486e016f4843c50daf370c7a1dd22a25220db1337680f361c8f6e6e39502
    Block Time: "Sun, 9 Aug 2026 16:54:44 +0000"

eth_getTransactionReceipt
eth_getBlockByNumber
eth_getBlockByNumber
eth_chainId
eth_chainId
eth_estimateGas
eth_chainId
eth_getBlockByNumber
eth_sendTransaction
eth_accounts
eth_chainId
eth_getTransactionReceipt

    Transaction: 0xbe979f4114e59891a217726c60e2012e9f913ebf2a5b86f475c91034bf0a53f1
    Gas used: 290809

    Block Number: 223
    Block Hash: 0x0edb29d33ca5494a6e3839b2b88adefc70db87f93cbebb2481f2d736a0a32987
    Block Time: "Sun, 9 Aug 2026 16:54:44 +0000"

eth_getTransactionReceipt
eth_getBlockByNumber
eth_getBlockByNumber
eth_chainId
eth_chainId
eth_estimateGas
eth_chainId
eth_getBlockByNumber
eth_sendTransaction
eth_accounts
eth_chainId
eth_getTransactionReceipt

    Transaction: 0x0ec99220028acdab162d230f7ed075bf05ebf8a4d9f0cefd79f2aa24239732c7
    Gas used: 290809

    Block Number: 224
    Block Hash: 0xbdddf0cf3ac6df9cc888973f7c3c997a61f17586bdd6c6ddc7e57e61566fd979
    Block Time: "Sun, 9 Aug 2026 16:54:44 +0000"

eth_getTransactionReceipt
eth_getBlockByNumber
eth_getBlockByNumber
eth_chainId
eth_chainId
eth_estimateGas
eth_chainId
eth_getBlockByNumber
eth_sendTransaction
eth_accounts
eth_chainId
eth_getTransactionReceipt

    Transaction: 0x58d815eb5cade181343d4e144e77018902f81c456d4c269137f9f3cbc9ec3117
    Gas used: 290809

    Block Number: 225
    Block Hash: 0x9a52a2b635c2527d40b357a8e39c1a226174a9b52bed7023edfc0509ac7ab0e5
    Block Time: "Sun, 9 Aug 2026 16:54:44 +0000"

eth_getTransactionReceipt
eth_getBlockByNumber
eth_getBlockByNumber
eth_chainId
eth_chainId
eth_estimateGas
eth_chainId
eth_getBlockByNumber
eth_sendTransaction
eth_accounts
eth_chainId
eth_getTransactionReceipt

    Transaction: 0x47cc0499aeb35f2bc126094717677768215a0359173ca4d1146a15345bfd02dc
    Gas used: 290869

    Block Number: 226
    Block Hash: 0x5f1471b59da7320f2a68138bbef8f8c5811c5c802e520819dbd29ff99fe0d45d
    Block Time: "Sun, 9 Aug 2026 16:54:45 +0000"

eth_getTransactionReceipt
eth_getBlockByNumber
eth_getBlockByNumber
eth_chainId
eth_chainId
eth_estimateGas
eth_chainId
eth_getBlockByNumber
eth_sendTransaction
eth_accounts
eth_chainId
eth_getTransactionReceipt

    Transaction: 0x6fa728c021f8f29afde953b5e370f9ecfe950ae5bbfc36f85819ba4f01bad4d5
    Gas used: 290809

    Block Number: 227
    Block Hash: 0x0427fd83d2b7865a420ec30b52a10f7dca2a4bdbd6d61360cebd0e023892b20c
    Block Time: "Sun, 9 Aug 2026 16:54:45 +0000"

eth_getTransactionReceipt
eth_getBlockByNumber
eth_getBlockByNumber
eth_chainId
eth_chainId
eth_estimateGas
eth_chainId
eth_getBlockByNumber
eth_sendTransaction
eth_accounts
eth_chainId
eth_getTransactionReceipt

    Transaction: 0x5c61881a4816d04bb292329e1b8ed38eb48589f0ac6a0f8cec5df9d316d6fe19
    Gas used: 290809

    Block Number: 228
    Block Hash: 0x0c001cc7df29d94f6773494aa630afd3f21bf976e051ee40337b690d5022f4d6
    Block Time: "Sun, 9 Aug 2026 16:54:45 +0000"

eth_getTransactionReceipt
eth_getBlockByNumber
eth_getBlockByNumber
eth_chainId
eth_chainId
eth_estimateGas
eth_chainId
eth_getBlockByNumber
eth_sendTransaction
eth_accounts
eth_chainId
eth_getTransactionReceipt

    Transaction: 0xb54c054c3eface0b15a2462fd4fae8a6c5648b650ef7679a898dfad19bb5ce04
    Gas used: 290809

    Block Number: 229
    Block Hash: 0x77f19cd4719a898eddb6858de2571917370e518fec1265bcbc1ab9e1f64bbe20
    Block Time: "Sun, 9 Aug 2026 16:54:45 +0000"

eth_getTransactionReceipt
eth_getBlockByNumber
eth_getBlockByNumber
eth_chainId
eth_chainId
eth_estimateGas
eth_chainId
eth_getBlockByNumber
eth_sendTransaction
eth_accounts
eth_chainId

    Transaction: 0x0c86e6883961a11a63ddd71cda43eebef2b1eaf2fdd7a69d41f0132bc169860d
    Gas used: 290809

    Block Number: 230
    Block Hash: 0xf4321176ec75e548263e6e05e052d2cdc2554906422d717b3b3b9d3ba3dbe638
    Block Time: "Sun, 9 Aug 2026 16:54:45 +0000"

eth_getTransactionReceipt
eth_getBlockByNumber
eth_getBlockByNumber
eth_chainId
eth_chainId
eth_estimateGas
eth_chainId
eth_getBlockByNumber
eth_sendTransaction
eth_accounts
eth_chainId
eth_getTransactionReceipt

    Transaction: 0xf04c1e384189590678e20023de948848c94f0cecdd32135cc5fed87e81d4d4c7
    Gas used: 290809

    Block Number: 231
    Block Hash: 0xccbfa9f0dce5568cf7b2b57935c24f2e28a5a7d5b3ead5052cc9a66cd672f962
    Block Time: "Sun, 9 Aug 2026 16:54:45 +0000"

eth_getTransactionReceipt
eth_getBlockByNumber
eth_getBlockByNumber
eth_chainId
eth_chainId
eth_estimateGas
eth_chainId
eth_getBlockByNumber
eth_sendTransaction
eth_accounts
eth_chainId
eth_getTransactionReceipt

    Transaction: 0xbd23f661eb43aff917f4f58bcc1e622418135c78a1e9aa01b053c248f8b09290
    Gas used: 290869

    Block Number: 232
    Block Hash: 0x6172915f362c0d91310ba1fcb377bc005c343e9e35fade2b0c9d2379b3b532e9
    Block Time: "Sun, 9 Aug 2026 16:54:45 +0000"

eth_getTransactionReceipt
eth_getBlockByNumber
eth_getBlockByNumber
eth_chainId
eth_chainId
eth_estimateGas
eth_chainId
eth_getBlockByNumber
eth_sendTransaction
eth_accounts
eth_chainId
eth_getTransactionReceipt

    Transaction: 0xa45841f8c2f466ba795c3613f8b2b6c921c7920aa41a36fb833cd9ab1b4736bc
    Gas used: 290809

    Block Number: 233
    Block Hash: 0xadb99643d98a3a53598f41bf09384ea274726264acea7116146d19d1fbec6a64
    Block Time: "Sun, 9 Aug 2026 16:54:45 +0000"

eth_getTransactionReceipt
eth_getBlockByNumber
eth_getBlockByNumber
eth_chainId
eth_chainId
eth_estimateGas
eth_chainId
eth_getBlockByNumber
eth_sendTransaction
eth_accounts
eth_chainId
eth_getTransactionReceipt

    Transaction: 0x81625abe6128d42cd457ee19b516b3d5df07f0acfaf18ae799558317a1f47c75
    Gas used: 290809

    Block Number: 234
    Block Hash: 0x3de992906eefc054346bc20848329750eeda32cedd0650fe2a060ffefddee3c6
    Block Time: "Sun, 9 Aug 2026 16:54:45 +0000"

eth_getTransactionReceipt
eth_getBlockByNumber
eth_getBlockByNumber
eth_chainId
eth_chainId
eth_estimateGas
eth_chainId
eth_getBlockByNumber
eth_sendTransaction
eth_accounts
eth_chainId
eth_getTransactionReceipt

    Transaction: 0xae9156d77fa1a3b2a49ed8f4de8fc861089b63ce55f86966b95f3d58e7adffce
    Gas used: 290809

    Block Number: 235
    Block Hash: 0x4fe54c746da12195de08763188d9abde4cb0e350c84c888660262960c7d81b92
    Block Time: "Sun, 9 Aug 2026 16:54:46 +0000"

eth_getTransactionReceipt
eth_getBlockByNumber
eth_getBlockByNumber
eth_chainId
eth_chainId
eth_estimateGas
eth_chainId
eth_getBlockByNumber
eth_sendTransaction
eth_accounts
eth_chainId
eth_getTransactionReceipt

    Transaction: 0x925fc309f3cc2e3c9d793ffb46755dce58e85e8955a27f4590ae889a845a4dea
    Gas used: 290809

    Block Number: 236
    Block Hash: 0xfebe47a65eaa170ed1eab4751671ab89b7a6525137ff5b9dc69435b6373f9884
    Block Time: "Sun, 9 Aug 2026 16:54:46 +0000"

eth_getTransactionReceipt
eth_getBlockByNumber
eth_getBlockByNumber
eth_chainId
eth_chainId
eth_estimateGas
eth_chainId
eth_getBlockByNumber
eth_sendTransaction
eth_accounts
eth_chainId
eth_getTransactionReceipt

    Transaction: 0x83f0c25d129b1c85a0811e8041450bd77b3c1052896aebd981e67996cb586555
    Gas used: 290809

    Block Number: 237
    Block Hash: 0xf54bd66cb9ac650a896c10ed636a3afaa82ea2d0c916f62675a25b36db58b197
    Block Time: "Sun, 9 Aug 2026 16:54:46 +0000"

eth_getTransactionReceipt
eth_getBlockByNumber
eth_getBlockByNumber
eth_chainId
eth_chainId
eth_estimateGas
eth_chainId
eth_getBlockByNumber
eth_sendTransaction
eth_accounts
eth_chainId
eth_getTransactionReceipt

    Transaction: 0x45f0f8f7529b41f2f5d7c3077bdb39db9e53b0b9ac666bf99b9f0e09765a9da5
    Gas used: 290809

    Block Number: 238
    Block Hash: 0x38dfceae730fb445887daac55d382cf839576a78042a6ac55ca5b8248729f05a
    Block Time: "Sun, 9 Aug 2026 16:54:46 +0000"

eth_getTransactionReceipt
eth_getBlockByNumber
eth_getBlockByNumber
eth_chainId
eth_chainId
eth_estimateGas
eth_chainId
eth_getBlockByNumber
eth_sendTransaction
eth_accounts
eth_chainId
eth_getTransactionReceipt

    Transaction: 0x51f65a50f1aa3fcae6a06369315e004932e79e740698ee34ef8d5b8ceb9ee0c4
    Gas used: 290809

    Block Number: 239
    Block Hash: 0x801533abdf8691a830f7605d47479552950755a582a50676e32544346d5b7a5b
    Block Time: "Sun, 9 Aug 2026 16:54:46 +0000"

eth_getTransactionReceipt
eth_getBlockByNumber
eth_getBlockByNumber
eth_chainId
eth_chainId
eth_estimateGas
eth_chainId
eth_getBlockByNumber
eth_sendTransaction
eth_accounts
eth_chainId
eth_getTransactionReceipt

    Transaction: 0xfa40addcc396c07bb5f0d4b6f3e0e201dbcf567697f1e302f4bc59ba5bd5e71d
    Gas used: 290809

    Block Number: 240
    Block Hash: 0xf2ee13b3203ffe8191e398c640e38ed54adc59db95fcccf836323826fdf77988
    Block Time: "Sun, 9 Aug 2026 16:54:46 +0000"

eth_getTransactionReceipt
eth_getBlockByNumber
eth_getBlockByNumber
eth_chainId
eth_chainId
eth_estimateGas
eth_chainId
eth_getBlockByNumber
eth_sendTransaction
eth_accounts
eth_chainId
eth_getTransactionReceipt

    Transaction: 0xa3e5b470f971b36f17edcfe7e2489048294dc5d6ff71af2e0fe174f3b22483a2
    Gas used: 290809

    Block Number: 241
    Block Hash: 0xcec594a1aaabe4e8f5d4d432d48ac96d318d032812b86015b82f89746a76c707
    Block Time: "Sun, 9 Aug 2026 16:54:46 +0000"

eth_getTransactionReceipt
eth_getBlockByNumber
eth_getBlockByNumber
eth_chainId
eth_chainId
eth_estimateGas
eth_chainId
eth_getBlockByNumber
eth_sendTransaction
eth_accounts
eth_chainId
eth_getTransactionReceipt

    Transaction: 0xf2369fc4d02f5130d0ab61175cc16ba373005678d114a4a689f1e116e34815f1
    Gas used: 290821

    Block Number: 242
    Block Hash: 0x1d0651abc5a64416daa9841654ef3531ddfed31e3add57e061b652fe67d08624
    Block Time: "Sun, 9 Aug 2026 16:54:47 +0000"

eth_getTransactionReceipt
eth_getBlockByNumber
eth_getBlockByNumber
eth_chainId
eth_chainId
eth_estimateGas
eth_chainId
eth_getBlockByNumber
eth_sendTransaction
eth_accounts
eth_chainId
eth_getTransactionReceipt

    Transaction: 0xa19de4e453e1459c160fb7c6d49869a0c975da97395d1a88f9b18c97a32c1ad7
    Gas used: 290869

    Block Number: 243
    Block Hash: 0xbe91118c28e2c8e3d12fad879267ff510c90d68c47e6d1697a8dfdaa681ce2cb
    Block Time: "Sun, 9 Aug 2026 16:54:47 +0000"

eth_getTransactionReceipt
eth_getBlockByNumber
eth_getBlockByNumber
eth_chainId
eth_chainId
eth_estimateGas
eth_chainId
eth_getBlockByNumber
eth_sendTransaction
eth_accounts
eth_chainId
eth_getTransactionReceipt

    Transaction: 0x0c203e635af4e28949bfb05cea86fc329158288fc30bcbbba53c2f4f3550cdf5
    Gas used: 290809

    Block Number: 244
    Block Hash: 0xe102a5aa2c9fff6e4d276a4c69e117fbae543ccbdacaa7ef448af6bd86da8ed6
    Block Time: "Sun, 9 Aug 2026 16:54:47 +0000"

eth_getTransactionReceipt
eth_getBlockByNumber
eth_getBlockByNumber
eth_chainId
eth_chainId
eth_estimateGas
eth_chainId
eth_getBlockByNumber
eth_sendTransaction
eth_accounts
eth_chainId
eth_getTransactionReceipt

    Transaction: 0x9edf4db768ce8ef70d22d27ee67afb03a705d97af6a21e38d01aadb0995570a7
    Gas used: 290809

    Block Number: 245
    Block Hash: 0x3ddef18119c9b82c30c6704630954c65879bd9d47d7b3a2daf1d9538c175bfc7
    Block Time: "Sun, 9 Aug 2026 16:54:47 +0000"

eth_getTransactionReceipt
eth_getBlockByNumber
eth_getBlockByNumber
eth_chainId
eth_chainId
eth_estimateGas
eth_chainId
eth_getBlockByNumber
eth_sendTransaction
eth_accounts
eth_chainId
eth_getTransactionReceipt

    Transaction: 0x8a0b62f23e276989c7ebb7df14becaabd01bd9b0dd6d7fef71992b208b5ef13a
    Gas used: 290809

    Block Number: 246
    Block Hash: 0x590e0ff98d01e99635aa1319e8f34a47eadf0c6b716daeb03620aabc84dca060
    Block Time: "Sun, 9 Aug 2026 16:54:47 +0000"

eth_getTransactionReceipt
eth_getBlockByNumber
eth_getBlockByNumber
eth_chainId
eth_chainId
eth_estimateGas
eth_chainId
eth_getBlockByNumber
eth_sendTransaction
eth_accounts
eth_chainId
eth_getTransactionReceipt

    Transaction: 0x239145746250cffb2eab6df35c0a56054bc8189d2fb044856eea4563f3cdb7b6
    Gas used: 290809

    Block Number: 247
    Block Hash: 0x6ae8f6974438a2944ff49c39ee0f707c85328f200a2b116a011eaa8c12b5af97
    Block Time: "Sun, 9 Aug 2026 16:54:47 +0000"

eth_getTransactionReceipt
eth_getBlockByNumber
eth_getBlockByNumber
eth_chainId
eth_chainId
eth_estimateGas
eth_chainId
eth_getBlockByNumber
eth_sendTransaction
eth_accounts
eth_chainId
eth_getTransactionReceipt

    Transaction: 0xb607a638e529e188a880a59bcd85a9d0d9a81a12274d3f0a2b3e4ec10a29b2a0
    Gas used: 290809

    Block Number: 248
    Block Hash: 0x4c97b5b9c75459f73d2c48ea239957a9cf0420d49921120450a17e74adb140f1
    Block Time: "Sun, 9 Aug 2026 16:54:47 +0000"

eth_getTransactionReceipt
eth_getBlockByNumber
eth_getBlockByNumber
eth_chainId
eth_chainId
eth_estimateGas
eth_chainId
eth_getBlockByNumber
eth_sendTransaction
eth_accounts
eth_chainId
eth_getTransactionReceipt

    Transaction: 0x445c293466afb553ce928be796e6c78fcd361cc2ae7d591a9c085a9b690468a5
    Gas used: 290809

    Block Number: 249
    Block Hash: 0xb77632935c70b8ee6297c24e5011da625e24a5c4fc94e2bb376dfb463b2ff2ad
    Block Time: "Sun, 9 Aug 2026 16:54:47 +0000"

eth_getTransactionReceipt
eth_getBlockByNumber
eth_getBlockByNumber
eth_chainId
eth_chainId
eth_estimateGas
eth_chainId
eth_getBlockByNumber
eth_sendTransaction
eth_accounts
eth_chainId
eth_getTransactionReceipt

    Transaction: 0x3c8558bcad5ee84e5c7c11d73e54d7722d14fb365f48639c2f6f301bf675a7d9
    Gas used: 290809

    Block Number: 250
    Block Hash: 0x3f1c389256a0d74a2fa782bfd2182465183da5bcfdcd2b91c0b60775336775cc
    Block Time: "Sun, 9 Aug 2026 16:54:48 +0000"

eth_getTransactionReceipt
eth_getBlockByNumber
eth_getBlockByNumber
eth_chainId
eth_chainId
eth_estimateGas
eth_chainId
eth_getBlockByNumber
eth_sendTransaction
eth_accounts
eth_chainId
eth_getTransactionReceipt

    Transaction: 0x9834b7656ba7dc474f5492aa9c33467e90040ae6b4b1b41c49cb16dae566351d
    Gas used: 290809

    Block Number: 251
    Block Hash: 0x117b00ab27b377092f9fcf34ce02a1f77d8669534014007f874deb19ed23b483
    Block Time: "Sun, 9 Aug 2026 16:54:48 +0000"

eth_getTransactionReceipt
eth_getBlockByNumber
eth_getBlockByNumber
eth_chainId
eth_chainId
eth_estimateGas
eth_chainId
eth_getBlockByNumber
eth_sendTransaction
eth_accounts
eth_chainId
eth_getTransactionReceipt

    Transaction: 0x89c9055003a0aec1f05133f61e366ff6c45cdd758ef2a5198f2e444ad9697350
    Gas used: 290809

    Block Number: 252
    Block Hash: 0xc71f4709ed2564ceb6996dc254e29bfd65158e1fdce61850c01bc047a9e867f0
    Block Time: "Sun, 9 Aug 2026 16:54:48 +0000"

eth_getTransactionReceipt
eth_getBlockByNumber
eth_getBlockByNumber
eth_chainId
eth_chainId
eth_estimateGas
eth_chainId
eth_getBlockByNumber
eth_sendTransaction
eth_accounts
eth_chainId
eth_getTransactionReceipt

    Transaction: 0x1aaaed191e3b88197c38b16a236c8568ffcae35b9b49ecb0cedd89222c27d5c1
    Gas used: 290821

    Block Number: 253
    Block Hash: 0x5354c4e063a052dcd109010c86587ef987a2b7085f3e7a7f53cfda27e6ea4316
    Block Time: "Sun, 9 Aug 2026 16:54:48 +0000"

eth_getTransactionReceipt
eth_getBlockByNumber
eth_getBlockByNumber
eth_chainId
eth_chainId
eth_estimateGas
eth_chainId
eth_getBlockByNumber
eth_sendTransaction
eth_accounts
eth_chainId
eth_getTransactionReceipt

    Transaction: 0x88b57003c81ae3d096350c022100b262bee777186641cb6c48819edcae8829d1
    Gas used: 290821

    Block Number: 254
    Block Hash: 0xd51ed283ec4a4b73f611427c2f1bfbdfc51bcc41b656b21b6c6e4275f8b98da1
    Block Time: "Sun, 9 Aug 2026 16:54:48 +0000"

eth_getTransactionReceipt
eth_getBlockByNumber
eth_getBlockByNumber
eth_chainId
eth_chainId
eth_estimateGas
eth_chainId
eth_getBlockByNumber
eth_sendTransaction
eth_accounts
eth_chainId
eth_getTransactionReceipt

    Transaction: 0xdf50d4cc8da9e0f32cb5363a517c14c52f22c3725a4a8450ab1d56c7a20d7e70
    Gas used: 290821

    Block Number: 255
    Block Hash: 0xa587b7d231d1c72d4f04d4b9bacd734e09d31394ab7f1e550ba14562ff4bb1fd
    Block Time: "Sun, 9 Aug 2026 16:54:48 +0000"

eth_getTransactionReceipt
eth_getBlockByNumber
eth_getBlockByNumber
eth_chainId
eth_chainId
eth_estimateGas
eth_chainId
eth_getBlockByNumber
eth_sendTransaction
eth_accounts
eth_chainId
eth_getTransactionReceipt

    Transaction: 0xc3bfd835021571d440a98f5c0171f5e2bcefa441015d99f84b4e6b4081536bf4
    Gas used: 290821

    Block Number: 256
    Block Hash: 0xcb71781cad13c3fcfedbc39db096414c554bdb22d536920216d94e10270b7765
    Block Time: "Sun, 9 Aug 2026 16:54:48 +0000"

eth_getTransactionReceipt
eth_getBlockByNumber
eth_getBlockByNumber
eth_chainId
eth_chainId
eth_estimateGas
eth_chainId
eth_getBlockByNumber
eth_sendTransaction
eth_accounts
eth_chainId
eth_getTransactionReceipt

    Transaction: 0xfcbc40de692c18d61f6e5eb6628e0365e33b1fe6f67b94d37d126916d4402cc8
    Gas used: 290821

    Block Number: 257
    Block Hash: 0x205ae74263599930bd4fad63e2b04b8cfc1243595548216cca8f8cb981e15550
    Block Time: "Sun, 9 Aug 2026 16:54:48 +0000"

eth_getTransactionReceipt
eth_getBlockByNumber
eth_getBlockByNumber
eth_chainId
eth_chainId
eth_estimateGas
eth_chainId
eth_getBlockByNumber
eth_sendTransaction
eth_accounts
eth_chainId
eth_getTransactionReceipt

    Transaction: 0x16fe92f1aede1c49e025c71cf8c8c7ae6c5538181cb743e366c8fb6fed9c8ab7
    Gas used: 290821

    Block Number: 258
    Block Hash: 0x37e4b49b2f2fb0aff7cede61e3779d0f86d9ef5608c614cf22e17c50705fe1b7
    Block Time: "Sun, 9 Aug 2026 16:54:49 +0000"

eth_getTransactionReceipt
eth_getBlockByNumber
eth_getBlockByNumber
eth_chainId
eth_chainId
eth_estimateGas
eth_chainId
eth_getBlockByNumber
eth_sendTransaction
eth_accounts
eth_chainId
eth_getTransactionReceipt

    Transaction: 0xdcf6067d36062364cd2b5d779b973740121905cca02493119d23f68e4ac762d3
    Gas used: 290821

    Block Number: 259
    Block Hash: 0xab700cd24fd0a38d757f4731070901088805c96d1210f609aa829cdd0da0e922
    Block Time: "Sun, 9 Aug 2026 16:54:49 +0000"

eth_getTransactionReceipt
eth_getBlockByNumber
eth_getBlockByNumber
eth_chainId
eth_chainId
eth_estimateGas
eth_chainId
eth_getBlockByNumber
eth_sendTransaction
eth_accounts
eth_chainId
eth_getTransactionReceipt

    Transaction: 0x772283b675329fd8378a2edb5f82d9bd9e501675fb33a72d6763a7e4a2decdb0
    Gas used: 290821

    Block Number: 260
    Block Hash: 0x045b3c45fc894860feab8d8b003b6220ec5eab99cf85c3b6e12350f2eca2498a
    Block Time: "Sun, 9 Aug 2026 16:54:49 +0000"

eth_getTransactionReceipt
eth_getBlockByNumber
eth_getBlockByNumber
eth_chainId
eth_chainId
eth_estimateGas
eth_chainId
eth_getBlockByNumber
eth_sendTransaction
eth_accounts
eth_chainId
eth_getTransactionReceipt

    Transaction: 0x1bd3366e9a436144b84543429ae763d2a049343d2b09adeb0264ede8d23760a4
    Gas used: 290821

    Block Number: 261
    Block Hash: 0x7d0abd8c254147aba266a0681de7fd5cf306b8bcca2dc3009fb8fd566e060784
    Block Time: "Sun, 9 Aug 2026 16:54:49 +0000"

eth_getTransactionReceipt
eth_getBlockByNumber
eth_getBlockByNumber
eth_chainId
eth_chainId
eth_estimateGas
eth_chainId
eth_getBlockByNumber
eth_sendTransaction
eth_accounts
eth_chainId
eth_getTransactionReceipt

    Transaction: 0xfa51ce487957a130fb3646cefd5f9e3dea7cb2ceaca61c5592e7df4f2ab9f356
    Gas used: 290821

    Block Number: 262
    Block Hash: 0xe33616a6a3ed54faa617168376ca85da7e35e635b9ca5cbb2cb73302bb0e4ecc
    Block Time: "Sun, 9 Aug 2026 16:54:49 +0000"

eth_getTransactionReceipt
eth_getBlockByNumber
eth_getBlockByNumber
eth_chainId
eth_chainId
eth_estimateGas
eth_chainId
eth_getBlockByNumber
eth_sendTransaction
eth_accounts
eth_chainId
eth_getTransactionReceipt

    Transaction: 0x0ede1e861f4dc72ed71b55861d8d99188d7097cf5b74d29aa9cb7c83fa2e7fe7
    Gas used: 290821

    Block Number: 263
    Block Hash: 0x9dad6a44c73d9d27b7a7b1504939635a1b03332116f7599263a577bff298ba0c
    Block Time: "Sun, 9 Aug 2026 16:54:49 +0000"

eth_getTransactionReceipt
eth_getBlockByNumber
eth_getBlockByNumber
eth_chainId
eth_chainId
eth_estimateGas
eth_chainId
eth_getBlockByNumber
eth_sendTransaction
eth_accounts
eth_chainId
eth_getTransactionReceipt

    Transaction: 0x61deb320ba171442eeb688b88b41374dd5da4f3a10b272c026cfe37f032d4ae5
    Gas used: 290821

    Block Number: 264
    Block Hash: 0xfbe1f270e174a120e47322aec740feae34b449dfe772b5c85a2141a2a1457d1b
    Block Time: "Sun, 9 Aug 2026 16:54:49 +0000"

eth_getTransactionReceipt
eth_getBlockByNumber
eth_getBlockByNumber
eth_chainId
eth_chainId
eth_estimateGas
eth_chainId
eth_getBlockByNumber
eth_sendTransaction
eth_accounts
eth_chainId
eth_getTransactionReceipt

    Transaction: 0x134813b12f1e8b8f95176ab2e758a5e12df82ee180745b0659f6fa134b5bb7d3
    Gas used: 290821

    Block Number: 265
    Block Hash: 0x054910ae822ed346936777782039dd386dd5675f9fba4984bb59a6588284ad4e
    Block Time: "Sun, 9 Aug 2026 16:54:49 +0000"

eth_getTransactionReceipt
eth_getBlockByNumber
eth_getBlockByNumber
eth_chainId
eth_chainId
eth_estimateGas
eth_chainId
eth_getBlockByNumber
eth_sendTransaction
eth_accounts
eth_chainId
eth_getTransactionReceipt

    Transaction: 0x5ef5179b9bfd10659309a4af1646ad3910557db993ff81cced3f6e72b1d9d355
    Gas used: 290821

    Block Number: 266
    Block Hash: 0x01c992f5549a277771720f3b033bd01261e3100a2beeb2c771710e19a7e10cb0
    Block Time: "Sun, 9 Aug 2026 16:54:50 +0000"

eth_getTransactionReceipt
eth_getBlockByNumber
eth_getBlockByNumber
eth_chainId
eth_chainId
eth_estimateGas
eth_chainId
eth_getBlockByNumber
eth_sendTransaction
eth_accounts
eth_chainId
eth_getTransactionReceipt

    Transaction: 0xd09f68cea7c72e45f2c77dbc387ae35151f1e5efd0506f79db9d6e5b7d8bd7fb
    Gas used: 290821

    Block Number: 267
    Block Hash: 0x7b91dca92cf327ad59cb03e85dda3c55074537bd198bf0ffe497ff99e3201a33
    Block Time: "Sun, 9 Aug 2026 16:54:50 +0000"

eth_getTransactionReceipt
eth_getBlockByNumber
eth_getBlockByNumber
eth_chainId
eth_chainId
eth_estimateGas
eth_chainId
eth_getBlockByNumber
eth_sendTransaction
eth_accounts
eth_chainId
eth_getTransactionReceipt

    Transaction: 0x501f434329364f454e977989967022bd6795e137f203b18e6295382f7ed4e837
    Gas used: 290821

    Block Number: 268
    Block Hash: 0xbe909d7a119de659bf225185e585203c27f6a929b9abba56539255fe015884a3
    Block Time: "Sun, 9 Aug 2026 16:54:50 +0000"

eth_getTransactionReceipt
eth_getBlockByNumber
eth_getBlockByNumber
eth_chainId
eth_chainId
eth_estimateGas
eth_chainId
eth_getBlockByNumber
eth_sendTransaction
eth_accounts
eth_chainId
eth_getTransactionReceipt

    Transaction: 0x0ca6d3b03ff7d80fa3889ce1c397f3190d5c93beee793c92e2e71dd4ce10ecd4
    Gas used: 290869

    Block Number: 269
    Block Hash: 0x8e1748d7c4eb0115d6b46a772f5c8457013d1cc6ce8ff8209003bf280ea7ac49
    Block Time: "Sun, 9 Aug 2026 16:54:50 +0000"

eth_getTransactionReceipt
eth_getBlockByNumber
eth_getBlockByNumber
eth_chainId
eth_chainId
eth_estimateGas
eth_chainId
eth_getBlockByNumber
eth_sendTransaction
eth_accounts
eth_chainId
eth_getTransactionReceipt

    Transaction: 0xe1752312a3691b06185ccf320889ce297cb71c79a83a8b790048d819e1c2064c
    Gas used: 290809

    Block Number: 270
    Block Hash: 0x8b13c8aba69e7e1d2e7ef5ded0073f5b5d0665e9b9c79ee16f23606ca9f62fef
    Block Time: "Sun, 9 Aug 2026 16:54:50 +0000"

eth_getTransactionReceipt
eth_getBlockByNumber
eth_getBlockByNumber
eth_chainId
eth_chainId
eth_estimateGas
eth_chainId
eth_getBlockByNumber
eth_sendTransaction
eth_accounts
eth_chainId
eth_getTransactionReceipt

    Transaction: 0x18c4634029c427afb2db556f8d10c533b2cb30fec32caa8ae91f955981a61c8e
    Gas used: 290809

    Block Number: 271
    Block Hash: 0xe9e08ecaf884bf56e12781cb522551cf3ad5b6ddec4aeae0e778913f3c1ce46a
    Block Time: "Sun, 9 Aug 2026 16:54:50 +0000"

eth_getTransactionReceipt
eth_getBlockByNumber
eth_getBlockByNumber
eth_chainId
eth_chainId
eth_estimateGas
eth_chainId
eth_getBlockByNumber
eth_sendTransaction
eth_accounts
eth_chainId
eth_getTransactionReceipt

    Transaction: 0x4935c724782703653cc1380e17e83b90a7773c002c1c31dbd536d760c73bf03f
    Gas used: 290809

    Block Number: 272
    Block Hash: 0x85b3632e1c2eaf137453003a7b30df687647976590f657aed7bb758ccfad8053
    Block Time: "Sun, 9 Aug 2026 16:54:50 +0000"

eth_getTransactionReceipt
eth_getBlockByNumber
eth_getBlockByNumber
eth_chainId
eth_chainId
eth_estimateGas
eth_chainId
eth_getBlockByNumber
eth_sendTransaction
eth_accounts
eth_chainId
eth_getTransactionReceipt

    Transaction: 0xa4a7c940a3266b92a5186679c62e78e1337c72a618e3e2dad27c4bcf869f0b58
    Gas used: 290809

    Block Number: 273
    Block Hash: 0x33a3a5f6314522455da26065e7205ca4f503017d0114ce9645ccffc28d5e74c9
    Block Time: "Sun, 9 Aug 2026 16:54:50 +0000"

eth_getTransactionReceipt
eth_getBlockByNumber
eth_getBlockByNumber
eth_chainId
eth_chainId
eth_estimateGas
eth_chainId
eth_getBlockByNumber
eth_sendTransaction
eth_accounts
eth_chainId
eth_getTransactionReceipt

    Transaction: 0xb76be240a2e2b36a1f8dbd9aee982a9674c16ed5c4a9649e15368758014fd319
    Gas used: 290809

    Block Number: 274
    Block Hash: 0x8092ab534753bd83fcc42ce02dfdd3a0123b4bf621c5e4470669f1a38e594a5a
    Block Time: "Sun, 9 Aug 2026 16:54:51 +0000"

eth_getTransactionReceipt
eth_getBlockByNumber
eth_getBlockByNumber
eth_chainId
eth_chainId
eth_estimateGas
eth_chainId
eth_getBlockByNumber
eth_sendTransaction
eth_accounts
eth_chainId
eth_getTransactionReceipt

    Transaction: 0xc3e78f332fb3fd0637d050da4276c6ecf81e79e7ff0ca39585919b605ce37aea
    Gas used: 290809

    Block Number: 275
    Block Hash: 0x8f9a653bd5e8a4f32c4af6608d8c02e9859aaace8067daca66144aa59be1d829
    Block Time: "Sun, 9 Aug 2026 16:54:51 +0000"

eth_getTransactionReceipt
eth_getBlockByNumber
eth_getBlockByNumber
eth_chainId
eth_chainId
eth_estimateGas
eth_chainId
eth_getBlockByNumber
eth_sendTransaction
eth_accounts
eth_chainId
eth_getTransactionReceipt

    Transaction: 0xd4799d15030e0bd0139c18817b99e8aca6563ec7a2df9d3bc2c9df83f1052ba3
    Gas used: 290809

    Block Number: 276
    Block Hash: 0xf861c09408c8f0075a7f43c94768c4cd85b8da57d609059b6db3d29ca4fdfdc9
    Block Time: "Sun, 9 Aug 2026 16:54:51 +0000"

eth_getTransactionReceipt
eth_getBlockByNumber
eth_getBlockByNumber
eth_chainId
eth_chainId
eth_estimateGas
eth_chainId
eth_getBlockByNumber
eth_sendTransaction
eth_accounts
eth_chainId
eth_getTransactionReceipt

    Transaction: 0x6492614d4818db70e74fe6df625eb7e920abef9cc0df79793dfc17f49b80186c
    Gas used: 290809

    Block Number: 277
    Block Hash: 0x83c8bd7f6a42f36faed35feb08c6b32b8bab00c7753cf2689fa497c7625c58b8
    Block Time: "Sun, 9 Aug 2026 16:54:51 +0000"

eth_getTransactionReceipt
eth_getBlockByNumber
eth_getBlockByNumber
eth_chainId
eth_chainId
eth_estimateGas
eth_chainId
eth_getBlockByNumber
eth_sendTransaction
eth_accounts
eth_chainId
eth_getTransactionReceipt

    Transaction: 0xccbc4522aa368326f86c775e9e8b845c09256e058012b1ccde09046d0df968bf
    Gas used: 290809

    Block Number: 278
    Block Hash: 0x45d124f92b1a2831fa77866df62fad7c882288de955eb61e09092ee85c4cece8
    Block Time: "Sun, 9 Aug 2026 16:54:51 +0000"

eth_getTransactionReceipt
eth_getBlockByNumber
eth_getBlockByNumber
eth_chainId
eth_chainId
eth_estimateGas
eth_chainId
eth_getBlockByNumber
eth_sendTransaction
eth_accounts
eth_chainId
eth_getTransactionReceipt

    Transaction: 0x1e99728579bc0e40d9568f6bca8ef26908da236bd3c13746ad6d0d4b45b4c78e
    Gas used: 290821

    Block Number: 279
    Block Hash: 0x167f7d83c61a656ff43b497d6b7bcca4dc1e627f54c938e007cd9a1c17e264ab
    Block Time: "Sun, 9 Aug 2026 16:54:51 +0000"

eth_getTransactionReceipt
eth_getBlockByNumber
eth_getBlockByNumber
eth_chainId
eth_chainId
eth_estimateGas
eth_chainId
eth_getBlockByNumber
eth_sendTransaction
eth_accounts
eth_chainId
eth_getTransactionReceipt

    Transaction: 0x72c62c33d4439f51c87f6c4b8bf2fc20b459c82ce5028fdad1bdf737765bd1cc
    Gas used: 290821

    Block Number: 280
    Block Hash: 0x85690db4d8a1910b640e823e87410363ca63b9ee28f26fae289875161a965b09
    Block Time: "Sun, 9 Aug 2026 16:54:51 +0000"

eth_getTransactionReceipt
eth_getBlockByNumber
eth_getBlockByNumber
eth_chainId
eth_chainId
eth_estimateGas
eth_chainId
eth_getBlockByNumber
eth_sendTransaction
eth_accounts
eth_chainId
eth_getTransactionReceipt

    Transaction: 0x4d32a12a4c05a99eac1fec041c6a9596063418ed198b32347c1f0a12f488e451
    Gas used: 290821

    Block Number: 281
    Block Hash: 0xdfb0c6d6f4cd276cafe7285cc94f81c33b211638411adbe7057d65c20e9efd79
    Block Time: "Sun, 9 Aug 2026 16:54:51 +0000"

eth_getTransactionReceipt
eth_getBlockByNumber
eth_getBlockByNumber
eth_chainId
eth_chainId
eth_estimateGas
eth_chainId
eth_getBlockByNumber
eth_sendTransaction
eth_accounts
eth_chainId
eth_getTransactionReceipt

    Transaction: 0x9b7cd9142ef8a8ce9db4250f54a87f565b8a8566b6180de6b78620a09d822bf8
    Gas used: 290821

    Block Number: 282
    Block Hash: 0xa3fe106a2f840e0469994b8b3976be0d1ca54c93d60d1b73f24cd665b9d34182
    Block Time: "Sun, 9 Aug 2026 16:54:52 +0000"

eth_getTransactionReceipt
eth_getBlockByNumber
eth_getBlockByNumber
eth_chainId
eth_chainId
eth_estimateGas
eth_chainId
eth_getBlockByNumber
eth_sendTransaction
eth_accounts
eth_chainId
eth_getTransactionReceipt

    Transaction: 0x790be9c91c23e08dc903471ce52d8132e8b3aec662d89461107ed0bf6d629007
    Gas used: 290821

    Block Number: 283
    Block Hash: 0xbf420eb9e264512ee948a21447d4080065cf9a24d090461ed00a7b07e1a23607
    Block Time: "Sun, 9 Aug 2026 16:54:52 +0000"

eth_getTransactionReceipt
eth_getBlockByNumber
eth_getBlockByNumber
eth_chainId
eth_chainId
eth_estimateGas
eth_chainId
eth_getBlockByNumber
eth_sendTransaction
eth_accounts
eth_chainId
eth_getTransactionReceipt

    Transaction: 0xc8f795b5111e79ee0c9603876d48fc504acc96d6a21597c6701aac23b4a151a9
    Gas used: 290821

    Block Number: 284
    Block Hash: 0x3806183d37a87f0460828ac5a7e8fdc4257f557c6d66859f7384dc17b03fae96
    Block Time: "Sun, 9 Aug 2026 16:54:52 +0000"

eth_getTransactionReceipt
eth_getBlockByNumber
eth_getBlockByNumber
eth_chainId
eth_chainId
eth_estimateGas
eth_chainId
eth_getBlockByNumber
eth_sendTransaction
eth_accounts
eth_chainId

    Transaction: 0xbbb485b28062b442866118ed444eadf44ad62f14a7d4df515d5e67d67f4002bf
    Gas used: 290821

    Block Number: 285
    Block Hash: 0xd6284f1065782e293cf0026db0735ac5b09fbd31e832d14eec82237d785d4185
    Block Time: "Sun, 9 Aug 2026 16:54:52 +0000"

eth_getTransactionReceipt
eth_getBlockByNumber
eth_getBlockByNumber
eth_chainId
eth_chainId
eth_estimateGas
eth_chainId
eth_getBlockByNumber
eth_sendTransaction
eth_accounts
eth_chainId
eth_getTransactionReceipt

    Transaction: 0x7920040fcb3f6884402d192eafcac2ddaa994e94597e4cca92de06ec0d3fe217
    Gas used: 290821

    Block Number: 286
    Block Hash: 0xe2ceece47d0ca02283edc733ab25c0aa41948b644e39027ffc72d7920d69af25
    Block Time: "Sun, 9 Aug 2026 16:54:52 +0000"

eth_getTransactionReceipt
eth_getBlockByNumber
eth_getBlockByNumber
eth_chainId
eth_chainId
eth_estimateGas
eth_chainId
eth_getBlockByNumber
eth_sendTransaction
eth_accounts
eth_chainId
eth_getTransactionReceipt

    Transaction: 0x503f2f74b2626f958d017b97dc4b05c3253efef1a77d7de10c8577474dc91837
    Gas used: 290821

    Block Number: 287
    Block Hash: 0xa7d204d7512e24db2f1ee15502f6b73c008df407a0d6c1be97cd0ff657dab497
    Block Time: "Sun, 9 Aug 2026 16:54:52 +0000"

eth_getTransactionReceipt
eth_getBlockByNumber
eth_getBlockByNumber
eth_chainId
eth_chainId
eth_estimateGas
eth_chainId
eth_getBlockByNumber
eth_sendTransaction
eth_accounts
eth_chainId
eth_getTransactionReceipt

    Transaction: 0x243d55a60c083e217c2694a39744222f035aeefa5887935388a6b015abf1e59d
    Gas used: 290821

    Block Number: 288
    Block Hash: 0xe6a59aa1f67de9468c42a988ee112475cfadb9ef77372815dd7cc44039fe366d
    Block Time: "Sun, 9 Aug 2026 16:54:52 +0000"

eth_getTransactionReceipt
eth_getBlockByNumber
eth_getBlockByNumber
eth_chainId
eth_chainId
eth_estimateGas
eth_chainId
eth_getBlockByNumber
eth_sendTransaction
eth_accounts
eth_chainId
eth_getTransactionReceipt

    Transaction: 0xf69863f39a725f9dcd9623eacad4ab677e0fd7369ca4142eb51f32aeef0e3887
    Gas used: 290821

    Block Number: 289
    Block Hash: 0x9d9a1d5072119ac4f8cf3d3e55b071690427ba50d88dc42b4b55c18b07047d64
    Block Time: "Sun, 9 Aug 2026 16:54:52 +0000"

eth_getTransactionReceipt
eth_getBlockByNumber
eth_getBlockByNumber
eth_chainId
eth_chainId
eth_estimateGas
eth_chainId
eth_getBlockByNumber
eth_sendTransaction
eth_accounts
eth_chainId
eth_getTransactionReceipt

    Transaction: 0xc069899ddd278e4dc98023ff1a3981ce9e7f262ae15c07dee830fb6728d02b45
    Gas used: 290821

    Block Number: 290
    Block Hash: 0xdc8987e85c43e17e700542a65249a8dc332cc6ce9919a585af56942e06b25c2c
    Block Time: "Sun, 9 Aug 2026 16:54:53 +0000"

eth_getTransactionReceipt
eth_getBlockByNumber
eth_getBlockByNumber
eth_chainId
eth_chainId
eth_estimateGas
eth_chainId
eth_getBlockByNumber
eth_sendTransaction
eth_accounts
eth_chainId
eth_getTransactionReceipt

    Transaction: 0xac9dcca3b8c558589d1bce631be9648db99dd7125bf75125e023b8bb1af52876
    Gas used: 290821

    Block Number: 291
    Block Hash: 0xb0fd977da6200ac1d24eefa6f90762803e91bc0019101773835c20f2adbb8515
    Block Time: "Sun, 9 Aug 2026 16:54:53 +0000"

eth_getTransactionReceipt
eth_getBlockByNumber
eth_getBlockByNumber
eth_chainId
eth_chainId
eth_estimateGas
eth_chainId
eth_getBlockByNumber
eth_sendTransaction
eth_accounts
eth_chainId
eth_getTransactionReceipt

    Transaction: 0xbb2ce3b21ed4b5aefbdd3f1b39827d87e3345a2b6550587440e7850164db3f04
    Gas used: 290821

    Block Number: 292
    Block Hash: 0xbed2a45b602d3cf3287bb52b2b82c02c8478127a3c9b612f7cef34a9c83a512b
    Block Time: "Sun, 9 Aug 2026 16:54:53 +0000"

eth_getTransactionReceipt
eth_getBlockByNumber
eth_getBlockByNumber
eth_chainId
eth_chainId
eth_estimateGas
eth_chainId
eth_getBlockByNumber
eth_sendTransaction
eth_accounts
eth_chainId
eth_getTransactionReceipt

    Transaction: 0x1b5e9479ac393aa0da3f5bab5ca1c891e7f92e17d07f57f125033cc01f25f15d
    Gas used: 290821

    Block Number: 293
    Block Hash: 0x2294d5e986af5516296390c7dc585d1f94aadb2ebf28f00af37d5ca9d3c51844
    Block Time: "Sun, 9 Aug 2026 16:54:53 +0000"

eth_getTransactionReceipt
eth_getBlockByNumber
eth_getBlockByNumber
eth_chainId
eth_chainId
eth_estimateGas
eth_chainId
eth_getBlockByNumber
eth_sendTransaction
eth_accounts
eth_chainId
eth_getTransactionReceipt

    Transaction: 0x33f42ff58d3eadd8d061d1c951dc1e7d56eda90d2f8ab650e288f2135ff8b46f
    Gas used: 290821

    Block Number: 294
    Block Hash: 0x420cafbccdf8fa3de880148220ac03d800aa330d94b7207e9ce2ff1d72743fbc
    Block Time: "Sun, 9 Aug 2026 16:54:53 +0000"

eth_getTransactionReceipt
eth_getBlockByNumber
eth_getBlockByNumber
eth_chainId
eth_chainId
eth_estimateGas
eth_chainId
eth_getBlockByNumber
eth_sendTransaction
eth_accounts
eth_chainId
eth_getTransactionReceipt

    Transaction: 0x392939cca26802993623763f63a03b34e9f48665d7e1dd0ad9a233b44918b896
    Gas used: 290821

    Block Number: 295
    Block Hash: 0xef1b0ef04dd150a21bff2d2eb1a26ee2070b268d281f58b8baf301aa96dd68b7
    Block Time: "Sun, 9 Aug 2026 16:54:53 +0000"

eth_getTransactionReceipt
eth_getBlockByNumber
eth_getBlockByNumber
eth_chainId
eth_chainId
eth_estimateGas
eth_chainId
eth_getBlockByNumber
eth_sendTransaction
eth_accounts
eth_chainId
eth_getTransactionReceipt

    Transaction: 0xf191b851660759057ba249ec241ae18f26fbb4ecdcbed6c2a329924a69bb6359
    Gas used: 290821

    Block Number: 296
    Block Hash: 0x244c58ee433312c3c7b0cd808687b36271b0731abc2304d50243a63b54163e2a
    Block Time: "Sun, 9 Aug 2026 16:54:53 +0000"

eth_getTransactionReceipt
eth_getBlockByNumber
eth_getBlockByNumber
eth_chainId
eth_chainId
eth_estimateGas
eth_chainId
eth_getBlockByNumber
eth_sendTransaction
eth_accounts
eth_chainId
eth_getTransactionReceipt

    Transaction: 0xd77c188cd888ab9a556ef8d520c02aa7ef6e627a4ed0f79922b4809da96481de
    Gas used: 290821

    Block Number: 297
    Block Hash: 0x36d43e2af6b68440ee309d56b6722624eea01f454c1fa3d0143654cdf1ac4ecf
    Block Time: "Sun, 9 Aug 2026 16:54:53 +0000"

eth_getTransactionReceipt
eth_getBlockByNumber
eth_getBlockByNumber
eth_chainId
eth_chainId
eth_estimateGas
eth_chainId
eth_getBlockByNumber
eth_sendTransaction
eth_accounts
eth_chainId
eth_getTransactionReceipt

    Transaction: 0x513defe47e9648db195e05ee0129ac62761fb45308ca36c5aefcb6c4d2f27639
    Gas used: 290821

    Block Number: 298
    Block Hash: 0x2f64b85d22fbd4d5c06c4ea03ec1720d0cd5a02aa66f9a415179f522259a6a7b
    Block Time: "Sun, 9 Aug 2026 16:54:54 +0000"

eth_getTransactionReceipt
eth_getBlockByNumber
eth_getBlockByNumber
eth_chainId
eth_chainId
eth_estimateGas
eth_chainId
eth_getBlockByNumber
eth_sendTransaction
eth_accounts
eth_chainId
eth_getTransactionReceipt

    Transaction: 0x5f82aa6c3b8107a54a3cba531e7698aa2c33b2a5af0e9d3bd1b6a345bd316cd8
    Gas used: 290821

    Block Number: 299
    Block Hash: 0x0d269673e7df9b522a82ed266e3aee52521413528c02e2ee64c372ffe5b4dbd5
    Block Time: "Sun, 9 Aug 2026 16:54:54 +0000"

eth_getTransactionReceipt
eth_getBlockByNumber
eth_getBlockByNumber
eth_chainId
eth_chainId
eth_estimateGas
eth_chainId
eth_getBlockByNumber
eth_sendTransaction
eth_accounts
eth_chainId
eth_getTransactionReceipt

    Transaction: 0x54e3cafab929eccb327d5db9f8b9d0af9e6fa9c7af8680f763ba969817a2c661
    Gas used: 290821

    Block Number: 300
    Block Hash: 0x5ad44d02df2c8032cc79d9deea1724d7c51c074eee01717b769b80cacf16cdf1
    Block Time: "Sun, 9 Aug 2026 16:54:54 +0000"

eth_getTransactionReceipt
eth_getBlockByNumber
eth_getBlockByNumber
eth_chainId
eth_chainId
eth_estimateGas
eth_chainId
eth_getBlockByNumber
eth_sendTransaction
eth_accounts
eth_chainId
eth_getTransactionReceipt

    Transaction: 0x8edca8c70e13a810899bad0f479b1b47c7a21b535b06e2393df33ecb5d777217
    Gas used: 290821

    Block Number: 301
    Block Hash: 0xcecb29f540b8f34ed69e765a0454ebe77856d36c282c5f1f3373b2e5c36875fb
    Block Time: "Sun, 9 Aug 2026 16:54:54 +0000"

eth_getTransactionReceipt
eth_getBlockByNumber
eth_getBlockByNumber
eth_chainId
eth_chainId
eth_estimateGas
eth_chainId
eth_getBlockByNumber
eth_sendTransaction
eth_accounts
eth_chainId
eth_getTransactionReceipt

    Transaction: 0x56a529dd8845b2454658924e904932e4910c868b23e062641999794e285c96c1
    Gas used: 290821

    Block Number: 302
    Block Hash: 0x4dbbe1860924a2bc55802972e1fa8b48543e1e8f29d1660596a80f001d1054c1
    Block Time: "Sun, 9 Aug 2026 16:54:54 +0000"

eth_getTransactionReceipt
eth_getBlockByNumber
eth_getBlockByNumber
eth_chainId
eth_chainId
eth_estimateGas
eth_chainId
eth_getBlockByNumber
eth_sendTransaction
eth_accounts
eth_chainId
eth_getTransactionReceipt

    Transaction: 0x965a6e87979a0665f3c0a0084c46158dcd616d5efc89e859113ed88fe4921376
    Gas used: 290821

    Block Number: 303
    Block Hash: 0xa65020f6c384581549d73dbe706062e48ec5f524de2c020680063e97d6cbfccd
    Block Time: "Sun, 9 Aug 2026 16:54:54 +0000"

eth_getTransactionReceipt
eth_getBlockByNumber
eth_getBlockByNumber
eth_chainId
eth_chainId
eth_estimateGas
eth_chainId
eth_getBlockByNumber
eth_sendTransaction
eth_accounts
eth_chainId
eth_getTransactionReceipt

    Transaction: 0x2a200d2e9550a9cc6fecc8f468fb1b0b5028f035bf2a438df7db34c8bf91c131
    Gas used: 290821

    Block Number: 304
    Block Hash: 0x0cc16a475fd7f25c8b7943b94937a511f82de27aaf4561af5365b79e34acd17e
    Block Time: "Sun, 9 Aug 2026 16:54:54 +0000"

eth_getTransactionReceipt
eth_getBlockByNumber
eth_getBlockByNumber
eth_chainId
eth_chainId
eth_estimateGas
eth_chainId
eth_getBlockByNumber
eth_sendTransaction
eth_accounts
eth_chainId
eth_getTransactionReceipt

    Transaction: 0x2d0330b9efec84bb8b30228c03df51e178acd5c4df779460fa6618d8e374913a
    Gas used: 290821

    Block Number: 305
    Block Hash: 0x772bcbae152bbc52f5c15d2adda0b3be724cee37401d3d593c40a616915b944f
    Block Time: "Sun, 9 Aug 2026 16:54:54 +0000"

eth_getTransactionReceipt
eth_getBlockByNumber
eth_getBlockByNumber
eth_chainId
eth_chainId
eth_estimateGas
eth_chainId
eth_getBlockByNumber
eth_sendTransaction
eth_accounts
eth_chainId
eth_getTransactionReceipt

    Transaction: 0xdbc79dec238e08c9dc35c41a0e991729eff4ab9d24f290f7256e69ac9be9a4f8
    Gas used: 290821

    Block Number: 306
    Block Hash: 0x7b23680afee61b080797303065c8491cbd5914834afce82d41bc9f64dd6e4b22
    Block Time: "Sun, 9 Aug 2026 16:54:55 +0000"

eth_getTransactionReceipt
eth_getBlockByNumber
eth_getBlockByNumber
eth_chainId
eth_chainId
eth_estimateGas
eth_chainId
eth_getBlockByNumber
eth_sendTransaction
eth_accounts
eth_chainId
eth_getTransactionReceipt

    Transaction: 0xe1af4d2da55b60e35919842f07644768a1b6bbff579ba1c7d163ecc20faf6b75
    Gas used: 290821

    Block Number: 307
    Block Hash: 0x0421d555a5292a197b84a03e44bd3d031c6de537c66ff61408ee76002efa493d
    Block Time: "Sun, 9 Aug 2026 16:54:55 +0000"

eth_getTransactionReceipt
eth_getBlockByNumber
eth_getBlockByNumber
eth_chainId
eth_chainId
eth_estimateGas
eth_chainId
eth_getBlockByNumber
eth_sendTransaction
eth_accounts
eth_chainId
eth_getTransactionReceipt

    Transaction: 0x764fed6c97ab70c7d94047214a443151a24c4efedb263bf94d4169da00a43c8e
    Gas used: 290821

    Block Number: 308
    Block Hash: 0x94312dd60d3c53ce6123ee1d43e27ebc4758e7f44aa52aaa920013dc6cb31e26
    Block Time: "Sun, 9 Aug 2026 16:54:55 +0000"

eth_getTransactionReceipt
eth_getBlockByNumber
eth_getBlockByNumber
eth_chainId
eth_chainId
eth_estimateGas
eth_chainId
eth_getBlockByNumber
eth_sendTransaction
eth_accounts
eth_chainId
eth_getTransactionReceipt

    Transaction: 0xed1774baf4e64ac65978eb88094603eadacf15a5ba92f89bffd7ee8ff3a0a89d
    Gas used: 290821

    Block Number: 309
    Block Hash: 0x85aaf0cc45212e241ab0434a72425aaa8b9f88c5cc1e5672d0b2dfe13f7c153b
    Block Time: "Sun, 9 Aug 2026 16:54:55 +0000"

eth_getTransactionReceipt
eth_getBlockByNumber
eth_getBlockByNumber
eth_chainId
eth_chainId
eth_estimateGas
eth_chainId
eth_getBlockByNumber
eth_sendTransaction
eth_accounts
eth_chainId
eth_getTransactionReceipt

    Transaction: 0x0231fc1f5b924f6b4dfbbdd5ec9469f1515feb69e11f42bf65c456ff90920656
    Gas used: 290821

    Block Number: 310
    Block Hash: 0x5bb5bd5da68cd1b30a5a963fbe58ca212cebb94c4c28e6faf3cb914d5deae7c8
    Block Time: "Sun, 9 Aug 2026 16:54:55 +0000"

eth_getTransactionReceipt
eth_getBlockByNumber
eth_getBlockByNumber
eth_chainId
eth_chainId
eth_estimateGas
eth_chainId
eth_getBlockByNumber
eth_sendTransaction
eth_accounts
eth_chainId
eth_getTransactionReceipt

    Transaction: 0xad6bd06b24cecfdb212046a8ad8c67128e7623e141bfb185af55c2d4d55d07ab
    Gas used: 290821

    Block Number: 311
    Block Hash: 0xb072bbbe8e3ab4445658d95c728806fd70746b3362be367f401c1b8109caf7a5
    Block Time: "Sun, 9 Aug 2026 16:54:55 +0000"

eth_getTransactionReceipt
eth_getBlockByNumber
eth_getBlockByNumber
eth_chainId
eth_chainId
eth_estimateGas
eth_chainId
eth_getBlockByNumber
eth_sendTransaction
eth_accounts
eth_chainId
eth_getTransactionReceipt

    Transaction: 0xf73a42f12959c78825addd15c7075bf62e3bebd98197556b43cd2f9715b9d086
    Gas used: 290821

    Block Number: 312
    Block Hash: 0x2d190b7487eea84c59e586e0ff912dcbfedafaa92ddb2796ef073820ba7e34f1
    Block Time: "Sun, 9 Aug 2026 16:54:55 +0000"

eth_getTransactionReceipt
eth_getBlockByNumber
eth_getBlockByNumber
eth_chainId
eth_chainId
eth_estimateGas
eth_chainId
eth_getBlockByNumber
eth_sendTransaction
eth_accounts
eth_chainId
eth_getTransactionReceipt

    Transaction: 0xd768f0d666f1af971860b4eb62f7f7420529ea75f4a1de5a3f3aff52f348722d
    Gas used: 290821

    Block Number: 313
    Block Hash: 0xc57b9252c4eb0cfd27eab3f662001437812c50bcde357d122f9561851de5fadd
    Block Time: "Sun, 9 Aug 2026 16:54:55 +0000"

eth_getTransactionReceipt
eth_getBlockByNumber
eth_getBlockByNumber
eth_chainId
eth_chainId
eth_estimateGas
eth_chainId
eth_getBlockByNumber
eth_sendTransaction
eth_accounts
eth_chainId
eth_getTransactionReceipt

    Transaction: 0x0a1cd2bb191b6fe499350a07f3c99ad25e297f50c6556b1c0344208ec868e5b5
    Gas used: 290821

    Block Number: 314
    Block Hash: 0x6bd54cd49d44647225971d28e14a4a850e85722cd35891ec4b6fb419fd71adc1
    Block Time: "Sun, 9 Aug 2026 16:54:56 +0000"

eth_getTransactionReceipt
eth_getBlockByNumber
eth_getBlockByNumber
eth_chainId
eth_chainId
eth_estimateGas
eth_chainId
eth_getBlockByNumber
eth_sendTransaction
eth_accounts
eth_chainId
eth_getTransactionReceipt

    Transaction: 0x7cd915e842b85216c3fd2087c14949e449613f36c85a650a833c139303232b0e
    Gas used: 290821

    Block Number: 315
    Block Hash: 0xae195e9d611bb3996ec122fba6c313f154172371b1a0056fb2feba64bb9bfee0
    Block Time: "Sun, 9 Aug 2026 16:54:56 +0000"

eth_getTransactionReceipt
eth_getBlockByNumber
eth_getBlockByNumber
eth_chainId
eth_chainId
eth_estimateGas
eth_chainId
eth_getBlockByNumber
eth_sendTransaction
eth_accounts
eth_chainId
eth_getTransactionReceipt

    Transaction: 0xa835ff2ebc87acdba7081aa19b660c0a099d531187b6405a182b92244a1a444b
    Gas used: 290821

    Block Number: 316
    Block Hash: 0x8a8c307a073d4a13fc8bc92321d19baddd6a4e05fff27cf40b5cc9edb9612d76
    Block Time: "Sun, 9 Aug 2026 16:54:56 +0000"

eth_getTransactionReceipt
eth_getBlockByNumber
eth_getBlockByNumber
eth_chainId
eth_chainId
eth_estimateGas
eth_chainId
eth_getBlockByNumber
eth_sendTransaction
eth_accounts
eth_chainId
eth_getTransactionReceipt

    Transaction: 0xd79f62172311b98b5406ed427d3eb92a06cea8d0aee39dfe071acc6c80a038ce
    Gas used: 290821

    Block Number: 317
    Block Hash: 0xfd1545c2f1e0d7334e0bb725c56ceb1791fbffcca866bd0e82a4481bce2c2e8b
    Block Time: "Sun, 9 Aug 2026 16:54:56 +0000"

eth_getTransactionReceipt
eth_getBlockByNumber
eth_getBlockByNumber
eth_chainId
eth_chainId
eth_estimateGas
eth_chainId
eth_getBlockByNumber
eth_sendTransaction
eth_accounts
eth_chainId
eth_getTransactionReceipt

    Transaction: 0xe95ddb810e835bcef88d8c22aa2c5112210184e5a97bfb7bf119d091f1d307b4
    Gas used: 290821

    Block Number: 318
    Block Hash: 0x30a15d08c8c621c68562e1a97a4e1e3e781e60c2da87f0dbd66d92df50371a48
    Block Time: "Sun, 9 Aug 2026 16:54:56 +0000"

eth_getTransactionReceipt
eth_getBlockByNumber
eth_getBlockByNumber
eth_chainId
eth_chainId
eth_estimateGas
eth_chainId
eth_getBlockByNumber
eth_sendTransaction
eth_accounts
eth_chainId
eth_getTransactionReceipt

    Transaction: 0xd30af8e0f125f07a1c2c31924ad4188d8b7054427822e4ed1c7c756ac44090a2
    Gas used: 290821

    Block Number: 319
    Block Hash: 0xf97c1dd54d7a7c2db98ae49a98918221c95f00f4556d960ae4cce6a4f4ee2e42
    Block Time: "Sun, 9 Aug 2026 16:54:56 +0000"

eth_getTransactionReceipt
eth_getBlockByNumber
eth_getBlockByNumber
eth_chainId
eth_chainId
eth_estimateGas
eth_chainId
eth_getBlockByNumber
eth_sendTransaction
eth_accounts
eth_chainId
eth_getTransactionReceipt

    Transaction: 0x5af29871e06db35a7bf0d019ed88578c925feb10f8c14f053eedf4f6d0083ca3
    Gas used: 290869

    Block Number: 320
    Block Hash: 0xc954c50bf469e16c785d32a215137831e369763eaceda3fa91e281cb5843f973
    Block Time: "Sun, 9 Aug 2026 16:54:56 +0000"

eth_getTransactionReceipt
eth_getBlockByNumber
eth_getBlockByNumber
eth_chainId
eth_chainId
eth_estimateGas
eth_chainId
eth_getBlockByNumber
eth_sendTransaction
eth_accounts
eth_chainId
eth_getTransactionReceipt

    Transaction: 0x7c18a9924def10aeb64d267236ba479cd414d1bf1f8be6401dd4a4b4bcb6e553
    Gas used: 311439

    Block Number: 321
    Block Hash: 0xe480842a14fc95dbc16f47503f3588e03971b74c0a201b0e105bd719b54eeaaf
    Block Time: "Sun, 9 Aug 2026 16:54:57 +0000"

eth_getTransactionReceipt
eth_getBlockByNumber
eth_getBlockByNumber
eth_chainId
eth_chainId
eth_estimateGas
eth_chainId
eth_getBlockByNumber
eth_sendTransaction
eth_accounts
eth_chainId
eth_getTransactionReceipt

    Transaction: 0xf4941542995e2023abf908262140be215b694872137f55b5589d1554ef5dbcda
    Gas used: 311451

    Block Number: 322
    Block Hash: 0x940891924132c234531186f1adbb61105e8c45930421cddf41929ae8585adaf0
    Block Time: "Sun, 9 Aug 2026 16:54:57 +0000"

eth_getTransactionReceipt
eth_getBlockByNumber
eth_getBlockByNumber
eth_chainId
eth_chainId
eth_estimateGas
eth_chainId
eth_getBlockByNumber
eth_sendTransaction
eth_accounts
eth_chainId
eth_getTransactionReceipt

    Transaction: 0x237d7eb08cb8352d6259cacca5bb5de8c90d84e85bb9fb0c977ec0efdb287010
    Gas used: 311463

    Block Number: 323
    Block Hash: 0xd4dc2b9d97a66fdb22234cb37426cf323b3c6c3af5eff286ed706a053f32862c
    Block Time: "Sun, 9 Aug 2026 16:54:57 +0000"

eth_getTransactionReceipt
eth_getBlockByNumber
eth_getBlockByNumber
eth_chainId
eth_chainId
eth_estimateGas
eth_chainId
eth_getBlockByNumber
eth_sendTransaction
eth_accounts
eth_chainId
eth_getTransactionReceipt

    Transaction: 0x8897527dc3e67ff2fa832ab146b9e852edaee64d2c2cda3bbb438d1d975b170a
    Gas used: 311451

    Block Number: 324
    Block Hash: 0x2955d3c642d69d0ed8fcc3d6318001eae5c5cf33d404814e63cdd62d8ea1ed9e
    Block Time: "Sun, 9 Aug 2026 16:54:57 +0000"

eth_getTransactionReceipt
eth_getBlockByNumber
