

                             _   _
                            (_) | |
      __ _   _ __   __   __  _  | |
     / _` | | '_ \  \ \ / / | | | |
    | (_| | | | | |  \ V /  | | | |
     \__,_| |_| |_|   \_/   |_| |_|

    1.7.1 (4072e48705 2026-05-08T07:50:55.527285345Z)
    https://github.com/foundry-rs/foundry

Available Accounts
==================

(0) 0xf39Fd6e51aad88F6F4ce6aB8827279cffFb92266 (10000.000000000000000000 ETH)
(1) 0x70997970C51812dc3A010C7d01b50e0d17dc79C8 (10000.000000000000000000 ETH)
(2) 0x3C44CdDdB6a900fa2b585dd299e03d12FA4293BC (10000.000000000000000000 ETH)
(3) 0x90F79bf6EB2c4f870365E785982E1f101E93b906 (10000.000000000000000000 ETH)
(4) 0x15d34AAf54267DB7D7c367839AAf71A00a2C6A65 (10000.000000000000000000 ETH)
(5) 0x9965507D1a55bcC2695C58ba16FB37d819B0A4dc (10000.000000000000000000 ETH)
(6) 0x976EA74026E726554dB657fA54763abd0C3a0aa9 (10000.000000000000000000 ETH)
(7) 0x14dC79964da2C08b23698B3D3cc7Ca32193d9955 (10000.000000000000000000 ETH)
(8) 0x23618e81E3f5cdF7f54C3d65f7FBc0aBf5B21E8f (10000.000000000000000000 ETH)
(9) 0xa0Ee7A142d267C1f36714E4a8F75612F20a79720 (10000.000000000000000000 ETH)

Private Keys
==================

(0) 0xac0974bec39a17e36ba4a6b4d238ff944bacb478cbed5efcae784d7bf4f2ff80
(1) 0x59c6995e998f97a5a0044966f0945389dc9e86dae88c7a8412f4603b6b78690d
(2) 0x5de4111afa1a4b94908f83103eb1f1706367c2e68ca870fc3fb9a804cdab365a
(3) 0x7c852118294e51e653712a81e05800f419141751be58f605c371e15141b007a6
(4) 0x47e179ec197488593b187f80a00eb0da91f1b9d0b13f8733639f19c30a34926a
(5) 0x8b3a350cf5c34c9194ca85829a2df0ec3153be0318b5e2d3348e872092edffba
(6) 0x92db14e403b83dfe3df233f83dfa3a0d7096f21ca9b0d6d6b8d88b2b4ec1564e
(7) 0x4bbbf85ce3377467afe5d46f804f221813b2bb87f24d81f60f1fcdbf7cbf4356
(8) 0xdbda1821b80551c9d65939329250298aa3472ba22feea921c0cf5d620ea67b97
(9) 0x2a871d0798f97d79848a013d4936a73bf4cc922c825d33c1cf7073dff6d409c6

Wallet
==================
Mnemonic:          test test test test test test test test test test test junk
Derivation path:   m/44'/60'/0'/0/


Chain ID
==================

31337

Base Fee
==================

1000000000

Gas Limit
==================

30000000

Genesis Timestamp
==================

1786519123

Genesis Number
==================

0

Listening on 127.0.0.1:8545
eth_chainId
eth_chainId
eth_chainId
web3_clientVersion
eth_chainId
eth_accounts
eth_getBlockByNumber
eth_chainId
eth_chainId
eth_estimateGas
eth_chainId
eth_getBlockByNumber
eth_sendTransaction
eth_accounts
eth_chainId

    Transaction: 0x603cdb8c6063693a7409158aebf0fdd30d342b6bd217ebd9c27793e2b90e8656
    Contract created: 0x5FbDB2315678afecb367f032d93F642f64180aa3
    Gas used: 1431133

    Block Number: 1
    Block Hash: 0x1bb528d5cce09d3505f84f94b2fbff3702e6dba14f6e2b3c37ad04a088ff0418
    Block Time: "Thu, 13 Aug 2026 20:40:14 +0000"

eth_getTransactionReceipt
eth_getBlockByNumber
eth_chainId
eth_chainId
eth_estimateGas
eth_chainId
eth_getBlockByNumber
eth_sendTransaction
eth_accounts

    Transaction: 0x904422694cb6c01ac51576824f4b8e8a028a106f08f7e9b4412aea846220feb2
    Gas used: 260104

    Block Number: 2
    Block Hash: 0x244bd8144e8afea47e335d55393606a21db366e28ffa828e4a8e80f82dee7cfb
    Block Time: "Thu, 13 Aug 2026 20:40:14 +0000"

eth_chainId
eth_getTransactionReceipt
eth_getBlockByNumber
eth_getBlockByNumber
eth_chainId
eth_chainId
eth_estimateGas
eth_chainId
eth_getBlockByNumber
eth_sendTransaction
eth_accounts

    Transaction: 0x389a90ab63d5a7c6c6c5352de6acced46b3d8bb7f55513a858dfb7668720eaf0
    Gas used: 262904

    Block Number: 3
    Block Hash: 0xe530de0d714d4154e8684f44b7982d00722143c4e41cd70a565c04c7c9e31aeb
    Block Time: "Thu, 13 Aug 2026 20:40:14 +0000"

eth_chainId
eth_getTransactionReceipt
eth_getBlockByNumber
eth_getBlockByNumber
eth_chainId
eth_chainId
eth_estimateGas
eth_chainId
eth_getBlockByNumber
eth_sendTransaction
eth_accounts

    Transaction: 0xdfb43e1b8279ed392dcf96cbadb5a02dcee79873733a69d358398ca9b7a63bc2
    Gas used: 262904

    Block Number: 4
    Block Hash: 0x96021a49b5588f82cb1098c00c4288c6d73f273cf35d84df12c875f47d30531d
    Block Time: "Thu, 13 Aug 2026 20:40:15 +0000"

eth_chainId
eth_getTransactionReceipt
eth_getBlockByNumber
eth_getBlockByNumber
eth_chainId
eth_chainId
eth_estimateGas
eth_chainId
eth_getBlockByNumber
eth_sendTransaction
eth_accounts

    Transaction: 0x8f022835af4e90ebb91547a22941b224c966e755cb1269339077dcc5421287f8
    Gas used: 242322

    Block Number: 5
    Block Hash: 0xfaadba3fe38aaad5812eba5d10f6f7215f06dda30a398f84e0ad5494d65a2208
    Block Time: "Thu, 13 Aug 2026 20:40:15 +0000"

eth_chainId
eth_getTransactionReceipt
eth_getBlockByNumber
eth_getBlockByNumber
eth_chainId
eth_chainId
eth_estimateGas
eth_chainId
eth_getBlockByNumber
eth_sendTransaction
eth_accounts

    Transaction: 0x28b1700d3ea373e0122b2645dd09ea9023088751d8fe08bb46c5e92756fe322e
    Gas used: 262904

    Block Number: 6
    Block Hash: 0xf9150d966af9da4e41f58c7725038165f558e40eb13c4c94c887f6919a40c7f5
    Block Time: "Thu, 13 Aug 2026 20:40:16 +0000"

eth_chainId
eth_getTransactionReceipt
eth_getBlockByNumber
eth_getBlockByNumber
eth_chainId
eth_chainId
eth_estimateGas
eth_chainId
eth_getBlockByNumber
eth_sendTransaction
eth_accounts

    Transaction: 0xfe7683b182b361123843612c706d0bf917adf99639b55bf03c26801583ff0994
    Gas used: 242322

    Block Number: 7
    Block Hash: 0x68195b472cb6b60a2e6d3f05e0ab4fe6349654307b0b20ecbe20e37bc944169d
    Block Time: "Thu, 13 Aug 2026 20:40:16 +0000"

eth_chainId
eth_getTransactionReceipt
eth_getBlockByNumber
eth_getBlockByNumber
eth_chainId
eth_chainId
eth_estimateGas
eth_chainId
eth_getBlockByNumber
eth_sendTransaction
eth_accounts

    Transaction: 0x1faaa9d81ab6bfc23124a7179edaa01d64cb19926fcbf4722baabf0cc55cd8f6
    Gas used: 262904

    Block Number: 8
    Block Hash: 0x6dbd095c9b07ac9325b96adfbad6607e03b7dd726418dc5711f3581218adea2c
    Block Time: "Thu, 13 Aug 2026 20:40:16 +0000"

eth_chainId
eth_getTransactionReceipt
eth_getBlockByNumber
eth_getBlockByNumber
eth_chainId
eth_chainId
eth_estimateGas
eth_chainId
eth_getBlockByNumber
eth_sendTransaction
eth_accounts

    Transaction: 0x5644c6177ca48b69e93135ccadc9cc009d2d8a64db3ab7912d009de1379f62ab
    Gas used: 242322

    Block Number: 9
    Block Hash: 0x005618d360f837f1b0b2a9598730ef0526d76d93ac791d540941658e93c6a15c
    Block Time: "Thu, 13 Aug 2026 20:40:17 +0000"

eth_chainId
eth_getTransactionReceipt
eth_getBlockByNumber
eth_getBlockByNumber
eth_chainId
eth_chainId
eth_estimateGas
eth_chainId
eth_getBlockByNumber
eth_sendTransaction
eth_accounts

    Transaction: 0xd6315cf491414d7a8e4a8b9e67cdadd6b8fc61a8e1d748761dbe4cbf5f436497
    Gas used: 242322

    Block Number: 10
    Block Hash: 0x7af74746bdd430f08800bc9e8eac814b1d2a71f8aa383fb75aa94b4cc87d254e
    Block Time: "Thu, 13 Aug 2026 20:40:17 +0000"

eth_chainId
eth_getTransactionReceipt
eth_getBlockByNumber
eth_getBlockByNumber
eth_chainId
eth_chainId
eth_estimateGas
eth_chainId
eth_getBlockByNumber
eth_sendTransaction
eth_accounts

    Transaction: 0xc7ee2b18160106d571bdac6847e6df5cad4a97c1f5c9458774fc84f9cb9f2f0a
    Gas used: 262904

    Block Number: 11
    Block Hash: 0xa673e1f9f0d5413d49863dae02547a8794bd162f8bdb8d879c632492ab2f7a5d
    Block Time: "Thu, 13 Aug 2026 20:40:17 +0000"

eth_chainId
eth_getTransactionReceipt
eth_getBlockByNumber
eth_getBlockByNumber
eth_chainId
eth_chainId
eth_estimateGas
eth_chainId
eth_getBlockByNumber
eth_sendTransaction
eth_accounts

    Transaction: 0xad586f95f5e577ce44e714bf12e7f7254d01801ba596aed4d122f5331d067264
    Gas used: 242322

    Block Number: 12
    Block Hash: 0xba7568f46353a43ec1e3ef93865074775274648a9699971688f66ebf53ed616e
    Block Time: "Thu, 13 Aug 2026 20:40:18 +0000"

eth_chainId
eth_getTransactionReceipt
eth_getBlockByNumber
eth_getBlockByNumber
eth_chainId
eth_chainId
eth_estimateGas
eth_chainId
eth_getBlockByNumber
eth_sendTransaction
eth_accounts

    Transaction: 0x65a1714bf3f2d46b1beeec6726dda7f02d30b99c7b1bf6872de2ada0df96c6a8
    Gas used: 262904

    Block Number: 13
    Block Hash: 0x1681bfa3cd709aa1441eddab9004b0b1fb322da37105aee40d517a1efd3899cb
    Block Time: "Thu, 13 Aug 2026 20:40:18 +0000"

eth_chainId
eth_getTransactionReceipt
eth_getBlockByNumber
eth_getBlockByNumber
eth_chainId
eth_chainId
eth_estimateGas
eth_chainId
eth_getBlockByNumber
eth_sendTransaction
eth_accounts

    Transaction: 0x183a80d17d7f9afafb2d46c13a3efa154865dfc54afcfe8519167bd19ea6c7e6
    Gas used: 242322

    Block Number: 14
    Block Hash: 0xa2b412b01e627fcd3ab2549e9bde7b64d22c6d60526665438cd5839e96b9d8c6
    Block Time: "Thu, 13 Aug 2026 20:40:18 +0000"

eth_chainId
eth_getTransactionReceipt
eth_getBlockByNumber
eth_getBlockByNumber
eth_chainId
eth_chainId
eth_estimateGas
eth_chainId
eth_getBlockByNumber
eth_sendTransaction
eth_accounts

    Transaction: 0x5dda50e66eb34b4c0f0945d1cd2b198968c4aa38466382f6e7127ca2b87f1f44
    Gas used: 242322

    Block Number: 15
    Block Hash: 0x0b3668e5deee5248c6c71185bdc17a3f711d8b8ffba00421856c0600b49a62eb
    Block Time: "Thu, 13 Aug 2026 20:40:18 +0000"

eth_chainId
eth_getTransactionReceipt
eth_getBlockByNumber
eth_getBlockByNumber
eth_chainId
eth_chainId
eth_estimateGas
eth_chainId
eth_getBlockByNumber
eth_sendTransaction
eth_accounts

    Transaction: 0x9728c156a8ad9d3c1064260aaf16a4f315ec0d5668291ecc589ada9e5171ca01
    Gas used: 262904

    Block Number: 16
    Block Hash: 0x9dc1f06b910bb5e30b7baf2f7962e2d2808f9c72cf1d6b906e548051b6454052
    Block Time: "Thu, 13 Aug 2026 20:40:19 +0000"

eth_chainId
eth_getTransactionReceipt
eth_getBlockByNumber
eth_getBlockByNumber
eth_chainId
eth_chainId
eth_estimateGas
eth_chainId
eth_getBlockByNumber
eth_sendTransaction
eth_accounts

    Transaction: 0xd8bd8b1c91fdeaf6547f5205875238f60331a32c28bd8144594da71ab841d60d
    Gas used: 242322

    Block Number: 17
    Block Hash: 0x3bb556f8fd35391e9b28297a32aa66d040ce84cb3d1980b0a299a3f1133ed923
    Block Time: "Thu, 13 Aug 2026 20:40:19 +0000"

eth_chainId
eth_getTransactionReceipt
eth_getBlockByNumber
eth_getBlockByNumber
eth_chainId
eth_chainId
eth_estimateGas
eth_chainId
eth_getBlockByNumber
eth_sendTransaction
eth_accounts

    Transaction: 0x637b4e5660b164b526c557dd2343694821e427345557391b7f49a7f0f542688d
    Gas used: 242322

    Block Number: 18
    Block Hash: 0x9cb49fe7a4c8554524740949f6e0f8cd4f48c89b2f9c8839dd86eb86d860f632
    Block Time: "Thu, 13 Aug 2026 20:40:19 +0000"

eth_chainId
eth_getTransactionReceipt
eth_getBlockByNumber
eth_getBlockByNumber
eth_chainId
eth_chainId
eth_estimateGas
eth_chainId
eth_getBlockByNumber
eth_sendTransaction
eth_accounts

    Transaction: 0x92d2144106726da3de3c9985c385cbce286889ad77aed0c824f4839ed1ff2c87
    Gas used: 242322

    Block Number: 19
    Block Hash: 0x692f4ce4cc2984a4a9ec61c05ae0a7ec7d915e4366050b181324656b1ac7fd9d
    Block Time: "Thu, 13 Aug 2026 20:40:19 +0000"

eth_chainId
eth_getTransactionReceipt
eth_getBlockByNumber
eth_getBlockByNumber
eth_chainId
eth_chainId
eth_estimateGas
eth_chainId
eth_getBlockByNumber
eth_sendTransaction
eth_accounts

    Transaction: 0x07b5d5143a010526446ad146c17a1f285d9dbe1b3c13969ac522e091f486c87e
    Gas used: 242322

    Block Number: 20
    Block Hash: 0x8368abe6ddda8af3cd818b4132aeb9c04e43a15d0e9ec57c22aa75bdda39b117
    Block Time: "Thu, 13 Aug 2026 20:40:20 +0000"

eth_chainId
eth_getTransactionReceipt
eth_getBlockByNumber
eth_getBlockByNumber
eth_chainId
eth_chainId
eth_estimateGas
eth_chainId
eth_getBlockByNumber
eth_sendTransaction
eth_accounts

    Transaction: 0xb9afef2edc628010cca0e649a781940e23cbda380ce2c6d307d79040844bcc8c
    Gas used: 242322

    Block Number: 21
    Block Hash: 0x2681d8d5325d485888543c7e20fb7bb2508f3cfab888dc1db9dd3e85341dc33e
    Block Time: "Thu, 13 Aug 2026 20:40:20 +0000"

eth_chainId
eth_getTransactionReceipt
eth_getBlockByNumber
eth_getBlockByNumber
eth_chainId
eth_chainId
eth_estimateGas
eth_chainId
eth_getBlockByNumber
eth_sendTransaction
eth_accounts

    Transaction: 0x831a619f5118c8455de6e417c34f37a60dba52d28c2c1d4437bae6340c3811d7
    Gas used: 242322

    Block Number: 22
    Block Hash: 0x7e5a6fd756fb67862676aaba172e5c4e630317337204d018aa1d6e404198ec3b
    Block Time: "Thu, 13 Aug 2026 20:40:20 +0000"

eth_chainId
eth_getTransactionReceipt
eth_getBlockByNumber
eth_getBlockByNumber
eth_chainId
eth_chainId
eth_estimateGas
eth_chainId
eth_getBlockByNumber
eth_sendTransaction
eth_accounts

    Transaction: 0xae5c40eeb83df6c7db1c1cba68759ad08bd0a4d6a9ad0c059e26274fd05e6be8
    Gas used: 242322

    Block Number: 23
    Block Hash: 0xd9ea7b8bf9372f58af78da953c8cfd530e26638fac0f142e1e86f72e21ec4582
    Block Time: "Thu, 13 Aug 2026 20:40:20 +0000"

eth_chainId
eth_getTransactionReceipt
eth_getBlockByNumber
eth_getBlockByNumber
eth_chainId
eth_chainId
eth_estimateGas
eth_chainId
eth_getBlockByNumber
eth_sendTransaction
eth_accounts

    Transaction: 0x0c48ff28e3e4fdf59e37bb5462188f58a73bed558dd07ca566e8a74864fb124c
    Gas used: 242322

    Block Number: 24
    Block Hash: 0xe195cbf25061c72952b031451679e23c36b6221c2d087db4f15020d5c977fe52
    Block Time: "Thu, 13 Aug 2026 20:40:20 +0000"

eth_chainId
eth_getTransactionReceipt
eth_getBlockByNumber
eth_getBlockByNumber
eth_chainId
eth_chainId
eth_estimateGas
eth_chainId
eth_getBlockByNumber
eth_sendTransaction
eth_accounts

    Transaction: 0xe42b70faa01c6a4436160b8bd2255c725a6578e1561b390f0f46b95d7177e1e6
    Gas used: 262904

    Block Number: 25
    Block Hash: 0x56d474c0f2596c5636c2cc46e75ee1093df96e9dca001a8c2770122645c07094
    Block Time: "Thu, 13 Aug 2026 20:40:21 +0000"

eth_chainId
eth_getTransactionReceipt
eth_getBlockByNumber
eth_getBlockByNumber
eth_chainId
eth_chainId
eth_estimateGas
eth_chainId
eth_getBlockByNumber
eth_sendTransaction
eth_accounts

    Transaction: 0xf9c6f9d3d2c75183554e187c33331f136cc4d1fe4b85406313f7983b2d32d401
    Gas used: 262904

    Block Number: 26
    Block Hash: 0x6f69b4a5476f16c40844c66c8ca30c4127b87b1fcc64e56ca4dd847cbfdc2fc7
    Block Time: "Thu, 13 Aug 2026 20:40:21 +0000"

eth_chainId
eth_getTransactionReceipt
eth_getBlockByNumber
eth_getBlockByNumber
eth_chainId
eth_chainId
eth_estimateGas
eth_chainId
eth_getBlockByNumber
eth_sendTransaction
eth_accounts

    Transaction: 0x7a6b6cf4a9e8a51f2db943dea32556030a45ba7b51bd3baf7daebd2bdfac6fd6
    Gas used: 262904

    Block Number: 27
    Block Hash: 0xa480d9ed1157e749ee7a0ea9415b164a18492199c782d98987fd9b45872edda9
    Block Time: "Thu, 13 Aug 2026 20:40:22 +0000"

eth_chainId
eth_getTransactionReceipt
eth_getBlockByNumber
eth_getBlockByNumber
eth_chainId
eth_chainId
eth_estimateGas
eth_chainId
eth_getBlockByNumber
eth_sendTransaction
eth_accounts

    Transaction: 0xf685be8670cce4de60a09c507f348896ef5294a959b385207a58238ceb548717
    Gas used: 242322

    Block Number: 28
    Block Hash: 0x6d0ad12c40515b4e3eb30e91a394194580c3cafcad35cf090bf5c0a2fbb9739b
    Block Time: "Thu, 13 Aug 2026 20:40:22 +0000"

eth_chainId
eth_getTransactionReceipt
eth_getBlockByNumber
eth_getBlockByNumber
eth_chainId
eth_chainId
eth_estimateGas
eth_chainId
eth_getBlockByNumber
eth_sendTransaction
eth_accounts

    Transaction: 0x48b329eb810a766744c6825684d798ec31e759dc69b19c56ea108ae8046e8fe4
    Gas used: 242322

    Block Number: 29
    Block Hash: 0x5ca98316224b9eb003414fc27760816049e2eef88f6a287eae7eb2f60b5c5a8a
    Block Time: "Thu, 13 Aug 2026 20:40:22 +0000"

eth_chainId
eth_getTransactionReceipt
eth_getBlockByNumber
eth_getBlockByNumber
eth_chainId
eth_chainId
eth_estimateGas
eth_chainId
eth_getBlockByNumber
eth_sendTransaction
eth_accounts

    Transaction: 0x26647ea778f52f09809ff04569f6cb47b81b9b6c0582488e4188a491a08b8b1b
    Gas used: 242322

    Block Number: 30
    Block Hash: 0xc79be5a4ea7d2b54d58ec5cd79169d98538c2cac452490a757e0eab0b519d34e
    Block Time: "Thu, 13 Aug 2026 20:40:22 +0000"

eth_chainId
eth_getTransactionReceipt
eth_getBlockByNumber
eth_getBlockByNumber
eth_chainId
eth_chainId
eth_estimateGas
eth_chainId
eth_getBlockByNumber
eth_sendTransaction
eth_accounts

    Transaction: 0x151d94660793ab0ba194741c7e3b674ee01a99a2af7182616ea9a805fa0a2ecd
    Gas used: 242322

    Block Number: 31
    Block Hash: 0xe026b9af67de396c72bc7f1074fb5f3c9e65184ffbd8d8fb66fd5553ba7559e7
    Block Time: "Thu, 13 Aug 2026 20:40:22 +0000"

eth_chainId
eth_getTransactionReceipt
eth_getBlockByNumber
eth_getBlockByNumber
eth_chainId
eth_chainId
eth_estimateGas
eth_chainId
eth_getBlockByNumber
eth_sendTransaction
eth_accounts

    Transaction: 0xa5e42f8bd3d2dbaf634b56e3c287e9d550cf40d79e4ecdcac206378d8b4e58f5
    Gas used: 242322

    Block Number: 32
    Block Hash: 0xeeb2e4aab6deec59a1f709e73b401bc815a1bcb2763770230506d54934822bbf
    Block Time: "Thu, 13 Aug 2026 20:40:22 +0000"

eth_chainId
eth_getTransactionReceipt
eth_getBlockByNumber
eth_getBlockByNumber
eth_chainId
eth_chainId
eth_estimateGas
eth_chainId
eth_getBlockByNumber
eth_sendTransaction
eth_accounts

    Transaction: 0x424775725fef3a326c95f4049165f911e57c9507bafb9470c50c4de933265204
    Gas used: 242322

    Block Number: 33
    Block Hash: 0xf0fb9202d47b605d9ffd609ceccdf6cfa4d2f4a9cde3c6cc82a1b93b55f65f23
    Block Time: "Thu, 13 Aug 2026 20:40:22 +0000"

eth_chainId
eth_getTransactionReceipt
eth_getBlockByNumber
eth_getBlockByNumber
eth_chainId
eth_chainId
eth_estimateGas
eth_chainId
eth_getBlockByNumber
eth_sendTransaction
eth_accounts

    Transaction: 0x510bd22be8821d69a229ca84e55570f9e7e5fa77d00cf7a055ce41991942132c
    Gas used: 242322

    Block Number: 34
    Block Hash: 0x4776d6a02dad2229aee5c36975dc861a97df4d18e204aadd4686128944433e25
    Block Time: "Thu, 13 Aug 2026 20:40:23 +0000"

eth_chainId
eth_getTransactionReceipt
eth_getBlockByNumber
eth_getBlockByNumber
eth_chainId
eth_chainId
eth_estimateGas
eth_chainId
eth_getBlockByNumber
eth_sendTransaction
eth_accounts

    Transaction: 0x1ffae5c281363b634753a21a6cc092a98bb5cfe88efdedd1652fe7e92be74f2c
    Gas used: 242322

    Block Number: 35
    Block Hash: 0xf9d5471e15a5001066d376ce9442bae8b89d8d5e6c2c927a88bd3a7305079980
    Block Time: "Thu, 13 Aug 2026 20:40:23 +0000"

eth_chainId
eth_getTransactionReceipt
eth_getBlockByNumber
eth_getBlockByNumber
eth_chainId
eth_chainId
eth_estimateGas
eth_chainId
eth_getBlockByNumber
eth_sendTransaction
eth_accounts

    Transaction: 0x87458689ebc1b976b679777831ac1e32bbf5d1fa05230ee8eed2bfe90f26e373
    Gas used: 242322

    Block Number: 36
    Block Hash: 0x6ba2c4069eee9c89528a291322a47d75bb37d681f1bae27b0b09c4675b73d7e8
    Block Time: "Thu, 13 Aug 2026 20:40:23 +0000"

eth_chainId
eth_getTransactionReceipt
eth_getBlockByNumber
eth_getBlockByNumber
eth_chainId
eth_chainId
eth_estimateGas
eth_chainId
eth_getBlockByNumber
eth_sendTransaction
eth_accounts

    Transaction: 0x3d3cdc0bf04d3a7aec3b8cb179bd653e11d61ac02e25a2e7e817f89a81c640a8
    Gas used: 242322

    Block Number: 37
    Block Hash: 0x098fc7b5fd772594426b427268902789bedf34c1f38fd51b62c2a7ad04d8ce08
    Block Time: "Thu, 13 Aug 2026 20:40:23 +0000"

eth_chainId
eth_getTransactionReceipt
eth_getBlockByNumber
eth_getBlockByNumber
eth_chainId
eth_chainId
eth_estimateGas
eth_chainId
eth_getBlockByNumber
eth_sendTransaction
eth_accounts

    Transaction: 0x35dd1efa51c265e90beb50c82143a7f66c1e5936a3bc0154d3773b35bec78063
    Gas used: 242322

    Block Number: 38
    Block Hash: 0xafc3d453e13f1a93773c6680070b3360fe248ba409d51893cd9e834c332b77a0
    Block Time: "Thu, 13 Aug 2026 20:40:23 +0000"

eth_chainId
eth_getTransactionReceipt
eth_getBlockByNumber
eth_getBlockByNumber
eth_chainId
eth_chainId
eth_estimateGas
eth_chainId
eth_getBlockByNumber
eth_sendTransaction
eth_accounts

    Transaction: 0x21167c332f4d55217d0d110e04f3066216cac42726ef594141b0c5b1fa4e241e
    Gas used: 242322

    Block Number: 39
    Block Hash: 0xc8a6061fbdf817cc13a4eecc0199d997ed208d3974f00f8d9b0e7be393826d58
    Block Time: "Thu, 13 Aug 2026 20:40:23 +0000"

eth_chainId
eth_getTransactionReceipt
eth_getBlockByNumber
eth_getBlockByNumber
eth_chainId
eth_chainId
eth_estimateGas
eth_chainId
eth_getBlockByNumber
eth_sendTransaction
eth_accounts

    Transaction: 0x57eb596bbd7693c116bb0d1d5a2c08d1c89cf179a108a8acdffa791e07a36b13
    Gas used: 242322

    Block Number: 40
    Block Hash: 0x3ff68c4cd6e1b23578538d0919d42147b50b12ada27314b9275315bc8bede517
    Block Time: "Thu, 13 Aug 2026 20:40:23 +0000"

eth_chainId
eth_getTransactionReceipt
eth_getBlockByNumber
eth_getBlockByNumber
eth_chainId
eth_chainId
eth_estimateGas
eth_chainId
eth_getBlockByNumber
eth_sendTransaction
eth_accounts

    Transaction: 0x68fff95822c70a564caa8913b92e2397180585e5ad52c743135b4316788fd3b8
    Gas used: 242322

    Block Number: 41
    Block Hash: 0x57adbabcfbeaf53ce45e40dd6bb247112fd96e0fde77a01e05cabfb5f8c94707
    Block Time: "Thu, 13 Aug 2026 20:40:23 +0000"

eth_chainId
eth_getTransactionReceipt
eth_getBlockByNumber
eth_getBlockByNumber
eth_chainId
eth_chainId
eth_estimateGas
eth_chainId
eth_getBlockByNumber
eth_sendTransaction
eth_accounts

    Transaction: 0xfbf6763987c54bd06578a01eb63e0e76b9e3819388477eacee423f4a50fce958
    Gas used: 242322

    Block Number: 42
    Block Hash: 0x825c2c582e72529b35ab1b21115def5130b84dc6564f1ce9ab8eeb7ebaedb77f
    Block Time: "Thu, 13 Aug 2026 20:40:24 +0000"

eth_chainId
eth_getTransactionReceipt
eth_getBlockByNumber
eth_getBlockByNumber
eth_chainId
eth_chainId
eth_estimateGas
eth_chainId
eth_getBlockByNumber
eth_sendTransaction
eth_accounts

    Transaction: 0x7b6c840af278591eda26336af8ff856d951b9c5150adab1dc14cd42578ed88a5
    Gas used: 242322

    Block Number: 43
    Block Hash: 0x5eb38986336d60a01f757b1e9ce7863710e8efdb8185782654252413fde76a4b
    Block Time: "Thu, 13 Aug 2026 20:40:24 +0000"

eth_chainId
eth_getTransactionReceipt
eth_getBlockByNumber
eth_getBlockByNumber
eth_chainId
eth_chainId
eth_estimateGas
eth_chainId
eth_getBlockByNumber
eth_sendTransaction
eth_accounts

    Transaction: 0xcda1e139c2252da616fb8289c8dbae0d560a223acf302e5d25321b505553ed17
    Gas used: 242322

    Block Number: 44
    Block Hash: 0x2abb2cacda471fe8a34322adc3d04ee407dbf05786f1cb89b6fdf252dab94556
    Block Time: "Thu, 13 Aug 2026 20:40:24 +0000"

eth_chainId
eth_getTransactionReceipt
eth_getBlockByNumber
eth_getBlockByNumber
eth_chainId
eth_chainId
eth_estimateGas
eth_chainId
eth_getBlockByNumber
eth_sendTransaction
eth_accounts

    Transaction: 0x23890093b61704e3590fbda484fc87497423b816be8fa0e9a9e18ba1e0194822
    Gas used: 242322

    Block Number: 45
    Block Hash: 0x978b157949c2c4d1d765699c579eb9d24f80cc2be4650ae7ea958828dc52e27a
    Block Time: "Thu, 13 Aug 2026 20:40:24 +0000"

eth_chainId
eth_getTransactionReceipt
eth_getBlockByNumber
eth_getBlockByNumber
eth_chainId
eth_chainId
eth_estimateGas
eth_chainId
eth_getBlockByNumber
eth_sendTransaction
eth_accounts

    Transaction: 0x672e8b47d01175d4b761b0d5516ebf88d49162c70cd4cc8369d9e64fc9aa9165
    Gas used: 242322

    Block Number: 46
    Block Hash: 0xbc76568125f1d39e3bd8667160ad6fb102156d500c09b4032763eaecf729420f
    Block Time: "Thu, 13 Aug 2026 20:40:25 +0000"

eth_chainId
eth_getTransactionReceipt
eth_getBlockByNumber
eth_getBlockByNumber
eth_chainId
eth_chainId
eth_estimateGas
eth_chainId
eth_getBlockByNumber
eth_sendTransaction
eth_accounts

    Transaction: 0xed34266e6402bee761bf76f0426ab617353a568b4ff1f2fed36d543656f7aad3
    Gas used: 242322

    Block Number: 47
    Block Hash: 0x035f9905c7ba0f91d20d357438515dbcbb0cd98faac21bf82545f99e306d0f2d
    Block Time: "Thu, 13 Aug 2026 20:40:25 +0000"

eth_chainId
eth_getTransactionReceipt
eth_getBlockByNumber
eth_getBlockByNumber
eth_chainId
eth_chainId
eth_estimateGas
eth_chainId
eth_getBlockByNumber
eth_sendTransaction
eth_accounts

    Transaction: 0x7985729edb4c3d3528d373e6eb91101184c5f87a697e3072e4181a31246d0bf0
    Gas used: 242322

    Block Number: 48
    Block Hash: 0x6e25a6385c8dbd7ea5530437d42f98aaff32bb0a6bab776508f97b55c1f99aa0
    Block Time: "Thu, 13 Aug 2026 20:40:25 +0000"

eth_chainId
eth_getTransactionReceipt
eth_getBlockByNumber
eth_getBlockByNumber
eth_chainId
eth_chainId
eth_estimateGas
eth_chainId
eth_getBlockByNumber
eth_sendTransaction
eth_accounts

    Transaction: 0x8a0a3f86261aeca992b7e8ae3acbde20923c8d4ff4bb9dded0eaead2ea80feaa
    Gas used: 242322

    Block Number: 49
    Block Hash: 0xf757a134d971fa1a262e9910bc751d63a2b487b0e4f40d6067471203a29fc4ec
    Block Time: "Thu, 13 Aug 2026 20:40:25 +0000"

eth_chainId
eth_getTransactionReceipt
eth_getBlockByNumber
eth_getBlockByNumber
eth_chainId
eth_chainId
eth_estimateGas
eth_chainId
eth_getBlockByNumber
eth_sendTransaction
eth_accounts

    Transaction: 0xf469d48fcccf0257e31f40a954c3e220e4cde1c919d65e6cae555d88144692c2
    Gas used: 262904

    Block Number: 50
    Block Hash: 0x2a15c14493c63ff4866c6a6548fcacd3a0a5abb14fbba3f758b285d9ffb260c9
    Block Time: "Thu, 13 Aug 2026 20:40:26 +0000"

eth_chainId
eth_getTransactionReceipt
eth_getBlockByNumber
eth_getBlockByNumber
eth_chainId
eth_chainId
eth_estimateGas
eth_chainId
eth_getBlockByNumber
eth_sendTransaction
eth_accounts

    Transaction: 0x0ab7b3d1d8062736caf48488021cb71f880591752422035a0164d0cf09ac4bc7
    Gas used: 242322

    Block Number: 51
    Block Hash: 0x280c20649533beb4fe66d7288aed161d5662723522818ed2da83b0bd8f11323d
    Block Time: "Thu, 13 Aug 2026 20:40:26 +0000"

eth_chainId
eth_getTransactionReceipt
eth_getBlockByNumber
eth_getBlockByNumber
eth_chainId
eth_chainId
eth_estimateGas
eth_chainId
eth_getBlockByNumber
eth_sendTransaction
eth_accounts

    Transaction: 0xf331056d2b9165aa2e0fb9453b1258d78885831826ba375c5cf0dc5de732afa6
    Gas used: 242298

    Block Number: 52
    Block Hash: 0x65309b908c2726e7e01faa8167a0af05c8afca7f7252fe225c30d0adda824b2a
    Block Time: "Thu, 13 Aug 2026 20:40:26 +0000"

eth_chainId
eth_getTransactionReceipt
eth_getBlockByNumber
eth_getBlockByNumber
eth_chainId
eth_chainId
eth_estimateGas
eth_chainId
eth_getBlockByNumber
eth_sendTransaction
eth_accounts

    Transaction: 0xad09ac4d611c5c76f07c34ff0454eadfad5677a51c8eff2f971dea551d753e95
    Gas used: 242298

    Block Number: 53
    Block Hash: 0xadad675e6cd253fead2a437e5404f5d7121c0898cce7a8a6ae52849191a886de
    Block Time: "Thu, 13 Aug 2026 20:40:28 +0000"

eth_chainId
eth_getTransactionReceipt
eth_getBlockByNumber
eth_getBlockByNumber
eth_chainId
eth_chainId
eth_estimateGas
eth_chainId
eth_getBlockByNumber
eth_sendTransaction
eth_accounts

    Transaction: 0x9682c1d58b707e144314bc41042a695dc6dcfc1c14808ec1d616c3632f9fd126
    Gas used: 242298

    Block Number: 54
    Block Hash: 0xfe65a75128ab48edebff8e82e50a0606715617657cd6da975c97b3aeb4af50be
    Block Time: "Thu, 13 Aug 2026 20:40:28 +0000"

eth_chainId
eth_getTransactionReceipt
eth_getBlockByNumber
eth_getBlockByNumber
eth_chainId
eth_chainId
eth_estimateGas
eth_chainId
eth_getBlockByNumber
eth_sendTransaction
eth_accounts

    Transaction: 0x993b251b2144b9e9bafc3e2e27d2402b689e215c7ae9fcfebf3f9f37b2e6d5e7
    Gas used: 242298

    Block Number: 55
    Block Hash: 0x661254dfef595d6447bee513e4ff6eb33698e58181e5e839242b8d4fa89a1da1
    Block Time: "Thu, 13 Aug 2026 20:40:28 +0000"

eth_chainId
eth_getTransactionReceipt
eth_getBlockByNumber
eth_getBlockByNumber
eth_chainId
eth_chainId
eth_estimateGas
eth_chainId
eth_getBlockByNumber
eth_sendTransaction
eth_accounts

    Transaction: 0xf12457e4cd0fbee6b4f718f2325713abb7ac1ce68670d09c89047088063232c7
    Gas used: 242298

    Block Number: 56
    Block Hash: 0x851ab855fa6b3ad15ee786425579dc03d5d3d431d5fe1e4a3f9298849c1fa73a
    Block Time: "Thu, 13 Aug 2026 20:40:28 +0000"

eth_chainId
eth_getTransactionReceipt
eth_getBlockByNumber
eth_getBlockByNumber
eth_chainId
eth_chainId
eth_estimateGas
eth_chainId
eth_getBlockByNumber
eth_sendTransaction
eth_accounts

    Transaction: 0xb5c0a7adfe1c6343b649548d4552426addc490e49cedd0f1139bdd2f7b28eaed
    Gas used: 242298

    Block Number: 57
    Block Hash: 0x609051e4b004132b8a533b01b6bc989554192bf3c20b7b0301d646569e745d92
    Block Time: "Thu, 13 Aug 2026 20:40:28 +0000"

eth_chainId
eth_getTransactionReceipt
eth_getBlockByNumber
eth_getBlockByNumber
eth_chainId
eth_chainId
eth_estimateGas
eth_chainId
eth_getBlockByNumber
eth_sendTransaction
eth_accounts

    Transaction: 0x398951302996d70d40cb299a686e17a64273a1eea28d0ad3ef54f7758ace131f
    Gas used: 242298

    Block Number: 58
    Block Hash: 0x41e10c2ffe873b981cd8b7ea09997fba4db338ae0810062048f7d882e86ff38c
    Block Time: "Thu, 13 Aug 2026 20:40:28 +0000"

eth_chainId
eth_getTransactionReceipt
eth_getBlockByNumber
eth_getBlockByNumber
eth_chainId
eth_chainId
eth_estimateGas
eth_chainId
eth_getBlockByNumber
eth_sendTransaction
eth_accounts

    Transaction: 0x9a65cf3942d72556820b8da521749b2e66c765d839d9f7891850e79c5b9caed5
    Gas used: 242298

    Block Number: 59
    Block Hash: 0x7920f842695207c1a00007ae5bfd4acfa26c955f930b859cad55ccc2ba823944
    Block Time: "Thu, 13 Aug 2026 20:40:29 +0000"

eth_chainId
eth_getTransactionReceipt
eth_getBlockByNumber
eth_getBlockByNumber
eth_chainId
eth_chainId
eth_estimateGas
eth_chainId
eth_getBlockByNumber
eth_sendTransaction
eth_accounts

    Transaction: 0x288825ff696d297ee8b4094c7951fff1c6bdc0cbd66cf2c184b7da824adda25a
    Gas used: 242298

    Block Number: 60
    Block Hash: 0xa7141b78023991e2789bad8571ad2143c48141685f8988a14aba1451c7186d80
    Block Time: "Thu, 13 Aug 2026 20:40:29 +0000"

eth_chainId
eth_getTransactionReceipt
eth_getBlockByNumber
eth_getBlockByNumber
eth_chainId
eth_chainId
eth_estimateGas
eth_chainId
eth_getBlockByNumber
eth_sendTransaction
eth_accounts

    Transaction: 0xd71730b1da37660f16647ed94457ac0009fea8636abcb0e2d81a093e57f4db3b
    Gas used: 242298

    Block Number: 61
    Block Hash: 0x686b9294a5abcefdfb198fefc012e8f2947d3957ecff0af9bccd1a74f86b8978
    Block Time: "Thu, 13 Aug 2026 20:40:29 +0000"

eth_chainId
eth_getTransactionReceipt
eth_getBlockByNumber
eth_getBlockByNumber
eth_chainId
eth_chainId
eth_estimateGas
eth_chainId
eth_getBlockByNumber
eth_sendTransaction
eth_accounts

    Transaction: 0x8df3d8f8ac742e612fa9d222ddbb5a4ddc9aceeb07d12bdd223c3ae4ffe07a18
    Gas used: 242298

    Block Number: 62
    Block Hash: 0x16c45691dfd1d9ff9c8bd83311683c62762b997b5287ad68119f5f70b8002edd
    Block Time: "Thu, 13 Aug 2026 20:40:29 +0000"

eth_chainId
eth_getTransactionReceipt
eth_getBlockByNumber
eth_getBlockByNumber
eth_chainId
eth_chainId
eth_estimateGas
eth_chainId
eth_getBlockByNumber
eth_sendTransaction
eth_accounts

    Transaction: 0xe67c0a70ad5e00c0a133fabb66d7bda726d55bd04a5464c8d466e4eca8886211
    Gas used: 242298

    Block Number: 63
    Block Hash: 0x2c9ba20efecf0e697043e2805c4478c708ff2676ec69c1ed699623e717634edc
    Block Time: "Thu, 13 Aug 2026 20:40:29 +0000"

eth_chainId
eth_getTransactionReceipt
eth_getBlockByNumber
eth_getBlockByNumber
eth_chainId
eth_chainId
eth_estimateGas
eth_chainId
eth_getBlockByNumber
eth_sendTransaction
eth_accounts

    Transaction: 0x06100f47e2933467515594d1135b0f7a169f1d715ba0847fcb86a26988146f79
    Gas used: 242298

    Block Number: 64
    Block Hash: 0x47a96a869dee4b91d5aa9063cf103833123f875d88d893758d05c65cc174831e
    Block Time: "Thu, 13 Aug 2026 20:40:29 +0000"

eth_chainId
eth_getTransactionReceipt
eth_getBlockByNumber
eth_getBlockByNumber
eth_chainId
eth_chainId
eth_estimateGas
eth_chainId
eth_getBlockByNumber
eth_sendTransaction
eth_accounts

    Transaction: 0x4e6a4c970c9ffef6efed9ca3d3cfaf94f40ff87e9578f2ba8bedc4c197318e11
    Gas used: 242298

    Block Number: 65
    Block Hash: 0xfac010b0c2b330b501b7cd4e9ec655c2fd08845f5b0590fd3455eaf7a20626a0
    Block Time: "Thu, 13 Aug 2026 20:40:29 +0000"

eth_chainId
eth_getTransactionReceipt
eth_getBlockByNumber
eth_getBlockByNumber
eth_chainId
eth_chainId
eth_estimateGas
eth_chainId
eth_getBlockByNumber
eth_sendTransaction
eth_accounts

    Transaction: 0x18c8b2224a63960fd1eb39b262f8665960a1831b754179e4f588defcc5d9b2aa
    Gas used: 242298

eth_chainId
    Block Number: 66
    Block Hash: 0xe8ba5d680c25ccdea729575bbb0186863a6599ad83a84eff6170e3cb639e2e57
    Block Time: "Thu, 13 Aug 2026 20:40:30 +0000"

eth_getTransactionReceipt
eth_getBlockByNumber
eth_getBlockByNumber
eth_chainId
eth_chainId
eth_estimateGas
eth_chainId
eth_getBlockByNumber
eth_sendTransaction
eth_accounts

    Transaction: 0x298f5a6fc68df580d83e39914e66101bddb8e645b40cdf0a600bd6df34079b5d
    Gas used: 242298

    Block Number: 67
    Block Hash: 0x75df4f5279f9d93e9e0795848056c42ac17e4c38d04bb32e5bc9c86232249ded
    Block Time: "Thu, 13 Aug 2026 20:40:30 +0000"

eth_chainId
eth_getTransactionReceipt
eth_getBlockByNumber
eth_getBlockByNumber
eth_chainId
eth_chainId
eth_estimateGas
eth_chainId
eth_getBlockByNumber
eth_sendTransaction
eth_accounts

    Transaction: 0xb20b6baada9da2a1e1714d9032f278e21f2599a3e5cc8230c63bbcf0badf7203
    Gas used: 242298

    Block Number: 68
    Block Hash: 0xe7b519ed55cc24b4b67d01583b49b3af96959f2be19ab05e02d7c9dada8a1936
    Block Time: "Thu, 13 Aug 2026 20:40:30 +0000"

eth_chainId
eth_getTransactionReceipt
eth_getBlockByNumber
eth_getBlockByNumber
eth_chainId
eth_chainId
eth_estimateGas
eth_chainId
eth_getBlockByNumber
eth_sendTransaction
eth_accounts

    Transaction: 0xb48f404d200bf739dd237a1ee152e9c48370cc9a6b3ba429c71dd5dcf180631e
    Gas used: 242298

    Block Number: 69
    Block Hash: 0xe778e1ed69b821b5f490e69745ec02ad465097a0db7f358fd21a0ecfc1a7e7ab
    Block Time: "Thu, 13 Aug 2026 20:40:30 +0000"

eth_chainId
eth_getTransactionReceipt
eth_getBlockByNumber
eth_getBlockByNumber
eth_chainId
eth_chainId
eth_estimateGas
eth_chainId
eth_getBlockByNumber
eth_sendTransaction
eth_accounts
eth_chainId

    Transaction: 0xf8da1b72500764df5fa9542e7c6c2ea41396224eb5fa7052dcabe724bfa25883
    Gas used: 242298

    Block Number: 70
    Block Hash: 0x46535d5dbc06d1c1766da026c8ed4df38db70b847ea68f3e1d225b98486ff035
    Block Time: "Thu, 13 Aug 2026 20:40:30 +0000"

eth_getTransactionReceipt
eth_getBlockByNumber
eth_getBlockByNumber
eth_chainId
eth_chainId
eth_estimateGas
eth_chainId
eth_getBlockByNumber
eth_sendTransaction
eth_accounts

    Transaction: 0x7e9cb8c7ad5702a7615423d28c72e9b2b000c1778997d361e990801a7f6ecda0
    Gas used: 242298

    Block Number: 71
    Block Hash: 0xc1a8d93e4a23b37f6bcc832a4f9b4d0e4957c8807f04f6749e0dcfd74d3dbba9
    Block Time: "Thu, 13 Aug 2026 20:40:31 +0000"

eth_chainId
eth_getTransactionReceipt
eth_getBlockByNumber
eth_getBlockByNumber
eth_chainId
eth_chainId
eth_estimateGas
eth_chainId
eth_getBlockByNumber
eth_sendTransaction
eth_accounts
eth_chainId

    Transaction: 0x09f9203bf8815b8dce5f20f65f305b75c9ad27cc4b3ef95fd39342dcfe72bc80
    Gas used: 242298

    Block Number: 72
    Block Hash: 0xf495e94e6c665931f77188a2d4d205b24dbcc2671dd21bd380d94523f4a00685
    Block Time: "Thu, 13 Aug 2026 20:40:31 +0000"

eth_getTransactionReceipt
eth_getBlockByNumber
eth_getBlockByNumber
eth_chainId
eth_chainId
eth_estimateGas
eth_chainId
eth_getBlockByNumber
eth_sendTransaction
eth_accounts
eth_chainId

    Transaction: 0x3dffbda4ee1b60687f5a3bdea27055b7b7cefbc5fcf2507f1fdf8254b29c4c93
    Gas used: 242298

    Block Number: 73
    Block Hash: 0x0b4accfce877ee68004186b42a35cb28317ed5b6312bd14fc6c56c156521f386
    Block Time: "Thu, 13 Aug 2026 20:40:31 +0000"

eth_getTransactionReceipt
eth_getBlockByNumber
eth_getBlockByNumber
eth_chainId
eth_chainId
eth_estimateGas
eth_chainId
eth_getBlockByNumber
eth_sendTransaction
eth_accounts
eth_chainId

    Transaction: 0x7b71306b3c0016c72e559007b2d2bcf3fa234acb566e06bd8cc678aed18f3460
    Gas used: 242298

    Block Number: 74
    Block Hash: 0x54b996b6dd838297c23f566bc92e74bacbfbc0195c2422d7319f83a46966ee65
    Block Time: "Thu, 13 Aug 2026 20:40:31 +0000"

eth_getTransactionReceipt
eth_getBlockByNumber
eth_getBlockByNumber
eth_chainId
eth_chainId
eth_estimateGas
eth_chainId
eth_getBlockByNumber
eth_sendTransaction
eth_accounts

    Transaction: 0x1fb37d87c39922a516a0d85a26a61dedee68e4eab90b1ba261ae5c035506a755
    Gas used: 242298

    Block Number: 75
    Block Hash: 0xcccb720cef69e666bbf6987bd31f3732628461fca97766cb8b0452df1328f021
    Block Time: "Thu, 13 Aug 2026 20:40:31 +0000"

eth_chainId
eth_getTransactionReceipt
eth_getBlockByNumber
eth_getBlockByNumber
eth_chainId
eth_chainId
eth_estimateGas
eth_chainId
eth_getBlockByNumber
eth_sendTransaction
eth_accounts
eth_chainId

    Transaction: 0xba88d7111c100ccbfddfa3d0f67643492d44ec96f7d440245a068670a95bb909
    Gas used: 242298

    Block Number: 76
    Block Hash: 0xaee073081b2374e718c00fd692d17ccd61d3478eb97baa9cb9fb343d7a38c402
    Block Time: "Thu, 13 Aug 2026 20:40:31 +0000"

eth_getTransactionReceipt
eth_getBlockByNumber
eth_getBlockByNumber
eth_chainId
eth_chainId
eth_estimateGas
eth_chainId
eth_getBlockByNumber
eth_sendTransaction
eth_accounts

    Transaction: 0x4fe68dd197324ae065d980d9d058b2cdd896bed1f98071043ed543578ce8bfaf
    Gas used: 242298

    Block Number: 77
    Block Hash: 0x01f23cba9dcd0535ad8003e0b5669e81aff56b716db725d621e2793ab944fb10
    Block Time: "Thu, 13 Aug 2026 20:40:32 +0000"

eth_chainId
eth_getTransactionReceipt
eth_getBlockByNumber
eth_getBlockByNumber
eth_chainId
eth_chainId
eth_estimateGas
eth_chainId
eth_getBlockByNumber
eth_sendTransaction
eth_accounts
eth_chainId

    Transaction: 0xe8e4daf7407d184c13197835b21b1b652bf543651ee46ff2f8692f1ba94e2f81
    Gas used: 242298

    Block Number: 78
    Block Hash: 0x63eed02eff9a14b78befca13fc70bbf88b6589e6ba39747ebc7592666b4cd981
    Block Time: "Thu, 13 Aug 2026 20:40:32 +0000"

eth_getTransactionReceipt
eth_getBlockByNumber
eth_getBlockByNumber
eth_chainId
eth_chainId
eth_estimateGas
eth_chainId
eth_getBlockByNumber
eth_sendTransaction
eth_accounts

    Transaction: 0x24f901c44db07a1f7d52777c0339ca1ba53342481a0b9bf19eac459222e8d8a4
    Gas used: 242298

    Block Number: 79
    Block Hash: 0xbffb5c9935538c9bba750823fad61b0aa56cc859084f6091fc6854add756a4a8
    Block Time: "Thu, 13 Aug 2026 20:40:32 +0000"

eth_chainId
eth_getTransactionReceipt
eth_getBlockByNumber
eth_getBlockByNumber
eth_chainId
eth_chainId
eth_estimateGas
eth_chainId
eth_getBlockByNumber
eth_sendTransaction
eth_accounts

    Transaction: 0xd81b4c03d5d75dc1246060ad0eee58a806691f954b607608c902ee80597a812b
    Gas used: 242298

    Block Number: 80
    Block Hash: 0x2d92caf62bef9b6c206f6819776b956eca5479750f3c5711c68bf70c1ffb047f
    Block Time: "Thu, 13 Aug 2026 20:40:32 +0000"

eth_chainId
eth_getTransactionReceipt
eth_getBlockByNumber
eth_getBlockByNumber
eth_chainId
eth_chainId
eth_estimateGas
eth_chainId
eth_getBlockByNumber
eth_sendTransaction
eth_accounts

    Transaction: 0xc84ad148efc1c9acab8f3f77d829fdc7a13d11e1d6ff1ffafc8adc2ee2af1523
    Gas used: 242298

    Block Number: 81
    Block Hash: 0x26b7b94ae8a14230851c05099ec58c84505a44d9635d21b513ef159c03106c36
    Block Time: "Thu, 13 Aug 2026 20:40:32 +0000"

eth_chainId
eth_getTransactionReceipt
eth_getBlockByNumber
eth_getBlockByNumber
eth_chainId
eth_chainId
eth_estimateGas
eth_chainId
eth_getBlockByNumber
eth_sendTransaction
eth_accounts
eth_chainId

    Transaction: 0x94331df8e08e3c8c6da9901fa288578f7476a52f70f91564f618633cee47fbb7
    Gas used: 242298

    Block Number: 82
    Block Hash: 0x77c689f471a14b77af2fcd6fb88dad310923ab80b959301e63871425bd7a8b20
    Block Time: "Thu, 13 Aug 2026 20:40:33 +0000"

eth_getTransactionReceipt
eth_getBlockByNumber
eth_getBlockByNumber
eth_chainId
eth_chainId
eth_estimateGas
eth_chainId
eth_getBlockByNumber
eth_sendTransaction
eth_accounts
eth_chainId

    Transaction: 0x45307bdbaea92482b6ab3fc1ee128b33e7db8f5cfb6fd65704d6ab6385113ec0
    Gas used: 242298

    Block Number: 83
    Block Hash: 0x1fc2166fc2951ee40956ab0e74ec0bcd2f5dfad4126ab3fb0aab971440ea9366
    Block Time: "Thu, 13 Aug 2026 20:40:33 +0000"

eth_getTransactionReceipt
eth_getBlockByNumber
eth_getBlockByNumber
eth_chainId
eth_chainId
eth_estimateGas
eth_chainId
eth_getBlockByNumber
eth_sendTransaction
eth_accounts
eth_chainId

    Transaction: 0x32430683542897c341a5ec67679400b9d8e269607620b1327fd8e6930658859f
    Gas used: 242298

    Block Number: 84
    Block Hash: 0x4d5c4366e207d543c80509e0fbedd381c4dfc612652dccf78b4077c944718b72
    Block Time: "Thu, 13 Aug 2026 20:40:33 +0000"

eth_getTransactionReceipt
eth_getBlockByNumber
eth_getBlockByNumber
eth_chainId
eth_chainId
eth_estimateGas
eth_chainId
eth_getBlockByNumber
eth_sendTransaction
eth_accounts
eth_chainId

    Transaction: 0x5a7bb946f30b96a2fd879aaee6a61c67373d9bec08508e4414685484dfe72403
    Gas used: 242298

    Block Number: 85
    Block Hash: 0xfd36fa087b32ddaff9c3757b6157236b4a060b6eb1fb1173df01c6934ace9bd8
    Block Time: "Thu, 13 Aug 2026 20:40:33 +0000"

eth_getTransactionReceipt
eth_getBlockByNumber
eth_getBlockByNumber
eth_chainId
eth_chainId
eth_estimateGas
eth_chainId
eth_getBlockByNumber
eth_sendTransaction
eth_accounts
eth_chainId

    Transaction: 0x9506f2e8048445c88c6988452e9a9cccd2292d3cf6e870b09b4dedad79b655b9
    Gas used: 242298

    Block Number: 86
    Block Hash: 0x3c23daa42255e5c62f4d99880b831bc31c23c0c6bf741ac1c8c067d349a802f2
    Block Time: "Thu, 13 Aug 2026 20:40:33 +0000"

eth_getTransactionReceipt
eth_getBlockByNumber
eth_getBlockByNumber
eth_chainId
eth_chainId
eth_estimateGas
eth_chainId
eth_getBlockByNumber
eth_sendTransaction
eth_accounts
eth_chainId

    Transaction: 0xf3712fd07e0b218f1a7418c483971cb113112cc61b82af562e604a2f0c8cabc0
    Gas used: 242298

    Block Number: 87
    Block Hash: 0x3930683f99b7a9ab867943ab9aa4c4040cf4a975161cd445396ed391f1752b5a
    Block Time: "Thu, 13 Aug 2026 20:40:34 +0000"

eth_getTransactionReceipt
eth_getBlockByNumber
eth_getBlockByNumber
eth_chainId
eth_chainId
eth_estimateGas
eth_chainId
eth_getBlockByNumber
eth_sendTransaction
eth_accounts
eth_chainId

    Transaction: 0x4b7885829061ba4dbbde6dcda330b71a26e1ee15f56a1dc9f0a1db90df26123e
    Gas used: 242298

    Block Number: 88
    Block Hash: 0xfd7ba83849bccc0324e015da9bb84041eade007ed4f298e17f440adc2310901c
    Block Time: "Thu, 13 Aug 2026 20:40:34 +0000"

eth_getTransactionReceipt
eth_getBlockByNumber
eth_getBlockByNumber
eth_chainId
eth_chainId
eth_estimateGas
eth_chainId
eth_getBlockByNumber
eth_sendTransaction
eth_accounts
eth_chainId

    Transaction: 0x890816b643dc0c2ff8466825c2b6b4ba1272a7eaf782cd813f32d3c5f18dadbf
    Gas used: 242298

    Block Number: 89
    Block Hash: 0xe89fee25148902a3f890e3e41675f3a414d9b7ebaecfb777c90126489d52ad65
    Block Time: "Thu, 13 Aug 2026 20:40:34 +0000"

eth_getTransactionReceipt
eth_getBlockByNumber
eth_getBlockByNumber
eth_chainId
eth_chainId
eth_estimateGas
eth_chainId
eth_getBlockByNumber
eth_sendTransaction
eth_accounts
eth_chainId

    Transaction: 0x4536c6c81d5d99bfb7010efa7bd583e8a090dbcbfdaed338bd2319c5d8bbd66c
    Gas used: 242298

    Block Number: 90
    Block Hash: 0x491daf70c536b0617276c6125f0861c7035496c4b8e5f9ade3e4bd56c5cc6b66
    Block Time: "Thu, 13 Aug 2026 20:40:34 +0000"

eth_getTransactionReceipt
eth_getBlockByNumber
eth_getBlockByNumber
eth_chainId
eth_chainId
eth_estimateGas
eth_chainId
eth_getBlockByNumber
eth_sendTransaction
eth_accounts
eth_chainId

    Transaction: 0x59be595204b38629e7bb67e05a844c637cde3cb91729832f9135e4139ec45e6c
    Gas used: 242298

    Block Number: 91
    Block Hash: 0x3b267ed4de8d9985e6ed502aa49c6b28dfa95f9e131c05f5f449c7377fe57237
    Block Time: "Thu, 13 Aug 2026 20:40:34 +0000"

eth_getTransactionReceipt
eth_getBlockByNumber
eth_getBlockByNumber
eth_chainId
eth_chainId
eth_estimateGas
eth_chainId
eth_getBlockByNumber
eth_sendTransaction
eth_accounts

    Transaction: 0x2330e27326ff5f997f393f3f0e3526f543427c7b565d4f7ce388bbb7c84e8aa1
    Gas used: 242298

    Block Number: 92
    Block Hash: 0xf70ac98e420fcdad863895efb9205d73e3a98653d5dd00d0d3509eee689e194d
    Block Time: "Thu, 13 Aug 2026 20:40:34 +0000"

eth_chainId
eth_getTransactionReceipt
eth_getBlockByNumber
eth_getBlockByNumber
eth_chainId
eth_chainId
eth_estimateGas
eth_chainId
eth_getBlockByNumber
eth_sendTransaction
eth_accounts
eth_chainId

    Transaction: 0x9f7bfbf1ad2b646fca01ce5b00ccc5099f8e9d5c9060391531658946000a3198
    Gas used: 242298

    Block Number: 93
    Block Hash: 0x9fa158eda29232624537fec442d1625879028a8d02931fc51bd4b3a295c84afa
    Block Time: "Thu, 13 Aug 2026 20:40:34 +0000"

eth_getTransactionReceipt
eth_getBlockByNumber
eth_getBlockByNumber
eth_chainId
eth_chainId
eth_estimateGas
eth_chainId
eth_getBlockByNumber
eth_sendTransaction
eth_accounts
eth_chainId

    Transaction: 0x273d13a37f2643b851b091eb1336268beba03b91ec81157591450e83a634f2ef
    Gas used: 242298

    Block Number: 94
    Block Hash: 0xa50e9efb48f2ad626e8bf99c50614d9687fafdcdaa90a116e3a57df323ba7f58
    Block Time: "Thu, 13 Aug 2026 20:40:35 +0000"

eth_getTransactionReceipt
eth_getBlockByNumber
eth_getBlockByNumber
eth_chainId
eth_chainId
eth_estimateGas
eth_chainId
eth_getBlockByNumber
eth_sendTransaction
eth_accounts
eth_chainId

    Transaction: 0x5371117dab43d124967194bf7eac18fddeb06641f02f4fa323d5eec0bbd63783
    Gas used: 242298

    Block Number: 95
    Block Hash: 0x8e13bab4aa80c61b0a1592b8b0c14e138413de497ca82bc6c33d4a8670b48ce5
    Block Time: "Thu, 13 Aug 2026 20:40:35 +0000"

eth_getTransactionReceipt
eth_getBlockByNumber
eth_getBlockByNumber
eth_chainId
eth_chainId
eth_estimateGas
eth_chainId
eth_getBlockByNumber
eth_sendTransaction
eth_accounts
eth_chainId

    Transaction: 0x73849f180792c596068dab6834ff442e3e06102248149929a23a65a5cbd1aca5
    Gas used: 242298

    Block Number: 96
    Block Hash: 0xcffe0b74cb5ea1dbb5b38e225f02b625b8b6b91554c0ca1fa865551e4e138488
    Block Time: "Thu, 13 Aug 2026 20:40:35 +0000"

eth_getTransactionReceipt
eth_getBlockByNumber
eth_getBlockByNumber
eth_chainId
eth_chainId
eth_estimateGas
eth_chainId
eth_getBlockByNumber
eth_sendTransaction
eth_accounts
eth_chainId

    Transaction: 0xe5e4fef50a9d76c35b1719449fa04b76acbde37fac308eb460b5ab6bfde5c650
    Gas used: 242298

    Block Number: 97
    Block Hash: 0xaa0404bde1b53422282c74cae8436c14d083545a5bacffd45518affd5eb94779
    Block Time: "Thu, 13 Aug 2026 20:40:35 +0000"

eth_getTransactionReceipt
eth_getBlockByNumber
eth_getBlockByNumber
eth_chainId
eth_chainId
eth_estimateGas
eth_chainId
eth_getBlockByNumber
eth_sendTransaction
eth_accounts
eth_chainId

    Transaction: 0x4fd420f72e5c9f5546e44de76adc80976943d1884555f499ff7f88f6a1ffefe1
    Gas used: 242298

    Block Number: 98
    Block Hash: 0x60f20fab9e9951f647e9cd819474bdb7da5506cf2675d2c29c775c1efddbc509
    Block Time: "Thu, 13 Aug 2026 20:40:35 +0000"

eth_getTransactionReceipt
eth_getBlockByNumber
eth_getBlockByNumber
eth_chainId
eth_chainId
eth_estimateGas
eth_chainId
eth_getBlockByNumber
eth_sendTransaction
eth_accounts
eth_chainId

    Transaction: 0x4f8e6d7833c9a63be5a01cd8fcccdd4220805a5d5f23559ee28b5c5a844083ac
    Gas used: 242298

    Block Number: 99
    Block Hash: 0xba3ba225bf54dcfd84355f324de987212251ed957a216f74ca0f9d18355827af
    Block Time: "Thu, 13 Aug 2026 20:40:35 +0000"

eth_getTransactionReceipt
eth_getBlockByNumber
eth_getBlockByNumber
eth_chainId
eth_chainId
eth_estimateGas
eth_chainId
eth_getBlockByNumber
eth_sendTransaction
eth_accounts
eth_chainId

    Transaction: 0x2048cf8d6749c3172c949e922307fe216fc7512b5eb08e344895547242f49740
    Gas used: 242298

    Block Number: 100
    Block Hash: 0x33e5c1d7ec7e7f1583568b19fd20de8a7468a66aac8b8571eb1580beebf76241
    Block Time: "Thu, 13 Aug 2026 20:40:36 +0000"

eth_getTransactionReceipt
eth_getBlockByNumber
eth_getBlockByNumber
eth_chainId
eth_chainId
eth_estimateGas
eth_chainId
eth_getBlockByNumber
eth_sendTransaction
eth_accounts
eth_chainId

    Transaction: 0xa705caae802c57e166fd46dd659b5d17cbbc0f079e660fc13832ac82eda4b77d
    Gas used: 242298

    Block Number: 101
    Block Hash: 0x408e1ebb8ec93ec8609a2d7b1982e407da1a3e7958890b9dc4d55ab3dfaf7713
    Block Time: "Thu, 13 Aug 2026 20:40:36 +0000"

eth_getTransactionReceipt
eth_getBlockByNumber
eth_getBlockByNumber
eth_chainId
eth_chainId
eth_estimateGas
eth_chainId
eth_getBlockByNumber
eth_sendTransaction
eth_accounts
eth_chainId

    Transaction: 0xaca70037d5ad80ee6ed5e3b1e4320a5484de6ba44aca2c82c09627b420fedf28
    Gas used: 242358

    Block Number: 102
    Block Hash: 0xe15b361d21598730ec66855ce25291a3ba447f9730fcf328155e420ed8c094fb
    Block Time: "Thu, 13 Aug 2026 20:40:36 +0000"

eth_getTransactionReceipt
eth_getBlockByNumber
eth_getBlockByNumber
eth_chainId
eth_chainId
eth_estimateGas
eth_chainId
eth_getBlockByNumber
eth_sendTransaction
eth_accounts
eth_chainId

    Transaction: 0xcf89407e4822e86042fbf2e5bfb4ee4ee5ec1aa5aaefaa7d87f569f8b76bbc50
    Gas used: 242358

    Block Number: 103
    Block Hash: 0x80017a3eb170d3e7d1d4f440bfda16304b5d0ea7591bbeeeb691b292f94e66f4
    Block Time: "Thu, 13 Aug 2026 20:40:36 +0000"

eth_getTransactionReceipt
eth_getBlockByNumber
eth_getBlockByNumber
eth_chainId
eth_chainId
eth_estimateGas
eth_chainId
eth_getBlockByNumber
eth_sendTransaction
eth_accounts
eth_chainId

    Transaction: 0x0db10412ac3db701836810b5adb54289b9fbb0fb8c7e2729371b5060a72bbaf2
    Gas used: 242358

    Block Number: 104
    Block Hash: 0x38ab3f619a998d514fadb8afead78c2ea6385b1982a2070f835d011d837580da
    Block Time: "Thu, 13 Aug 2026 20:40:36 +0000"

eth_getTransactionReceipt
eth_getBlockByNumber
eth_getBlockByNumber
eth_chainId
eth_chainId
eth_estimateGas
eth_chainId
eth_getBlockByNumber
eth_sendTransaction
eth_accounts
eth_chainId

    Transaction: 0xf742673f201cb3e6e1c9c582d5d9677ff837c0c770cb9a96c01f869993454af9
    Gas used: 242358

    Block Number: 105
    Block Hash: 0x8bf1ca154e06841824bc5eefbe8637182db5e8bcda1e1f4fc6c9998a53c28f63
    Block Time: "Thu, 13 Aug 2026 20:40:37 +0000"

eth_getTransactionReceipt
eth_getBlockByNumber
eth_getBlockByNumber
eth_chainId
eth_chainId
eth_estimateGas
eth_chainId
eth_getBlockByNumber
eth_sendTransaction
eth_accounts
eth_chainId

    Transaction: 0xa7aa792257a6bef8c27e990d42a65c28347a8c7035e9b3920d2b00b980fcf9cf
    Gas used: 242358

    Block Number: 106
    Block Hash: 0xd7170f8e45ee7bda2bdc091003b58474e0c3ce3095a26796b80cf54312456c97
    Block Time: "Thu, 13 Aug 2026 20:40:37 +0000"

eth_getTransactionReceipt
eth_getBlockByNumber
eth_getBlockByNumber
eth_chainId
eth_chainId
eth_estimateGas
eth_chainId
eth_getBlockByNumber
eth_sendTransaction
eth_accounts
eth_chainId

    Transaction: 0xedd9d11fd81737025d66d5065de22b8b19879f778d072541a2b6e434a92f3d1f
    Gas used: 242358

    Block Number: 107
    Block Hash: 0xa241cfa2864af4d2af8a20905919f0ffcc6a28f0002c2958f8008340d76acdc1
    Block Time: "Thu, 13 Aug 2026 20:40:37 +0000"

eth_getTransactionReceipt
eth_getBlockByNumber
eth_getBlockByNumber
eth_chainId
eth_chainId
eth_estimateGas
eth_chainId
eth_getBlockByNumber
eth_sendTransaction
eth_accounts
eth_chainId

    Transaction: 0xb35d600ee0cfa0478c566f45c418ca1855717a739ebdd0a2165e5d6e8c2ceee6
    Gas used: 242358

    Block Number: 108
    Block Hash: 0x668872c784cbdf4058bb453e646dae7920212d31cece65ebf6372c6c38b68a84
    Block Time: "Thu, 13 Aug 2026 20:40:37 +0000"

eth_getTransactionReceipt
eth_getBlockByNumber
eth_getBlockByNumber
eth_chainId
eth_chainId
eth_estimateGas
eth_chainId
eth_getBlockByNumber
eth_sendTransaction
eth_accounts
eth_chainId

    Transaction: 0xd288db5fd0cdca1ce2f0806550d641fe5e57ee14099a9f2eca0270e32c123f69
    Gas used: 242358

    Block Number: 109
    Block Hash: 0x650833e203a323975597a55a76a296dbf67df8c5dce7ec3bae3f8468bc81fcaa
    Block Time: "Thu, 13 Aug 2026 20:40:37 +0000"

eth_getTransactionReceipt
eth_getBlockByNumber
eth_getBlockByNumber
eth_chainId
eth_chainId
eth_estimateGas
eth_chainId
eth_getBlockByNumber
eth_sendTransaction
eth_accounts
eth_chainId

    Transaction: 0x1209ad6f8c7a7f55a4f74ee415f07931335f02b6e1d952066b92e660274d6c23
    Gas used: 242358

    Block Number: 110
    Block Hash: 0xf197680a0b95ce2097cf05ce12afb675055b42f394549064a6c24721a7af4351
    Block Time: "Thu, 13 Aug 2026 20:40:37 +0000"

eth_getTransactionReceipt
eth_getBlockByNumber
eth_getBlockByNumber
eth_chainId
eth_chainId
eth_estimateGas
eth_chainId
eth_getBlockByNumber
eth_sendTransaction
eth_accounts
eth_chainId

    Transaction: 0x16d51c52f130f4d47603c2f49bf29401d0427aaeee88268e9354379697db8f65
    Gas used: 242358

    Block Number: 111
    Block Hash: 0xd42269c87e340c34f64632c80c2e36af22f5ee9a49a0e87eb13cbb8b38fa352b
    Block Time: "Thu, 13 Aug 2026 20:40:37 +0000"

eth_getTransactionReceipt
eth_getBlockByNumber
eth_getBlockByNumber
eth_chainId
eth_chainId
eth_estimateGas
eth_chainId
eth_getBlockByNumber
eth_sendTransaction
eth_accounts
eth_chainId

    Transaction: 0xa858508989ff5969d92b7299f914fff7ffc98342779d296d30ee564723163c33
    Gas used: 242358

    Block Number: 112
    Block Hash: 0x209589dcd0147f0cb7181a84aa2694a5a3fdb6ffaa17ff02acd6e300e1340c13
    Block Time: "Thu, 13 Aug 2026 20:40:38 +0000"

eth_getTransactionReceipt
eth_getBlockByNumber
eth_getBlockByNumber
eth_chainId
eth_chainId
eth_estimateGas
eth_chainId
eth_getBlockByNumber
eth_sendTransaction
eth_accounts
eth_chainId

    Transaction: 0x68b77ac28be71519795d430985aad975aeda4524277fe7016de7dc75a90be31f
    Gas used: 242358

    Block Number: 113
    Block Hash: 0x99961d2462724c392fc794e3e86b8e09ec55b12b3c6f4c1477c8d23832190eab
    Block Time: "Thu, 13 Aug 2026 20:40:38 +0000"

eth_getTransactionReceipt
eth_getBlockByNumber
eth_getBlockByNumber
eth_chainId
eth_chainId
eth_estimateGas
eth_chainId
eth_getBlockByNumber
eth_sendTransaction
eth_accounts
eth_chainId

    Transaction: 0x550649e116fc8f398cfe2f7f6081725355a1ef3a47abdea34bada75d7d9fcfcb
    Gas used: 242358

    Block Number: 114
    Block Hash: 0xa85ab4b55d3f9f23da497f91209a58b0fc7f404edf6c3639ff0b89abff769173
    Block Time: "Thu, 13 Aug 2026 20:40:38 +0000"

eth_getTransactionReceipt
eth_getBlockByNumber
eth_getBlockByNumber
eth_chainId
eth_chainId
eth_estimateGas
eth_chainId
eth_getBlockByNumber
eth_sendTransaction
eth_accounts
eth_chainId

    Transaction: 0xa764b4c30fbabf696deb60ce4cdf387334764dbac342b771bfcc6ca5be956741
    Gas used: 242358

    Block Number: 115
    Block Hash: 0xa1a60a968c5e527bd80b6841a3eedbdd76ee7b84f25c404c91742a7feb254b16
    Block Time: "Thu, 13 Aug 2026 20:40:38 +0000"

eth_getTransactionReceipt
eth_getBlockByNumber
eth_getBlockByNumber
eth_chainId
eth_chainId
eth_estimateGas
eth_chainId
eth_getBlockByNumber
eth_sendTransaction
eth_accounts
eth_chainId

    Transaction: 0x6f13c637b467fa8992481025498c6084a8dc38d3ce9db177fb7d458b3eda15e7
    Gas used: 242358

    Block Number: 116
    Block Hash: 0x5d9e836bdd670d16e7299a42bda59dae2361957c7d445ded0faeedbddd48cbf2
    Block Time: "Thu, 13 Aug 2026 20:40:38 +0000"

eth_getTransactionReceipt
eth_getBlockByNumber
eth_getBlockByNumber
eth_chainId
eth_chainId
eth_estimateGas
eth_chainId
eth_getBlockByNumber
eth_sendTransaction
eth_accounts
eth_chainId

    Transaction: 0xef5618f8596a75aca295f188b70d0923eb63a21734a53f9e80da478d707515b3
    Gas used: 242358

    Block Number: 117
    Block Hash: 0x0d4734fe202427dd9ea529ed29371151f6f0c0b8c7ccc54fb3d7d0dd1ccc1ad7
    Block Time: "Thu, 13 Aug 2026 20:40:38 +0000"

eth_getTransactionReceipt
eth_getBlockByNumber
eth_getBlockByNumber
eth_chainId
eth_chainId
eth_estimateGas
eth_chainId
eth_getBlockByNumber
eth_sendTransaction
eth_accounts
eth_chainId

    Transaction: 0xa35d1db1ed103fa4dfd55cd7f90c8b8dd76f2f3a4d886df2b2c18b48f3584af4
    Gas used: 242358

    Block Number: 118
    Block Hash: 0x75d249ec066c4f6fbc6a8bd4bb8c0a6d692af14db0275cdad57cec50e2585bf5
    Block Time: "Thu, 13 Aug 2026 20:40:39 +0000"

eth_getTransactionReceipt
eth_getBlockByNumber
eth_getBlockByNumber
eth_chainId
eth_chainId
eth_estimateGas
eth_chainId
eth_getBlockByNumber
eth_sendTransaction
eth_accounts
eth_chainId

    Transaction: 0x7115b4e3134d6afcd073047babd0ccd92071dfadde6dbb22e898f3bc85dccb4d
    Gas used: 242358

    Block Number: 119
    Block Hash: 0xc8d9eca7801202fb811a8c481e34e370ff7a79ae7893469db0f29ebebb3cbd4a
    Block Time: "Thu, 13 Aug 2026 20:40:39 +0000"

eth_getTransactionReceipt
eth_getBlockByNumber
eth_getBlockByNumber
eth_chainId
eth_chainId
eth_estimateGas
eth_chainId
eth_getBlockByNumber
eth_sendTransaction
eth_accounts
eth_chainId

    Transaction: 0x6f6136c8edd88a2ae49cb18245e8d420f9cc6e5a46d0c56842ed192ce45f6314
    Gas used: 242358

    Block Number: 120
    Block Hash: 0xc64881f83d463f59db6adf524c1e6eaf10ce7bf410f053a1afbd9cd1aed819da
    Block Time: "Thu, 13 Aug 2026 20:40:39 +0000"

eth_getTransactionReceipt
eth_getBlockByNumber
eth_getBlockByNumber
eth_chainId
eth_chainId
eth_estimateGas
eth_chainId
eth_getBlockByNumber
eth_sendTransaction
eth_accounts
eth_chainId

    Transaction: 0x93b15856fb022e36d9791e01d957d59c05b4801e7dc45151a33c7c441d1b5e99
    Gas used: 242358

    Block Number: 121
    Block Hash: 0x92a945a936c31e87813f632657c1f97ad77a76b570d8f53cdbbe35eb938b4a82
    Block Time: "Thu, 13 Aug 2026 20:40:39 +0000"

eth_getTransactionReceipt
eth_getBlockByNumber
eth_getBlockByNumber
eth_chainId
eth_chainId
eth_estimateGas
eth_chainId
eth_getBlockByNumber
eth_sendTransaction
eth_accounts
eth_chainId

    Transaction: 0x9b5a28ad643de537afe60264f75c5b668d46b5a5776d77cb6a16766ff3fd921a
    Gas used: 242358

    Block Number: 122
    Block Hash: 0xc993ec7b480d428e450d4f13501c454bdb342a011af29ce4a74c7f15134eae03
    Block Time: "Thu, 13 Aug 2026 20:40:39 +0000"

eth_getTransactionReceipt
eth_getBlockByNumber
eth_getBlockByNumber
eth_chainId
eth_chainId
eth_estimateGas
eth_chainId
eth_getBlockByNumber
eth_sendTransaction
eth_accounts
eth_chainId

    Transaction: 0xbde8da19183f4660c296ca4537ac8f5e6753859cae3c1f2c20773b393a32fa54
    Gas used: 242358

    Block Number: 123
    Block Hash: 0x4ab0960cd5bee03f682798d734975cb9c4b43a2b3297b9e11948eaf47b7a1d79
    Block Time: "Thu, 13 Aug 2026 20:40:40 +0000"

eth_getTransactionReceipt
eth_getBlockByNumber
eth_getBlockByNumber
eth_chainId
eth_chainId
eth_estimateGas
eth_chainId
eth_getBlockByNumber
eth_sendTransaction
eth_accounts
eth_chainId

    Transaction: 0x23542d89b7d3a36f7d6504b59909f3242868c61aecfc7cd03a412e8bb5ad3a8b
    Gas used: 242358

    Block Number: 124
    Block Hash: 0xbfdd569a9adc0275a1ca43b1d051c58c261b4123deeb447712831aec4d2821c4
    Block Time: "Thu, 13 Aug 2026 20:40:40 +0000"

eth_getTransactionReceipt
eth_getBlockByNumber
eth_getBlockByNumber
eth_chainId
eth_chainId
eth_estimateGas
eth_chainId
eth_getBlockByNumber
eth_sendTransaction
eth_accounts
eth_chainId

    Transaction: 0x131b6b9374185fc41b3176a95f511cbef46ca6ece16b981a5304b786ac68f88c
    Gas used: 242358

    Block Number: 125
    Block Hash: 0x3e1c784a8e8704939e8ac54323b86d2fe07a4b112c884ddca6bdb7c6c7768631
    Block Time: "Thu, 13 Aug 2026 20:40:40 +0000"

eth_getTransactionReceipt
eth_getBlockByNumber
eth_getBlockByNumber
eth_chainId
eth_chainId
eth_estimateGas
eth_chainId
eth_getBlockByNumber
eth_sendTransaction
eth_accounts
eth_chainId

    Transaction: 0x84cb5eaa358a7f41aabd4fd42f90d5c92e5625d653e12b602c89ea46ab5d0b75
    Gas used: 242358

    Block Number: 126
    Block Hash: 0xd2238ee65e5f102610b1a48255ae323eac71e76a803d3731f8121c0ce58df599
    Block Time: "Thu, 13 Aug 2026 20:40:40 +0000"

eth_getTransactionReceipt
eth_getBlockByNumber
eth_getBlockByNumber
eth_chainId
eth_chainId
eth_estimateGas
eth_chainId
eth_getBlockByNumber
eth_sendTransaction
eth_accounts
eth_chainId

    Transaction: 0x8528c5faa274fe1dd00b64ff6ae38e8c43f288ea77b9db93aced39b711d03f95
    Gas used: 242358

    Block Number: 127
    Block Hash: 0x0b465d0bffcdfbf81c083d019d2a0600c2e61c080d732735407b4b3c2c53b982
    Block Time: "Thu, 13 Aug 2026 20:40:40 +0000"

eth_getTransactionReceipt
eth_getBlockByNumber
eth_getBlockByNumber
eth_chainId
eth_chainId
eth_estimateGas
eth_chainId
eth_getBlockByNumber
eth_sendTransaction
eth_accounts
eth_chainId

    Transaction: 0xc1f765f5d96528bca0ab291cca042c6cfc04775e841385074e734b96398b5cff
    Gas used: 242358

    Block Number: 128
    Block Hash: 0x62c3d0dee22db53b23412da8442ca421c81e3a70c857df9d357c64e35981cb63
    Block Time: "Thu, 13 Aug 2026 20:40:40 +0000"

eth_getTransactionReceipt
eth_getBlockByNumber
eth_getBlockByNumber
eth_chainId
eth_chainId
eth_estimateGas
eth_chainId
eth_getBlockByNumber
eth_sendTransaction
eth_accounts
eth_chainId

    Transaction: 0x7902201586b185a2bb5241b152d5e3e98bafa3be7e5e52c12ba08e170e1bcb3a
    Gas used: 242358

    Block Number: 129
    Block Hash: 0xf6f68fe3e8c5d0f2cefb33d87b54b7f7f07bcf4c48cab2ed154853b7103eb8a0
    Block Time: "Thu, 13 Aug 2026 20:40:41 +0000"

eth_getTransactionReceipt
eth_getBlockByNumber
eth_getBlockByNumber
eth_chainId
eth_chainId
eth_estimateGas
eth_chainId
eth_getBlockByNumber
eth_sendTransaction
eth_accounts
eth_chainId

    Transaction: 0xbcbfed62a5652f816e0bb2b210d3eaee487b94a416915c34de675251ca274ae8
    Gas used: 242358

    Block Number: 130
    Block Hash: 0x4901bd16d4651e9e3ba67992aa5b22abcdeae479165c44088bf5cecda1423a9b
    Block Time: "Thu, 13 Aug 2026 20:40:41 +0000"

eth_getTransactionReceipt
eth_getBlockByNumber
eth_getBlockByNumber
eth_chainId
eth_chainId
eth_estimateGas
eth_chainId
eth_getBlockByNumber
eth_sendTransaction
eth_accounts
eth_chainId

    Transaction: 0xa27e950d9f948b544f69e7d20a8d4bfc1cb7e422f64539d9b630cff3438f4ed8
    Gas used: 242358

    Block Number: 131
    Block Hash: 0x8aef05b889dc10325235740507d7af5508712fe20b40aba1cac9de0bc9e74726
    Block Time: "Thu, 13 Aug 2026 20:40:41 +0000"

eth_getTransactionReceipt
eth_getBlockByNumber
eth_getBlockByNumber
eth_chainId
eth_chainId
eth_estimateGas
eth_chainId
eth_getBlockByNumber
eth_sendTransaction
eth_accounts
eth_chainId

    Transaction: 0x98416f3959129f9d27a5c98bd9da04cab94f14ca900cedc32d6a5b801522f81e
    Gas used: 242358

    Block Number: 132
    Block Hash: 0x6895de09c398c8a0d753a520429c3135b2a727bb8bdca84d19099f9a93fa6752
    Block Time: "Thu, 13 Aug 2026 20:40:41 +0000"

eth_getTransactionReceipt
eth_getBlockByNumber
eth_getBlockByNumber
eth_chainId
eth_chainId
eth_estimateGas
eth_chainId
eth_getBlockByNumber
eth_sendTransaction
eth_accounts
eth_chainId

    Transaction: 0x0d897ff05ca72710efbf0f32c47bd0ca3fb3964ee8d9d6c7809adf74dbeb2f22
    Gas used: 242358

    Block Number: 133
    Block Hash: 0xeda61ff8a31c087d91dcbce559fea1dbfb200ac0b9ad2ba482af05490b52a192
    Block Time: "Thu, 13 Aug 2026 20:40:41 +0000"

eth_getTransactionReceipt
eth_getBlockByNumber
eth_getBlockByNumber
eth_chainId
eth_chainId
eth_estimateGas
eth_chainId
eth_getBlockByNumber
eth_sendTransaction
eth_accounts
eth_chainId

    Transaction: 0xb9505dd0b2829a16914748176cb7b29112c0c8d444cbe5aaef35b9b3bed4b1f1
    Gas used: 242358

    Block Number: 134
    Block Hash: 0x5699cf639acc50be16fe042a295ebaad000c6934ade7c8001dcdd5be677b6d67
    Block Time: "Thu, 13 Aug 2026 20:40:42 +0000"

eth_getTransactionReceipt
eth_getBlockByNumber
eth_getBlockByNumber
eth_chainId
eth_chainId
eth_estimateGas
eth_chainId
eth_getBlockByNumber
eth_sendTransaction
eth_accounts
eth_chainId

    Transaction: 0x7eafb899935d920e5364c17684d3119bf7dd94bf8c95e283fbbf288022f2d6d7
    Gas used: 242358

    Block Number: 135
    Block Hash: 0xbfbe109b056ce9685edfd884df41bd67f0ddb661eb8f1f68bd4b7759fc2248a3
    Block Time: "Thu, 13 Aug 2026 20:40:42 +0000"

eth_getTransactionReceipt
eth_getBlockByNumber
eth_getBlockByNumber
eth_chainId
eth_chainId
eth_estimateGas
eth_chainId
eth_getBlockByNumber
eth_sendTransaction
eth_accounts
eth_chainId

    Transaction: 0xab00d2ba90e833d8429bccefeb67196ba94980e5812241183549cd555486df6d
    Gas used: 242358

    Block Number: 136
    Block Hash: 0x65deb20b0d3d9d8b390579a3aea9ff7c4908b4d1e388a93f88ff0df48f78aa49
    Block Time: "Thu, 13 Aug 2026 20:40:42 +0000"

eth_getTransactionReceipt
eth_getBlockByNumber
eth_getBlockByNumber
eth_chainId
eth_chainId
eth_estimateGas
eth_chainId
eth_getBlockByNumber
eth_sendTransaction
eth_accounts
eth_chainId

    Transaction: 0xfc57fa17183df7be480a3a046e15510858f7443948a8dd16e3b432dc3415b999
    Gas used: 242358

    Block Number: 137
    Block Hash: 0x3359e56f678c6999fc2bdf50c60c96a56dd4ffc3795bb2b241b894cce351c08c
    Block Time: "Thu, 13 Aug 2026 20:40:42 +0000"

eth_getTransactionReceipt
eth_getBlockByNumber
eth_getBlockByNumber
eth_chainId
eth_chainId
eth_estimateGas
eth_chainId
eth_getBlockByNumber
eth_sendTransaction
eth_accounts
eth_chainId

    Transaction: 0x48d470792c55fef6f7b17ffee01ff7aadc6b55b887407187f3cadd511b5c1865
    Gas used: 242358

    Block Number: 138
    Block Hash: 0x6fa955694317e71e0607ea1210ca9b9479ff21e81a74dde68c482f9dd0cbbb1d
    Block Time: "Thu, 13 Aug 2026 20:40:42 +0000"

eth_getTransactionReceipt
eth_getBlockByNumber
eth_getBlockByNumber
eth_chainId
eth_chainId
eth_estimateGas
eth_chainId
eth_getBlockByNumber
eth_sendTransaction
eth_accounts
eth_chainId

    Transaction: 0x57b0024bb79ca370e46a70b508bdf0254dd4606a84491ce5cb5bf748c4f6a8f6
    Gas used: 242358

    Block Number: 139
    Block Hash: 0xbb3d7fb39e040143a9d54ab3119ad631db65ed6bca0e751b5b6d564fa86ad1d2
    Block Time: "Thu, 13 Aug 2026 20:40:42 +0000"

eth_getTransactionReceipt
eth_getBlockByNumber
eth_getBlockByNumber
eth_chainId
eth_chainId
eth_estimateGas
eth_chainId
eth_getBlockByNumber
eth_sendTransaction
eth_accounts
eth_chainId

    Transaction: 0x94b725f7c3bc323a9bc8618c8bc90b4d27d20e6c2f7e812849632dccb6ac291c
    Gas used: 242358

    Block Number: 140
    Block Hash: 0x6b363f31323b94211f33f1830901061b1de1ca9083e4bbcb82c290fac5b71e53
    Block Time: "Thu, 13 Aug 2026 20:40:42 +0000"

eth_getTransactionReceipt
eth_getBlockByNumber
eth_getBlockByNumber
eth_chainId
eth_chainId
eth_estimateGas
eth_chainId
eth_getBlockByNumber
eth_sendTransaction
eth_accounts
eth_chainId

    Transaction: 0x1ef37d2177baf59929f1a5c29426db7d1e31646a58e1fae3458a4e126553dd47
    Gas used: 242358

    Block Number: 141
    Block Hash: 0x88a9b226207b049f255cc5f888d0f7f3525a5309f06c9e6cbe0c4a7453c956aa
    Block Time: "Thu, 13 Aug 2026 20:40:43 +0000"

eth_getTransactionReceipt
eth_getBlockByNumber
eth_getBlockByNumber
eth_chainId
eth_chainId
eth_estimateGas
eth_chainId
eth_getBlockByNumber
eth_sendTransaction
eth_accounts
eth_chainId

    Transaction: 0x25c2b10a3f0952617d27bb07e2e0dbce7fc6fb484d9cdb0a866572cc8cdf2f84
    Gas used: 242358

    Block Number: 142
    Block Hash: 0xae44bd7778b987f18b3748d61d3a4c5cdf248c63417ba131400a1e7ad6b75a93
    Block Time: "Thu, 13 Aug 2026 20:40:43 +0000"

eth_getTransactionReceipt
eth_getBlockByNumber
eth_getBlockByNumber
eth_chainId
eth_chainId
eth_estimateGas
eth_chainId
eth_getBlockByNumber
eth_sendTransaction
eth_accounts
eth_chainId

    Transaction: 0xae9467ae13e61d208da05a0856d3cbb4d4ab7fe2aecdf30e01b8df4cafcc4e4c
    Gas used: 242358

    Block Number: 143
    Block Hash: 0x648169cef3149d6320cf5ba5027bec8d5dcab72275332a1377a851dcd4f25924
    Block Time: "Thu, 13 Aug 2026 20:40:43 +0000"

eth_getTransactionReceipt
eth_getBlockByNumber
eth_getBlockByNumber
eth_chainId
eth_chainId
eth_estimateGas
eth_chainId
eth_getBlockByNumber
eth_sendTransaction
eth_accounts
eth_chainId

    Transaction: 0x51884ac11ef4df2d9c009c6ebf8c39cca3d6c0659819a2cbf0c4274ffac336d8
    Gas used: 242358

    Block Number: 144
    Block Hash: 0xeb8a0011e1ffbda63f0f2965b73e5d384e10328953a02b49012627c7b81cf279
    Block Time: "Thu, 13 Aug 2026 20:40:43 +0000"

eth_getTransactionReceipt
eth_getBlockByNumber
eth_getBlockByNumber
eth_chainId
eth_chainId
eth_estimateGas
eth_chainId
eth_getBlockByNumber
eth_sendTransaction
eth_accounts
eth_chainId

    Transaction: 0x3ce7d0b2aab431186d70e1cf7b4ea8ea187f187d3d5d97efeb07e8fe2f7e7988
    Gas used: 242358

    Block Number: 145
    Block Hash: 0x0b8c82ec97d7c8cc1523a316d02a1750db80022cb12fd0512e6d14b59c69a512
    Block Time: "Thu, 13 Aug 2026 20:40:43 +0000"

eth_getTransactionReceipt
eth_getBlockByNumber
eth_getBlockByNumber
eth_chainId
eth_chainId
eth_estimateGas
eth_chainId
eth_getBlockByNumber
eth_sendTransaction
eth_accounts
eth_chainId

    Transaction: 0x63a1ecb62fefebeed1bae91e00cd07f781660bc2d0f4cc3dd282c1f09f3fe908
    Gas used: 242358

    Block Number: 146
    Block Hash: 0x53346db8e1149813a9353c35bf263f3ed30e8a078a6a3ac452aba70af5e1e8e1
    Block Time: "Thu, 13 Aug 2026 20:40:43 +0000"

eth_getTransactionReceipt
eth_getBlockByNumber
eth_getBlockByNumber
eth_chainId
eth_chainId
eth_estimateGas
eth_chainId
eth_getBlockByNumber
eth_sendTransaction
eth_accounts
eth_chainId

    Transaction: 0x3ec0a983a26e041b8f1e0aa29f9d756c7064fe449073e0d2fc2cd42910cff542
    Gas used: 242358

    Block Number: 147
    Block Hash: 0x9d47c7714867db7ae665a044df19bdc67e9eb82d7997829a6a103a28b5b11d6b
    Block Time: "Thu, 13 Aug 2026 20:40:44 +0000"

eth_getTransactionReceipt
eth_getBlockByNumber
eth_getBlockByNumber
eth_chainId
eth_chainId
eth_estimateGas
eth_chainId
eth_getBlockByNumber
eth_sendTransaction
eth_accounts
eth_chainId

    Transaction: 0xb7d9b0c7fdebaaa2abc4a53f0c3b7d44bfe244dcb61383e0929738f6f0f80c46
    Gas used: 242358

    Block Number: 148
    Block Hash: 0x3419fd4bd20346e6e796da60f2652b74940efc55dfe8dc1debba8b39689a2c56
    Block Time: "Thu, 13 Aug 2026 20:40:44 +0000"

eth_getTransactionReceipt
eth_getBlockByNumber
eth_getBlockByNumber
eth_chainId
eth_chainId
eth_estimateGas
eth_chainId
eth_getBlockByNumber
eth_sendTransaction
eth_accounts
eth_chainId

    Transaction: 0x2f2e3e8178ddb59e025fe266a844157d5ad62562b344ce4181f2744f3a2b3662
    Gas used: 242358

    Block Number: 149
    Block Hash: 0xf6735643b0743b95dd13f16446c8e63116f70e35e35c16c130608b5e8501afcb
    Block Time: "Thu, 13 Aug 2026 20:40:44 +0000"

eth_getTransactionReceipt
eth_getBlockByNumber
eth_getBlockByNumber
eth_chainId
eth_chainId
eth_estimateGas
eth_chainId
eth_getBlockByNumber
eth_sendTransaction
eth_accounts
eth_chainId

    Transaction: 0x3c1ffb362e00ec2a2f069ba7c8aa172c70d367d4d85d2fa321b78bf6ccf8bf76
    Gas used: 242358

    Block Number: 150
    Block Hash: 0x5ab80c2b743fd9a7482111bca9d5a2007fcd9c60893c4a18e9190c2722750e5d
    Block Time: "Thu, 13 Aug 2026 20:40:44 +0000"

eth_getTransactionReceipt
eth_getBlockByNumber
eth_getBlockByNumber
eth_chainId
eth_chainId
eth_estimateGas
eth_chainId
eth_getBlockByNumber
eth_sendTransaction
eth_accounts
eth_chainId

    Transaction: 0x4d2a5c2508af4e76c03ddc5f7046ac033b484476ff60732dc435d6629997a6bb
    Gas used: 242358

    Block Number: 151
    Block Hash: 0xeae1f84516c0e14d8a2641c8467793764f1ce977282087ccccdfafb5f4ffc468
    Block Time: "Thu, 13 Aug 2026 20:40:44 +0000"

eth_getTransactionReceipt
eth_getBlockByNumber
eth_getBlockByNumber
eth_chainId
eth_chainId
eth_estimateGas
eth_chainId
eth_getBlockByNumber
eth_sendTransaction
eth_accounts
eth_chainId

    Transaction: 0xbc7fadcea9fbccaa9ea1a3f66feab0abeeb2b78c0528d4d6dc2ccd94187d3a49
    Gas used: 242310

    Block Number: 152
    Block Hash: 0xe2dfe774b89fc683945a5a9fa59bdaa010198d15d2b580330012af17ec49cc36
    Block Time: "Thu, 13 Aug 2026 20:40:44 +0000"

eth_getTransactionReceipt
eth_getBlockByNumber
eth_getBlockByNumber
eth_chainId
eth_chainId
eth_estimateGas
eth_chainId
eth_getBlockByNumber
eth_sendTransaction
eth_accounts
eth_chainId

    Transaction: 0xbaaf097cc0d86fe117b7a31a0597f0c4d0a260a70f8ec614694c99e1a9769737
    Gas used: 242310

    Block Number: 153
    Block Hash: 0xdec19d088dd35ce1e684df6cc6c80f7bf914dee2aa5b6cf66ba4a8680082b06c
    Block Time: "Thu, 13 Aug 2026 20:40:44 +0000"

eth_getTransactionReceipt
eth_getBlockByNumber
eth_getBlockByNumber
eth_chainId
eth_chainId
eth_estimateGas
eth_chainId
eth_getBlockByNumber
eth_sendTransaction
eth_accounts
eth_chainId

    Transaction: 0xa45652661fa42508e6d609c69b4c2f627be263bfea94adae08ffbc8a32274dbc
    Gas used: 242310

    Block Number: 154
    Block Hash: 0x288b077da9cf5c61a4e405f0d1d3b86798cbd58e3d3eb569c695277aed21fa28
    Block Time: "Thu, 13 Aug 2026 20:40:45 +0000"

eth_getTransactionReceipt
eth_getBlockByNumber
eth_getBlockByNumber
eth_chainId
eth_chainId
eth_estimateGas
eth_chainId
eth_getBlockByNumber
eth_sendTransaction
eth_accounts
eth_chainId

    Transaction: 0x9d3251aa1f8af71f58cdbe715c056cab906e02636c21c76727ccd67995a2685b
    Gas used: 242310

    Block Number: 155
    Block Hash: 0xd9abf1af9452b4a1080c999200f6bcf373d4ea11cb6874eb0832125992953c3a
    Block Time: "Thu, 13 Aug 2026 20:40:45 +0000"

eth_getTransactionReceipt
eth_getBlockByNumber
eth_getBlockByNumber
eth_chainId
eth_chainId
eth_estimateGas
eth_chainId
eth_getBlockByNumber
eth_sendTransaction
eth_accounts
eth_chainId

    Transaction: 0x385e70f7c7be80dec5aad51915408b97269e12425f40b313cb5726f6ee7508df
    Gas used: 242310

    Block Number: 156
    Block Hash: 0x4fc4fe3fd48f6e80a932a066a457db1e1de8e1f53d752bb19854dee1f4acd09a
    Block Time: "Thu, 13 Aug 2026 20:40:45 +0000"

eth_getTransactionReceipt
eth_getBlockByNumber
eth_getBlockByNumber
eth_chainId
eth_chainId
eth_estimateGas
eth_chainId
eth_getBlockByNumber
eth_sendTransaction
eth_accounts
eth_chainId

    Transaction: 0x5861d89429dce2a88ce958c73c084c7eaed4a7e9372a7392b15646c78e74a6d6
    Gas used: 242310

    Block Number: 157
    Block Hash: 0x7435047aad96a4c9fb683d2dc7e623eececb2787da60ddb14a5e3c7d7afbe49d
    Block Time: "Thu, 13 Aug 2026 20:40:45 +0000"

eth_getTransactionReceipt
eth_getBlockByNumber
eth_getBlockByNumber
eth_chainId
eth_chainId
eth_estimateGas
eth_chainId
eth_getBlockByNumber
eth_sendTransaction
eth_accounts
eth_chainId

    Transaction: 0x2504bae16eef5e044c84249145f44dcdf9ee0984154867f403a675fd229a741f
    Gas used: 242310

    Block Number: 158
    Block Hash: 0xdc35b6afd37861dc82ddf5092ec97dca8d099a75598a84b8ef9eadb3956cb55f
    Block Time: "Thu, 13 Aug 2026 20:40:45 +0000"

eth_getTransactionReceipt
eth_getBlockByNumber
eth_getBlockByNumber
eth_chainId
eth_chainId
eth_estimateGas
eth_chainId
eth_getBlockByNumber
eth_sendTransaction
eth_accounts
eth_chainId

    Transaction: 0xc111777f2c84e7d6732f593b188aa2097ed102761e3d1d0c5b5cd60a8356b392
    Gas used: 242310

    Block Number: 159
    Block Hash: 0xea8396cdc7fea663c30ee0b527ef4c87b283015dd8468a16665f9844b09fcc34
    Block Time: "Thu, 13 Aug 2026 20:40:45 +0000"

eth_getTransactionReceipt
eth_getBlockByNumber
eth_getBlockByNumber
eth_chainId
eth_chainId
eth_estimateGas
eth_chainId
eth_getBlockByNumber
eth_sendTransaction
eth_accounts
eth_chainId

    Transaction: 0x45c7bc3f0c952fb05c6fb04d98080e6db7fa783124e800a60f00f2e73bdd118c
    Gas used: 242310

    Block Number: 160
    Block Hash: 0x2232371e7049ca7574221c107d7e558c1357246261640639f7ae3ea7d929aa20
    Block Time: "Thu, 13 Aug 2026 20:40:45 +0000"

eth_getTransactionReceipt
eth_getBlockByNumber
eth_getBlockByNumber
eth_chainId
eth_chainId
eth_estimateGas
eth_chainId
eth_getBlockByNumber
eth_sendTransaction
eth_accounts
eth_chainId

    Transaction: 0xc42ac282f472a1c40182a4d606f3248e8319e13eee21844c848fe37a2d368998
    Gas used: 242310

    Block Number: 161
    Block Hash: 0x3941d9fdf0b47e6877a2dd3b321e3580570f3838f2b3b313035fb673c5cb3d4c
    Block Time: "Thu, 13 Aug 2026 20:40:46 +0000"

eth_getTransactionReceipt
eth_getBlockByNumber
eth_getBlockByNumber
eth_chainId
eth_chainId
eth_estimateGas
eth_chainId
eth_getBlockByNumber
eth_sendTransaction
eth_accounts
eth_chainId

    Transaction: 0x6e1cdf51ad22b34da362d58dff09d2976a37de581e3d96896cec062dd862d9de
    Gas used: 242310

    Block Number: 162
    Block Hash: 0xa4195c7deabb8f7fcd7820c20b813bac50e1603a791f9cc2cee3eb43cf47fd1b
    Block Time: "Thu, 13 Aug 2026 20:40:46 +0000"

eth_getTransactionReceipt
eth_getBlockByNumber
eth_getBlockByNumber
eth_chainId
eth_chainId
eth_estimateGas
eth_chainId
eth_getBlockByNumber
eth_sendTransaction
eth_accounts
eth_chainId

    Transaction: 0xd536c872f7a87c162c05c5bc396acb98737ad6c4fed8bcf858504df724dbf4f9
    Gas used: 242310

    Block Number: 163
    Block Hash: 0x3031de570a1092cf05c6949e1e854c1ba0fe6daae402a4b9779e3373c3f5b859
    Block Time: "Thu, 13 Aug 2026 20:40:46 +0000"

eth_getTransactionReceipt
eth_getBlockByNumber
eth_getBlockByNumber
eth_chainId
eth_chainId
eth_estimateGas
eth_chainId
eth_getBlockByNumber
eth_sendTransaction
eth_accounts
eth_chainId

    Transaction: 0x9d22e46a996e39d0d44d860f7d6abaccd6b3608a449defbaba631d2e0bfc89c3
    Gas used: 242310

    Block Number: 164
    Block Hash: 0xb4c37b7bba19a5f55828e7774ea3020ea0108ec1926ff44aed5b86b896b854b2
    Block Time: "Thu, 13 Aug 2026 20:40:46 +0000"

eth_getTransactionReceipt
eth_getBlockByNumber
eth_getBlockByNumber
eth_chainId
eth_chainId
eth_estimateGas
eth_chainId
eth_getBlockByNumber
eth_sendTransaction
eth_accounts
eth_chainId

    Transaction: 0x154b4abf41454a988f81caa41770ff64c00eccbc796394a78e9ce5261da5705d
    Gas used: 242310

    Block Number: 165
    Block Hash: 0xa1767fceef2a58edfe9e9a12de82108c7d89c1eadea000d02fc3d3c26ab00459
    Block Time: "Thu, 13 Aug 2026 20:40:46 +0000"

eth_getTransactionReceipt
eth_getBlockByNumber
eth_getBlockByNumber
eth_chainId
eth_chainId
eth_estimateGas
eth_chainId
eth_getBlockByNumber
eth_sendTransaction
eth_accounts
eth_chainId

    Transaction: 0x47e94c77b5a5bfa4ac9be4ae552529d27a960770d5176ab22f1ee2c4af1a900a
    Gas used: 242310

    Block Number: 166
    Block Hash: 0x3a7c8f23be9acef346c99e6d1c381faf4feb13d848c5716511678c93fbf42f15
    Block Time: "Thu, 13 Aug 2026 20:40:47 +0000"

eth_getTransactionReceipt
eth_getBlockByNumber
eth_getBlockByNumber
eth_chainId
eth_chainId
eth_estimateGas
eth_chainId
eth_getBlockByNumber
eth_sendTransaction
eth_accounts
eth_chainId

    Transaction: 0x736597b4219b3b52712b1d1730f6cff5aaab84c4a26ac7b810afe3468ad9b68e
    Gas used: 242310

    Block Number: 167
    Block Hash: 0xb70c34f1638f70423ccd97cc93aff8ce003f371da361d2d0384f64af5e805110
    Block Time: "Thu, 13 Aug 2026 20:40:47 +0000"

eth_getTransactionReceipt
eth_getBlockByNumber
eth_getBlockByNumber
eth_chainId
eth_chainId
eth_estimateGas
eth_chainId
eth_getBlockByNumber
eth_sendTransaction
eth_accounts
eth_chainId

    Transaction: 0x07b0cf6716f560dbb7d700b24f3cfea08312ed28417007c7b69bc6500768ae6d
    Gas used: 242310

    Block Number: 168
    Block Hash: 0xd528ce6ebd8906893a777cf63a2fe2f66b8714b2aee2e464336a11cc30f48514
    Block Time: "Thu, 13 Aug 2026 20:40:47 +0000"

eth_getTransactionReceipt
eth_getBlockByNumber
eth_getBlockByNumber
eth_chainId
eth_chainId
eth_estimateGas
eth_chainId
eth_getBlockByNumber
eth_sendTransaction
eth_accounts
eth_chainId

    Transaction: 0x1ff3e3c911a886243f9193244229c083bb22b0cbcf9725dbf7f851a3f7eed1f3
    Gas used: 242310

    Block Number: 169
    Block Hash: 0xd78e0218b9b57e0e0e4c822e9fbd5f85abba146a690769ef6a1bf560f31ace37
    Block Time: "Thu, 13 Aug 2026 20:40:47 +0000"

eth_getTransactionReceipt
eth_getBlockByNumber
eth_getBlockByNumber
eth_chainId
eth_chainId
eth_estimateGas
eth_chainId
eth_getBlockByNumber
eth_sendTransaction
eth_accounts
eth_chainId
eth_getTransactionReceipt

    Transaction: 0x67ed0f8b0f82d449fa2078c50f06c5b5387ee769ce82c7a120f79ae5e67fead0
    Gas used: 242310

    Block Number: 170
    Block Hash: 0x64bb71d596efa5e42e68b76cde9a77784020b638eaabca406a4b97b7f4c2e926
    Block Time: "Thu, 13 Aug 2026 20:40:47 +0000"

eth_getTransactionReceipt
eth_getBlockByNumber
eth_getBlockByNumber
eth_chainId
eth_chainId
eth_estimateGas
eth_chainId
eth_getBlockByNumber
eth_sendTransaction
eth_accounts
eth_chainId

    Transaction: 0xd7f07d72e13025e6c67e932433d517e8025fbb5ca3690b982bd90966b225d0d7
    Gas used: 242310

    Block Number: 171
    Block Hash: 0xca48393d81e4f1804f49cc2d8750a945304022db6b37ebe2612338b5366793f4
    Block Time: "Thu, 13 Aug 2026 20:40:48 +0000"

eth_getTransactionReceipt
eth_getBlockByNumber
eth_getBlockByNumber
eth_chainId
eth_chainId
eth_estimateGas
eth_chainId
eth_getBlockByNumber
eth_sendTransaction
eth_accounts
eth_chainId

    Transaction: 0x666d188a312594e48cab27ae3527d833bdb7c1db9d155e1b2a9e992488f3891a
    Gas used: 242310

    Block Number: 172
    Block Hash: 0xdae09b0db445c97c917ca858144bfa74bbe18afd023d819b0aa83755a2357c70
    Block Time: "Thu, 13 Aug 2026 20:40:48 +0000"

eth_getTransactionReceipt
eth_getBlockByNumber
eth_getBlockByNumber
eth_chainId
eth_chainId
eth_estimateGas
eth_chainId
eth_getBlockByNumber
eth_sendTransaction
eth_accounts
eth_chainId
eth_getTransactionReceipt

    Transaction: 0xde8fc3d3d8aa06d7891c230062ccdc9effda6954a9b14bebe44d40c732954af1
    Gas used: 242310

    Block Number: 173
    Block Hash: 0xe7c5b862a571c6c60ffeef66047bd1c141aff6e6f2bfeebfca445e30ca9aa3e1
    Block Time: "Thu, 13 Aug 2026 20:40:48 +0000"

eth_getTransactionReceipt
eth_getBlockByNumber
eth_getBlockByNumber
eth_chainId
eth_chainId
eth_estimateGas
eth_chainId
eth_getBlockByNumber
eth_sendTransaction
eth_accounts
eth_chainId

    Transaction: 0xfca726d4d0253d3ba085ed6ed9134bdd3343287bb57a1a663d41886a7ae9c01e
    Gas used: 242310

    Block Number: 174
    Block Hash: 0x89b3ced4749c1637e2fe24d225fa73017e98ab6a4163b7be95110c0601364e56
    Block Time: "Thu, 13 Aug 2026 20:40:48 +0000"

eth_getTransactionReceipt
eth_getBlockByNumber
eth_getBlockByNumber
eth_chainId
eth_chainId
eth_estimateGas
eth_chainId
eth_getBlockByNumber
eth_sendTransaction
eth_accounts
eth_chainId

    Transaction: 0xdced96954a92c0db10d83d59b346952cace55518ea6b57e96d5634e84ece061d
    Gas used: 242310

    Block Number: 175
    Block Hash: 0x740760a2549fc629a55f372653122e0faaf2198cfdf9772460a813614f2aaf11
    Block Time: "Thu, 13 Aug 2026 20:40:48 +0000"

eth_getTransactionReceipt
eth_getBlockByNumber
eth_getBlockByNumber
eth_chainId
eth_chainId
eth_estimateGas
eth_chainId
eth_getBlockByNumber
eth_sendTransaction
eth_accounts
eth_chainId

    Transaction: 0x1496e5355bcf7af20d0ded7457bd493621e06e56c867e3263748c4ba17841cd3
    Gas used: 242310

    Block Number: 176
    Block Hash: 0xdd089ce1f102bb9934056b4d05133f4d8cd8fc5b13293b7b90da95023a396871
    Block Time: "Thu, 13 Aug 2026 20:40:49 +0000"

eth_getTransactionReceipt
eth_getBlockByNumber
eth_getBlockByNumber
eth_chainId
eth_chainId
eth_estimateGas
eth_chainId
eth_getBlockByNumber
eth_sendTransaction
eth_accounts
eth_chainId

    Transaction: 0x7d7731dcc925f1e9cc823928c36dfbe6748b160c399e4762f6e858186e7989e4
    Gas used: 242310

    Block Number: 177
    Block Hash: 0xe0b735c0c38a9c6528e9bda1556e6aa6df16be938b26094b0a750383d9dd3fba
    Block Time: "Thu, 13 Aug 2026 20:40:49 +0000"

eth_getTransactionReceipt
eth_getBlockByNumber
eth_getBlockByNumber
eth_chainId
eth_chainId
eth_estimateGas
eth_chainId
eth_getBlockByNumber
eth_sendTransaction
eth_accounts
eth_chainId

    Transaction: 0xaddc9904ca7485e6a69456e371944c983c5ac652019b8b884b2265d438c79a04
    Gas used: 242310

    Block Number: 178
    Block Hash: 0xec65b40444cf8263662df8bc31edf81384b5c1c532a2b8233f823c5e47682c23
    Block Time: "Thu, 13 Aug 2026 20:40:49 +0000"

eth_getTransactionReceipt
eth_getBlockByNumber
eth_getBlockByNumber
eth_chainId
eth_chainId
eth_estimateGas
eth_chainId
eth_getBlockByNumber
eth_sendTransaction
eth_accounts
eth_chainId

    Transaction: 0xfa04adeb0335eb2e3e7406a3f02011c6588743710c7c1343a115c92af0e33758
    Gas used: 242310

    Block Number: 179
    Block Hash: 0x8e1771d02c5e8ea951f815224cdd856f0402980df1b3824416f32e0069173cc5
    Block Time: "Thu, 13 Aug 2026 20:40:49 +0000"

eth_getTransactionReceipt
eth_getBlockByNumber
eth_getBlockByNumber
eth_chainId
eth_chainId
eth_estimateGas
eth_chainId
eth_getBlockByNumber
eth_sendTransaction
eth_accounts
eth_chainId

    Transaction: 0xcb01a9f60d061b25f253bf8ff82747f64508133d43078877852bc354e757b8ca
    Gas used: 242310

    Block Number: 180
    Block Hash: 0xb44b6687095fc24b7da68e45f04e4c2b296e9f5a54ab592e7fb2e0de1faf245f
    Block Time: "Thu, 13 Aug 2026 20:40:49 +0000"

eth_getTransactionReceipt
eth_getBlockByNumber
eth_getBlockByNumber
eth_chainId
eth_chainId
eth_estimateGas
eth_chainId
eth_getBlockByNumber
eth_sendTransaction
eth_accounts
eth_chainId
eth_getTransactionReceipt

    Transaction: 0x85f7614c4b895919ceff1859ae1026ee1333f0d33c4500590ca1e7fbd5a42f13
    Gas used: 242310

    Block Number: 181
    Block Hash: 0xe48b86eeb736d69cfb850f56c60363e4511741a68eeeb438e7140b061bb602ed
    Block Time: "Thu, 13 Aug 2026 20:40:49 +0000"

eth_getBlockByNumber
eth_getBlockByNumber
eth_chainId
eth_chainId
eth_estimateGas
eth_chainId
eth_getBlockByNumber
eth_sendTransaction
eth_accounts
eth_chainId

    Transaction: 0xe22369d7b52b20c8f390df3cc4e9fccf0090ecab87b6bb5999e6d3aa6122c19e
    Gas used: 242310

    Block Number: 182
    Block Hash: 0xa2c2d1cf2977e5f98033acecb58ef66c72b798fd88d035c606f0848ee82b4eed
    Block Time: "Thu, 13 Aug 2026 20:40:50 +0000"

eth_getTransactionReceipt
eth_getBlockByNumber
eth_getBlockByNumber
eth_chainId
eth_chainId
eth_estimateGas
eth_chainId
eth_getBlockByNumber
eth_sendTransaction
eth_accounts
eth_chainId
eth_getTransactionReceipt

    Transaction: 0xe300f735bb8a208b0b506305ca098a5c971e95ff5be78fc92b788f32254e8ff0
    Gas used: 242310

    Block Number: 183
    Block Hash: 0xaeb682a2cfd98f1fe06779e4984c7bd7dacdf0e0301ff13ee0588fd67c5d2e80
    Block Time: "Thu, 13 Aug 2026 20:40:50 +0000"

eth_getTransactionReceipt
eth_getBlockByNumber
eth_getBlockByNumber
eth_chainId
eth_chainId
eth_estimateGas
eth_chainId
eth_getBlockByNumber
eth_sendTransaction
eth_accounts
eth_chainId

    Transaction: 0x7f9e50c1bf50c5caeb821c3b962adc62f81722b4520a8bd7c7d1aef7c5b97106
    Gas used: 242310

    Block Number: 184
    Block Hash: 0x87752d78eb4c76e834cdeebf8510c300ff93d1c22918ecf7f311bd10f113c5dd
    Block Time: "Thu, 13 Aug 2026 20:40:50 +0000"

eth_getTransactionReceipt
eth_getBlockByNumber
eth_getBlockByNumber
eth_chainId
eth_chainId
eth_estimateGas
eth_chainId
eth_getBlockByNumber
eth_sendTransaction
eth_accounts
eth_chainId
eth_getTransactionReceipt

    Transaction: 0x9e1cfbbf73b33e35f058095136200d96e412e964b71e6ec87678b0f9be4acfbe
    Gas used: 242310

    Block Number: 185
    Block Hash: 0x24a58dad6555b54cac194a957db7b488596e25619609682d43d44b2c7279b2ce
    Block Time: "Thu, 13 Aug 2026 20:40:50 +0000"

eth_getTransactionReceipt
eth_getBlockByNumber
eth_getBlockByNumber
eth_chainId
eth_chainId
eth_estimateGas
eth_chainId
eth_getBlockByNumber
eth_sendTransaction
eth_accounts
eth_chainId

    Transaction: 0x7160cb9a2bdcb21794ec90f75fad746e017a189bad1af71e6d4e4ca0d6ebf572
    Gas used: 242310

    Block Number: 186
    Block Hash: 0xc96ed3ec96e345e42e56bbd52b6248122f9bb4311160ac49d8023785300ffa44
    Block Time: "Thu, 13 Aug 2026 20:40:50 +0000"

eth_getTransactionReceipt
eth_getBlockByNumber
eth_getBlockByNumber
eth_chainId
eth_chainId
eth_estimateGas
eth_chainId
eth_getBlockByNumber
eth_sendTransaction
eth_accounts
eth_chainId
eth_getTransactionReceipt

    Transaction: 0xeafc0d799e73fbb2a22a5dddbdad387b29c51133535e8ffccbedc718d7c5e69e
    Gas used: 242310

    Block Number: 187
    Block Hash: 0x50bf22d3c35e0d51fa8c650ab5b8166e6ea9bbdde8e72dc9a5001517ca72c61a
    Block Time: "Thu, 13 Aug 2026 20:40:51 +0000"

eth_getTransactionReceipt
eth_getBlockByNumber
eth_getBlockByNumber
eth_chainId
eth_chainId
eth_estimateGas
eth_chainId
eth_getBlockByNumber
eth_sendTransaction
eth_accounts
eth_chainId
eth_getTransactionReceipt

    Transaction: 0xfa395aaa700f9cddfa7482f61dfff195a44982ac80f8b74ab372b610b89d130e
    Gas used: 242310

    Block Number: 188
    Block Hash: 0x7fbe165120b4e0f40b8137d7932afedb202247f8882a1e61fd8d229c2608a8ee
    Block Time: "Thu, 13 Aug 2026 20:40:51 +0000"

eth_getTransactionReceipt
eth_getBlockByNumber
eth_getBlockByNumber
eth_chainId
eth_chainId
eth_estimateGas
eth_chainId
eth_getBlockByNumber
eth_sendTransaction
eth_accounts
eth_chainId
eth_getTransactionReceipt

    Transaction: 0x9d7fc662178146d94c8fe5ac82d1aa98381cd493165fdc1545372eb9a892434d
    Gas used: 242310

    Block Number: 189
    Block Hash: 0xb11cfc59168c5bb4d0deb5ff9ed158f320d69fc3d8fa25d88c89ec9c7cb3d7b9
    Block Time: "Thu, 13 Aug 2026 20:40:51 +0000"

eth_getTransactionReceipt
eth_getBlockByNumber
eth_getBlockByNumber
eth_chainId
eth_chainId
eth_estimateGas
eth_chainId
eth_getBlockByNumber
eth_sendTransaction
eth_accounts
eth_chainId
eth_getTransactionReceipt

    Transaction: 0x8639b60ca5ff045e485774721ab244cbdacfdb9be9df920e2d81156d9487ec8d
    Gas used: 242310

    Block Number: 190
    Block Hash: 0x7a0b9927ff79bcd306f48a6559d6c7f58c455ee59f5731da567d274d98cb9992
    Block Time: "Thu, 13 Aug 2026 20:40:51 +0000"

eth_getTransactionReceipt
eth_getBlockByNumber
eth_getBlockByNumber
eth_chainId
eth_chainId
eth_estimateGas
eth_chainId
eth_getBlockByNumber
eth_sendTransaction
eth_accounts
eth_chainId
eth_getTransactionReceipt

    Transaction: 0xab049e28f03b3290d5f8b3b634b85862199ad1bda1213e5700d6bb189394adb2
    Gas used: 242310

    Block Number: 191
    Block Hash: 0x992d9ad1f8fdf2b784990811bc76e0723f65d9b41da186725a4b96d2de51ef1d
    Block Time: "Thu, 13 Aug 2026 20:40:51 +0000"

eth_getTransactionReceipt
eth_getBlockByNumber
eth_getBlockByNumber
eth_chainId
eth_chainId
eth_estimateGas
eth_chainId
eth_getBlockByNumber
eth_sendTransaction
eth_accounts
eth_chainId

    Transaction: 0x31da30b3e92f8947d4ebe038dc4ed9bb35112d7e856a8dd6cca8281183194f16
    Gas used: 242310

    Block Number: 192
    Block Hash: 0xe1719989ddc50aa843f42ae98484ed0d4232e8305b21bdb5502f4546da0cb2aa
    Block Time: "Thu, 13 Aug 2026 20:40:52 +0000"

eth_getTransactionReceipt
eth_getBlockByNumber
eth_getBlockByNumber
eth_chainId
eth_chainId
eth_estimateGas
eth_chainId
eth_getBlockByNumber
eth_sendTransaction
eth_accounts
eth_chainId
eth_getTransactionReceipt

    Transaction: 0x07084679c94ed47e21c8a50d9fcdcd1a137950addd6dcb4833c38358f8b555b6
    Gas used: 242310

    Block Number: 193
    Block Hash: 0x4a8db5987a1a90b799feff0fec8c47b0ca0981f02a8d18ccd12e99dac6d21608
    Block Time: "Thu, 13 Aug 2026 20:40:52 +0000"

eth_getTransactionReceipt
eth_getBlockByNumber
eth_getBlockByNumber
eth_chainId
eth_chainId
eth_estimateGas
eth_chainId
eth_getBlockByNumber
eth_sendTransaction
eth_accounts
eth_chainId
eth_getTransactionReceipt

    Transaction: 0x3df9f38403667a81e48c062fff1543528aa640117646ef094517633b0216b016
    Gas used: 242310

    Block Number: 194
    Block Hash: 0x8f8ec1fff64dcaf3d106d5a9fa9e52ce161c7a3b5e451fe88660fd46bcfe6978
    Block Time: "Thu, 13 Aug 2026 20:40:52 +0000"

eth_getTransactionReceipt
eth_getBlockByNumber
eth_getBlockByNumber
eth_chainId
eth_chainId
eth_estimateGas
eth_chainId
eth_getBlockByNumber
eth_sendTransaction
eth_accounts
eth_chainId
eth_getTransactionReceipt

    Transaction: 0x383f0679dabd4d89e680664fd9f65ffc434b28006c733e693448d1fcf34d9e6a
    Gas used: 242310

    Block Number: 195
    Block Hash: 0x3a2db41460656849e39998064c4d6536a1767f9199f3e2d7d0f6e62de6550078
    Block Time: "Thu, 13 Aug 2026 20:40:52 +0000"

eth_getTransactionReceipt
eth_getBlockByNumber
eth_getBlockByNumber
eth_chainId
eth_chainId
eth_estimateGas
eth_chainId
eth_getBlockByNumber
eth_sendTransaction
eth_accounts
eth_chainId
eth_getTransactionReceipt

    Transaction: 0xdf707afb6af291781a12c94afa768d90ed69ac1a32e3f696fa4d670434b79e84
    Gas used: 242310

    Block Number: 196
    Block Hash: 0x374cf75e4c837b5a35fa9235b6a349c035d46f40db21de8bd115b75231e8ca6d
    Block Time: "Thu, 13 Aug 2026 20:40:52 +0000"

eth_getTransactionReceipt
eth_getBlockByNumber
eth_getBlockByNumber
eth_chainId
eth_chainId
eth_estimateGas
eth_chainId
eth_getBlockByNumber
eth_sendTransaction
eth_accounts
eth_chainId
eth_getTransactionReceipt

    Transaction: 0x7837fe738ff99f9a72f857e8535e32575c115c53e6f06fac520058042dd94aba
    Gas used: 242310

    Block Number: 197
    Block Hash: 0x0db453562e3eff0ab4e0b4b78feae93ca88cdef5f3091fd08d053f05477e14c9
    Block Time: "Thu, 13 Aug 2026 20:40:53 +0000"

eth_getTransactionReceipt
eth_getBlockByNumber
eth_getBlockByNumber
eth_chainId
eth_chainId
eth_estimateGas
eth_chainId
eth_getBlockByNumber
eth_sendTransaction
eth_accounts
eth_chainId
eth_getTransactionReceipt

    Transaction: 0x1fdf165ca2498fc759020503e4de57ef52005b376e2bed9858e602b2017a74a5
    Gas used: 242310

    Block Number: 198
    Block Hash: 0x136aebbd0f28b0bc9ca86462e80cc8ef7c58e8265fcb350c6c49dc66d53916a1
    Block Time: "Thu, 13 Aug 2026 20:40:53 +0000"

eth_getTransactionReceipt
eth_getBlockByNumber
eth_getBlockByNumber
eth_chainId
eth_chainId
eth_estimateGas
eth_chainId
eth_getBlockByNumber
eth_sendTransaction
eth_accounts
eth_chainId
eth_getTransactionReceipt

    Transaction: 0x36a02e8fae1b1315289255aa89b8da10464ff161259d622b4346ec601da03bad
    Gas used: 242310

    Block Number: 199
    Block Hash: 0x6d84a202b4228ac244a9ebf7b028142d892c373c2613368ccd25434990ff158e
    Block Time: "Thu, 13 Aug 2026 20:40:53 +0000"

eth_getTransactionReceipt
eth_getBlockByNumber
eth_getBlockByNumber
eth_chainId
eth_chainId
eth_estimateGas
eth_chainId
eth_getBlockByNumber
eth_sendTransaction
eth_accounts
eth_chainId
eth_getTransactionReceipt

    Transaction: 0xa7b6491a6f37683258cf089f5776641b458fe24c0deb8b2e3c83b47a8ec597a4
    Gas used: 242310

    Block Number: 200
    Block Hash: 0x5d62dc11ce230356d05f3ddfdf608f744097aa7bc86dcb314c14cdea2205d24f
    Block Time: "Thu, 13 Aug 2026 20:40:53 +0000"

eth_getTransactionReceipt
eth_getBlockByNumber
eth_getBlockByNumber
eth_chainId
eth_chainId
eth_estimateGas
eth_chainId
eth_getBlockByNumber
eth_sendTransaction
eth_accounts
eth_chainId
eth_getTransactionReceipt

    Transaction: 0x2ed2c4fa28e003cf4cb882a98631046937797687f803f331bab482e83801d2d6
    Gas used: 242310

    Block Number: 201
    Block Hash: 0xcd084a95d2322e1018c190e29ba8044995431a58f0f6d0cdd1cb024267ce4d9e
    Block Time: "Thu, 13 Aug 2026 20:40:54 +0000"

eth_getTransactionReceipt
eth_getBlockByNumber
eth_getBlockByNumber
eth_chainId
eth_chainId
eth_estimateGas
eth_chainId
eth_getBlockByNumber
eth_sendTransaction
eth_accounts
eth_chainId
eth_getTransactionReceipt

    Transaction: 0xac85e1a1715ef99c267f9d0bf17b804f5aa3c277668fa6a54fbaf758f49ffa7e
    Gas used: 242370

    Block Number: 202
    Block Hash: 0x69797035e9acbd70873277a1928417a545d8a50b2ff397439ee3a47d1c4adf71
    Block Time: "Thu, 13 Aug 2026 20:40:54 +0000"

eth_getTransactionReceipt
eth_getBlockByNumber
eth_getBlockByNumber
eth_chainId
eth_chainId
eth_estimateGas
eth_chainId
eth_getBlockByNumber
eth_sendTransaction
eth_accounts
eth_chainId
eth_getTransactionReceipt

    Transaction: 0x73f8012c53f6df523f824ea3772543778d40bfa8914d1d874df3178a81d9a46e
    Gas used: 242370

    Block Number: 203
    Block Hash: 0xb3d77e96aac9d0872812b1f61e2ab0b0146bc35d3b256e33ff526dcae2fe4964
    Block Time: "Thu, 13 Aug 2026 20:40:54 +0000"

eth_getTransactionReceipt
eth_getBlockByNumber
eth_getBlockByNumber
eth_chainId
eth_chainId
eth_estimateGas
eth_chainId
eth_getBlockByNumber
eth_sendTransaction
eth_accounts
eth_chainId
eth_getTransactionReceipt

    Transaction: 0xe340c6832fcbcd8a335266fc45dd1928b138fb04b5ee5fa9feb4693cdb274ed2
    Gas used: 242370

    Block Number: 204
    Block Hash: 0xe84244ba10c05f7e6cd0d6a6e741e9ed899c045d0fadf1afc0b874ee6af0e2b0
    Block Time: "Thu, 13 Aug 2026 20:40:54 +0000"

eth_getTransactionReceipt
eth_getBlockByNumber
eth_getBlockByNumber
eth_chainId
eth_chainId
eth_estimateGas
eth_chainId
eth_getBlockByNumber
eth_sendTransaction
eth_accounts
eth_chainId
eth_getTransactionReceipt

    Transaction: 0x536e773b49e6d1c0847f56ac3950f69be7f18bfafe2c0d08ae95d983bbf3cf71
    Gas used: 242370

    Block Number: 205
    Block Hash: 0xa66799312667b4f90f0388d0cc209adcdfc1e602127f1119c798432faf5d4b42
    Block Time: "Thu, 13 Aug 2026 20:40:54 +0000"

eth_getTransactionReceipt
eth_getBlockByNumber
eth_getBlockByNumber
eth_chainId
eth_chainId
eth_estimateGas
eth_chainId
eth_getBlockByNumber
eth_sendTransaction
eth_accounts
eth_chainId
eth_getTransactionReceipt

    Transaction: 0x3bb04e22ee7a1534b94e82cb24fe8b842f90a45c1c761bb442e51ff83930eaa4
    Gas used: 242370

    Block Number: 206
    Block Hash: 0xa6fed7cc852f81607c440b96c2cbb0379ce926b0222f7f33428860e500435eb2
    Block Time: "Thu, 13 Aug 2026 20:40:54 +0000"

eth_getTransactionReceipt
eth_getBlockByNumber
eth_getBlockByNumber
eth_chainId
eth_chainId
eth_estimateGas
eth_chainId
eth_getBlockByNumber
eth_sendTransaction
eth_accounts
eth_chainId
eth_getTransactionReceipt

    Transaction: 0x25a2d17aba74982abde80ca4e0427baf7adc7b272431f72b186799c37532433b
    Gas used: 242370

    Block Number: 207
    Block Hash: 0xc7d3217c8e4f854540a9a3238b9b7d41d7e834c42b8ee0b4e43a2fe7f057de0d
    Block Time: "Thu, 13 Aug 2026 20:40:55 +0000"

eth_getTransactionReceipt
eth_getBlockByNumber
eth_getBlockByNumber
eth_chainId
eth_chainId
eth_estimateGas
eth_chainId
eth_getBlockByNumber
eth_sendTransaction
eth_accounts
eth_chainId
eth_getTransactionReceipt

    Transaction: 0x0f1436b396053d9cae456758a871df0436312e9736be4e91c6e36ddc97d7b898
    Gas used: 242370

    Block Number: 208
    Block Hash: 0xa69c38af3f035cae17124be6c95b4ec6381c5098095507f4774c46b56ae3e3fb
    Block Time: "Thu, 13 Aug 2026 20:40:55 +0000"

eth_getTransactionReceipt
eth_getBlockByNumber
eth_getBlockByNumber
eth_chainId
eth_chainId
eth_estimateGas
eth_chainId
eth_getBlockByNumber
eth_sendTransaction
eth_accounts
eth_chainId
eth_getTransactionReceipt

    Transaction: 0x972e05d82d3d20c0d4ddc4a3afe809df3b044017e71c97342e78c5a70b563ce4
    Gas used: 242370

    Block Number: 209
    Block Hash: 0xd35ef4f21db4b076a31a67ac745f94a31ac7bd602c1de969e943235d4c974126
    Block Time: "Thu, 13 Aug 2026 20:40:55 +0000"

eth_getTransactionReceipt
eth_getBlockByNumber
eth_getBlockByNumber
eth_chainId
eth_chainId
eth_estimateGas
eth_chainId
eth_getBlockByNumber
eth_sendTransaction
eth_accounts
eth_chainId
eth_getTransactionReceipt

    Transaction: 0x0a0c714123a6a5f3aa73355dafbf1ebb706286ac1c8595b6db1480cf96363d2d
    Gas used: 242370

    Block Number: 210
    Block Hash: 0xf2db6f753719e30326806916522e8e28d96b4f59215e5bd357008750d61a05f6
    Block Time: "Thu, 13 Aug 2026 20:40:55 +0000"

eth_getTransactionReceipt
eth_getBlockByNumber
eth_getBlockByNumber
eth_chainId
eth_chainId
eth_estimateGas
eth_chainId
eth_getBlockByNumber
eth_sendTransaction
eth_accounts
eth_chainId
eth_getTransactionReceipt

    Transaction: 0x7ab34f3a871672b0a091c13eb50c5636ccadd1b5e9e3be1cdfe9185668c2e9a0
    Gas used: 242370

    Block Number: 211
    Block Hash: 0xc2d94ac1bf39525116bc00a3903266339a7adea0d7629a646aae0bb5ff06a228
    Block Time: "Thu, 13 Aug 2026 20:40:55 +0000"

eth_getTransactionReceipt
eth_getBlockByNumber
eth_getBlockByNumber
eth_chainId
eth_chainId
eth_estimateGas
eth_chainId
eth_getBlockByNumber
eth_sendTransaction
eth_accounts
eth_chainId
eth_getTransactionReceipt

    Transaction: 0x6491f67a8df5ad0074a9fce2269364116b7f2c53d297580a5e8ffcd1979706b6
    Gas used: 242370

    Block Number: 212
    Block Hash: 0xe6b197d50f806abda083b022d43b406f6bb7387a1d4f2210360cf98ce29063ae
    Block Time: "Thu, 13 Aug 2026 20:40:55 +0000"

eth_getTransactionReceipt
eth_getBlockByNumber
eth_getBlockByNumber
eth_chainId
eth_chainId
eth_estimateGas
eth_chainId
eth_getBlockByNumber
eth_sendTransaction
eth_accounts
eth_chainId
eth_getTransactionReceipt

    Transaction: 0x8602e863814c40b1e0f4382b66c71a52cd7bac0ad2394843652323adee4cff3a
    Gas used: 242370

    Block Number: 213
    Block Hash: 0xfcd12aa1bfab82c760d7b647fb7407627e60c44c234f3301feda75a64b0f2de9
    Block Time: "Thu, 13 Aug 2026 20:40:55 +0000"

eth_getTransactionReceipt
eth_getBlockByNumber
eth_getBlockByNumber
eth_chainId
eth_chainId
eth_estimateGas
eth_chainId
eth_getBlockByNumber
eth_sendTransaction
eth_accounts
eth_chainId
eth_getTransactionReceipt

    Transaction: 0x64cf44e2e2600089c640b2d5e58a6a028d2cddd0583f04387cf09f09a8d1f145
    Gas used: 242370

    Block Number: 214
    Block Hash: 0x701910cf5154ee09a66ef12772ab70f6a6c017950ea99d911a2a32566795c669
    Block Time: "Thu, 13 Aug 2026 20:40:56 +0000"

eth_getTransactionReceipt
eth_getBlockByNumber
eth_getBlockByNumber
eth_chainId
eth_chainId
eth_estimateGas
eth_chainId
eth_getBlockByNumber
eth_sendTransaction
eth_accounts
eth_chainId
eth_getTransactionReceipt

    Transaction: 0xc7deb428e5bd547c3f596bb931c249c19d8aed32fa6b89e30134fea9f8cab3a9
    Gas used: 242370

    Block Number: 215
    Block Hash: 0x31d5b0ab9dee77c39141638186a32d330d4960a510b9b73e267683bf770bef85
    Block Time: "Thu, 13 Aug 2026 20:40:56 +0000"

eth_getTransactionReceipt
eth_getBlockByNumber
eth_getBlockByNumber
eth_chainId
eth_chainId
eth_estimateGas
eth_chainId
eth_getBlockByNumber
eth_sendTransaction
eth_accounts
eth_chainId
eth_getTransactionReceipt

    Transaction: 0x045fe0e7ec1a29181be35330c740550f242521f316d31c2048ae6d4559a87011
    Gas used: 242370

    Block Number: 216
    Block Hash: 0x50a09a067419505614b115ac8e09eab86421535393ca8350a7ee834aee16f478
    Block Time: "Thu, 13 Aug 2026 20:40:56 +0000"

eth_getTransactionReceipt
eth_getBlockByNumber
eth_getBlockByNumber
eth_chainId
eth_chainId
eth_estimateGas
eth_chainId
eth_getBlockByNumber
eth_sendTransaction
eth_accounts
eth_chainId
eth_getTransactionReceipt

    Transaction: 0x9601290827f04fa50c9036c1ec6a8c1f5234aa43183e6a066ee810c7b212f275
    Gas used: 242370

    Block Number: 217
    Block Hash: 0x5adcfadc7b8eedd993770aa9b47813799dc9d04bd769d01d9ff58328784c9b90
    Block Time: "Thu, 13 Aug 2026 20:40:56 +0000"

eth_getTransactionReceipt
eth_getBlockByNumber
eth_getBlockByNumber
eth_chainId
eth_chainId
eth_estimateGas
eth_chainId
eth_getBlockByNumber
eth_sendTransaction
eth_accounts
eth_chainId
eth_getTransactionReceipt

    Transaction: 0x50172315a9ff3dbfd4b6e273bdc74b1ca85a7c2a95443387fd2e035ef25015b8
    Gas used: 242370

    Block Number: 218
    Block Hash: 0x5edb1acb0b0356e4bd8896d2a33ac24ab33ba21254aa305f243e0b5c520c6307
    Block Time: "Thu, 13 Aug 2026 20:40:56 +0000"

eth_getTransactionReceipt
eth_getBlockByNumber
eth_getBlockByNumber
eth_chainId
eth_chainId
eth_estimateGas
eth_chainId
eth_getBlockByNumber
eth_sendTransaction
eth_accounts
eth_chainId
eth_getTransactionReceipt

    Transaction: 0xbc4e4679d8c6361090dc3c9bd62c7dfb7afb9531ed24cd12c7312dbc9493e57d
    Gas used: 242370

    Block Number: 219
    Block Hash: 0x02cc413073e3c5ad4a1279ee5dbfca996f26d3da55532828bf5e52e0e3536fa4
    Block Time: "Thu, 13 Aug 2026 20:40:56 +0000"

eth_getTransactionReceipt
eth_getBlockByNumber
eth_getBlockByNumber
eth_chainId
eth_chainId
eth_estimateGas
eth_chainId
eth_getBlockByNumber
eth_sendTransaction
eth_accounts
eth_chainId
eth_getTransactionReceipt

    Transaction: 0xdbf029affad6f26d80343e4a439c97f6a851bc0aa1b7f2e3e7866e0b724a54be
    Gas used: 242370

    Block Number: 220
    Block Hash: 0x289e01f39cb1d2687a677a002bb3fb551008e29372a1911ea34d6feba47ca91d
    Block Time: "Thu, 13 Aug 2026 20:40:57 +0000"

eth_getTransactionReceipt
eth_getBlockByNumber
eth_getBlockByNumber
eth_chainId
eth_chainId
eth_estimateGas
eth_chainId
eth_getBlockByNumber
eth_sendTransaction
eth_accounts
eth_chainId
eth_getTransactionReceipt

    Transaction: 0xcb06290d7ee6532a56d739ee1fd6583c4e8e88ae7d5aec776817882ae8347d55
    Gas used: 242370

    Block Number: 221
    Block Hash: 0x8ac4301f864c4e018c24af253415afce38d5ab538299264f8559caaaa14bbab5
    Block Time: "Thu, 13 Aug 2026 20:40:57 +0000"

eth_getTransactionReceipt
eth_getBlockByNumber
eth_getBlockByNumber
eth_chainId
eth_chainId
eth_estimateGas
eth_chainId
eth_getBlockByNumber
eth_sendTransaction
eth_accounts
eth_chainId
eth_getTransactionReceipt

    Transaction: 0x2e7dc8e9663d1d192a905279685ca7855aa795c07ee4e1f5ccd583cf20a63856
    Gas used: 242370

    Block Number: 222
    Block Hash: 0x97d221a4ada1315353291d18b561fe490a205ff7705b7a405f4dea869beffea0
    Block Time: "Thu, 13 Aug 2026 20:40:57 +0000"

eth_getTransactionReceipt
eth_getBlockByNumber
eth_getBlockByNumber
eth_chainId
eth_chainId
eth_estimateGas
eth_chainId
eth_getBlockByNumber
eth_sendTransaction
eth_accounts
eth_chainId
eth_getTransactionReceipt

    Transaction: 0x8d8b37b6f83a8993cc7ade2c634af4cb6939b9cf7342799843401e883a97e445
    Gas used: 242370

    Block Number: 223
    Block Hash: 0x34c951045f15936e00f8f27512df1322749d95c1fccea4f012c91d4280d9ba79
    Block Time: "Thu, 13 Aug 2026 20:40:57 +0000"

eth_getTransactionReceipt
eth_getBlockByNumber
eth_getBlockByNumber
eth_chainId
eth_chainId
eth_estimateGas
eth_chainId
eth_getBlockByNumber
eth_sendTransaction
eth_accounts
eth_chainId
eth_getTransactionReceipt

    Transaction: 0xcaa6188b2d1ee356c6b80802b4f646e24d015966b56fb8843761c8d3c55fa9b7
    Gas used: 242370

    Block Number: 224
    Block Hash: 0xad06e06ea42fca8c1ba47a171c070244490dd4dd4251c9eb08173315935cbd22
    Block Time: "Thu, 13 Aug 2026 20:40:57 +0000"

eth_getTransactionReceipt
eth_getBlockByNumber
eth_getBlockByNumber
eth_chainId
eth_chainId
eth_estimateGas
eth_chainId
eth_getBlockByNumber
eth_sendTransaction
eth_accounts
eth_chainId
eth_getTransactionReceipt

    Transaction: 0x8f9dec78f4d3e8ad036a35234189af65d340b087e0e8fb4f92d159a88e2c7e49
    Gas used: 242370

    Block Number: 225
    Block Hash: 0x6e32c44b125506ce6f2bde6e9c3c526a532a0689c64b061cc1b9e19c786d6739
    Block Time: "Thu, 13 Aug 2026 20:40:57 +0000"

eth_getTransactionReceipt
eth_getBlockByNumber
eth_getBlockByNumber
eth_chainId
eth_chainId
eth_estimateGas
eth_chainId
eth_getBlockByNumber
eth_sendTransaction
eth_accounts
eth_chainId
eth_getTransactionReceipt

    Transaction: 0xd3bc586ea9a1d767dd0260b4966934c9ebe53069ccc7c8a83aa7a659c8985293
    Gas used: 242370

    Block Number: 226
    Block Hash: 0x700f77b3016488b3a64538498d44aa00cc97cfb3e180c2b77f3dd22ec2d7430d
    Block Time: "Thu, 13 Aug 2026 20:40:58 +0000"

eth_getTransactionReceipt
eth_getBlockByNumber
eth_getBlockByNumber
eth_chainId
eth_chainId
eth_estimateGas
eth_chainId
eth_getBlockByNumber
eth_sendTransaction
eth_accounts
eth_chainId
eth_getTransactionReceipt

    Transaction: 0x6ccabc5eb355b3c01841062056bd11d29a1bdc3a17932cef44a28d68762a154a
    Gas used: 242370

    Block Number: 227
    Block Hash: 0x8e20f0e6e4bb225e3b427fdf7454d2763d1e0112ab5c413da9c70509e1552bd9
    Block Time: "Thu, 13 Aug 2026 20:40:58 +0000"

eth_getTransactionReceipt
eth_getBlockByNumber
eth_getBlockByNumber
eth_chainId
eth_chainId
eth_estimateGas
eth_chainId
eth_getBlockByNumber
eth_sendTransaction
eth_accounts
eth_chainId
eth_getTransactionReceipt

    Transaction: 0xe7165ebd11fedd3a7782000b87bbcd710bc156f3e5647e543859984138a99538
    Gas used: 242370

    Block Number: 228
    Block Hash: 0xce9367c270ff92848e57ede28e8d09700721d4037f42c6e9a8241965913bc797
    Block Time: "Thu, 13 Aug 2026 20:40:58 +0000"

eth_getTransactionReceipt
eth_getBlockByNumber
eth_getBlockByNumber
eth_chainId
eth_chainId
eth_estimateGas
eth_chainId
eth_getBlockByNumber
eth_sendTransaction
eth_accounts
eth_chainId
eth_getTransactionReceipt

    Transaction: 0x07a7b56cdb78cee1c2f389571c8bc9b59ceb9df976ea0c2249efcdc4836567ac
    Gas used: 242370

    Block Number: 229
    Block Hash: 0xbe25defd954d1fa697478531fffadc9a2337bdfa185a67376ea2150a22687ec3
    Block Time: "Thu, 13 Aug 2026 20:40:58 +0000"

eth_getTransactionReceipt
eth_getBlockByNumber
eth_getBlockByNumber
eth_chainId
eth_chainId
eth_estimateGas
eth_chainId
eth_getBlockByNumber
eth_sendTransaction
eth_accounts
eth_chainId
eth_getTransactionReceipt

    Transaction: 0xc994f31fb1199e0e5da1574abbc03d4b5b48dcf50615ad2fee7483f9d60a57e7
    Gas used: 242370

    Block Number: 230
    Block Hash: 0xe0171a968f1cdbec71f3c25ac823e40a9f1e27a339a259048aa0c494f2754492
    Block Time: "Thu, 13 Aug 2026 20:40:58 +0000"

eth_getTransactionReceipt
eth_getBlockByNumber
eth_getBlockByNumber
eth_chainId
eth_chainId
eth_estimateGas
eth_chainId
eth_getBlockByNumber
eth_sendTransaction
eth_accounts
eth_chainId
eth_getTransactionReceipt

    Transaction: 0x097bc2884a5aa160b14fd94b1ab068a34507113bc02772e7240a1e9dc1b42bda
    Gas used: 242370

    Block Number: 231
    Block Hash: 0x1670eca8c9e5136f22dbabd60fa02bffeed5916b5fc3526096fdcfabe5544687
    Block Time: "Thu, 13 Aug 2026 20:40:58 +0000"

eth_getTransactionReceipt
eth_getBlockByNumber
eth_getBlockByNumber
eth_chainId
eth_chainId
eth_estimateGas
eth_chainId
eth_getBlockByNumber
eth_sendTransaction
eth_accounts
eth_chainId
eth_getTransactionReceipt

    Transaction: 0x54f9a955429a185053fe24794119c2cfa781e31e875b408e5230d8614fce6d65
    Gas used: 242370

    Block Number: 232
    Block Hash: 0x3694526082d8aec814b95664d72dbf6ab3e47fdd74b35284b3671005616f0c15
    Block Time: "Thu, 13 Aug 2026 20:40:58 +0000"

eth_getTransactionReceipt
eth_getBlockByNumber
eth_getBlockByNumber
eth_chainId
eth_chainId
eth_estimateGas
eth_chainId
eth_getBlockByNumber
eth_sendTransaction
eth_accounts
eth_chainId
eth_getTransactionReceipt

    Transaction: 0x944cd56bf27d5ec55e913d0abc5b471d19ebc2b2c4f0ed104415f32a7048003c
    Gas used: 242370

    Block Number: 233
    Block Hash: 0x8d30b7d95420f2d55e9c0f32cdfb4eae5d04de110c6458eb95b4c90e2bd7adfa
    Block Time: "Thu, 13 Aug 2026 20:40:59 +0000"

eth_getTransactionReceipt
eth_getBlockByNumber
eth_getBlockByNumber
eth_chainId
eth_chainId
eth_estimateGas
eth_chainId
eth_getBlockByNumber
eth_sendTransaction
eth_accounts
eth_chainId
eth_getTransactionReceipt

    Transaction: 0x5782fb2679f220b89b9f4e9f7c357b2755bcf9bc5d136c05a629b80e8c2b4c13
    Gas used: 242370

    Block Number: 234
    Block Hash: 0x3387073e95fe6b040ecaa18a6891007ebae7fc5f6484c93c1b2f11daeaa13439
    Block Time: "Thu, 13 Aug 2026 20:40:59 +0000"

eth_getTransactionReceipt
eth_getBlockByNumber
eth_getBlockByNumber
eth_chainId
eth_chainId
eth_estimateGas
eth_chainId
eth_getBlockByNumber
eth_sendTransaction
eth_accounts
eth_chainId

    Transaction: 0xf3c9644ede2a322016a619e4e286300bf580c8feceac2c3651e3d920cb51eec2
    Gas used: 242370

    Block Number: 235
    Block Hash: 0xd22e51547649e3d4de0895c77ae99110172d2485df2ef943f4d8668e1869c4b2
    Block Time: "Thu, 13 Aug 2026 20:40:59 +0000"

eth_getTransactionReceipt
eth_getBlockByNumber
eth_getBlockByNumber
eth_chainId
eth_chainId
eth_estimateGas
eth_chainId
eth_getBlockByNumber
eth_sendTransaction
eth_accounts
eth_chainId
eth_getTransactionReceipt

    Transaction: 0x016bb0e54f9c8d0b89de9b024276ffec448fba6bf0234563277829abbea16021
    Gas used: 242370

    Block Number: 236
    Block Hash: 0x9dc142e4ce300035795cc20e25c77054b533d2d58f525e1246ee2d160fe56b70
    Block Time: "Thu, 13 Aug 2026 20:40:59 +0000"

eth_getTransactionReceipt
eth_getBlockByNumber
eth_getBlockByNumber
eth_chainId
eth_chainId
eth_estimateGas
eth_chainId
eth_getBlockByNumber
eth_sendTransaction
eth_accounts
eth_chainId
eth_getTransactionReceipt

    Transaction: 0x11083545cb7462d60a1f8fa9d4fbd35a46b882723a2456c0c798c876bf269b33
    Gas used: 242370

    Block Number: 237
    Block Hash: 0x515a9dbacd92bf20b02436f45e91fd5778b4874b1062f2821e48c6e065e7a706
    Block Time: "Thu, 13 Aug 2026 20:40:59 +0000"

eth_getTransactionReceipt
eth_getBlockByNumber
eth_getBlockByNumber
eth_chainId
eth_chainId
eth_estimateGas
eth_chainId
eth_getBlockByNumber
eth_sendTransaction
eth_accounts
eth_chainId
eth_getTransactionReceipt

    Transaction: 0x33f59aecb360784cfa062adfb3c034aeaec50500e4566cfd2ea9e7548a429781
    Gas used: 242370

    Block Number: 238
    Block Hash: 0xf5201aba1d6b2403f7c8430a8705f54b01abdade43d1f0bf5a01b5d80a52ac9a
    Block Time: "Thu, 13 Aug 2026 20:40:59 +0000"

eth_getTransactionReceipt
eth_getBlockByNumber
eth_getBlockByNumber
eth_chainId
eth_chainId
eth_estimateGas
eth_chainId
eth_getBlockByNumber
eth_sendTransaction
eth_accounts
eth_chainId
eth_getTransactionReceipt

    Transaction: 0x351f832aa99955d26d579e9aeb4c5562e02537f72df374633920e97bfaf62ae8
    Gas used: 242370

    Block Number: 239
    Block Hash: 0x579336119d082a9c453309e5105d26f327895492f4d9834f38e3e9d8c77da514
    Block Time: "Thu, 13 Aug 2026 20:41:00 +0000"

eth_getTransactionReceipt
eth_getBlockByNumber
eth_getBlockByNumber
eth_chainId
eth_chainId
eth_estimateGas
eth_chainId
eth_getBlockByNumber
eth_sendTransaction
eth_accounts
eth_chainId

    Transaction: 0x4143ed3a28627e81e6a4da2c22a6a76fc849c60b6e8a4e367b8898acd6f529de
    Gas used: 242370

eth_getTransactionReceipt
    Block Number: 240
    Block Hash: 0xc1b2dcf0b083636446845fc1d05829b02d50797da4e90f6b5fc9ee436fa691d7
    Block Time: "Thu, 13 Aug 2026 20:41:00 +0000"

eth_getBlockByNumber
eth_getBlockByNumber
eth_chainId
eth_chainId
eth_estimateGas
eth_chainId
eth_getBlockByNumber
eth_sendTransaction
eth_accounts
eth_chainId
eth_getTransactionReceipt

    Transaction: 0x7b535b3425e2799c5af03afe783baa4eaca0e9e5bed40e52fa3fdebde4a7103e
    Gas used: 242370

    Block Number: 241
    Block Hash: 0x8541267405a5c0b563c57360f2ab08059e5a38acca46456ec5f7ea7640ff9e50
    Block Time: "Thu, 13 Aug 2026 20:41:00 +0000"

eth_getTransactionReceipt
eth_getBlockByNumber
eth_getBlockByNumber
eth_chainId
eth_chainId
eth_estimateGas
eth_chainId
eth_getBlockByNumber
eth_sendTransaction
eth_accounts
eth_chainId
eth_getTransactionReceipt

    Transaction: 0x470cfe928649cdd40fa308137062d3921d9bd6dff188bffb159f4d1b470d7f0b
    Gas used: 242370

    Block Number: 242
    Block Hash: 0x7dcfc9d2204433065b024208a4c7a890eaa5a4e2a53fe0ced562e8b33f738cc7
    Block Time: "Thu, 13 Aug 2026 20:41:00 +0000"

eth_getTransactionReceipt
eth_getBlockByNumber
eth_getBlockByNumber
eth_chainId
eth_chainId
eth_estimateGas
eth_chainId
eth_getBlockByNumber
eth_sendTransaction
eth_accounts
eth_chainId
eth_getTransactionReceipt

    Transaction: 0x1e3ed1ec8db8d31ab905e65c77ee9abbcb1867bb3c24b787a264e1215ef06e9e
    Gas used: 242370

    Block Number: 243
    Block Hash: 0x3da716a7a7272dbf2d92fef8a3e612a0063ea80c08f03a501cbaa529a311498f
    Block Time: "Thu, 13 Aug 2026 20:41:00 +0000"

eth_getTransactionReceipt
eth_getBlockByNumber
eth_getBlockByNumber
eth_chainId
eth_chainId
eth_estimateGas
eth_chainId
eth_getBlockByNumber
eth_sendTransaction
eth_accounts
eth_chainId
eth_getTransactionReceipt

    Transaction: 0x495bb70b7703a7cb29460f2eb8181893f28e4db3a49337e8a9fd7c292ddf8d96
    Gas used: 242370

    Block Number: 244
    Block Hash: 0x1df3697608b522c4f1e045f932fca1c1ee9df93d27d5f1407ae437ac76f654e7
    Block Time: "Thu, 13 Aug 2026 20:41:00 +0000"

eth_getTransactionReceipt
eth_getBlockByNumber
eth_getBlockByNumber
eth_chainId
eth_chainId
eth_estimateGas
eth_chainId
eth_getBlockByNumber
eth_sendTransaction
eth_accounts
eth_chainId
eth_getTransactionReceipt

    Transaction: 0x3715b8c80716bd906e7e2e13bcd378c298ce08f38698b9efba5a5ecbc759a62b
    Gas used: 242370

    Block Number: 245
    Block Hash: 0x955ff917708d6b5c59b9dcf02f748e7eff5c61e22446441ad14825896aaa296b
    Block Time: "Thu, 13 Aug 2026 20:41:00 +0000"

eth_getTransactionReceipt
eth_getBlockByNumber
eth_getBlockByNumber
eth_chainId
eth_chainId
eth_estimateGas
eth_chainId
eth_getBlockByNumber
eth_sendTransaction
eth_accounts
eth_chainId
eth_getTransactionReceipt

    Transaction: 0xada91d5bf03078f80d749359cb1c822a84a556bd4a1467d097f669c948affe56
    Gas used: 242370

    Block Number: 246
    Block Hash: 0x317183ae92587f1ea7e109b4dec4de2ee8392d2e2c98b77f7f86705b2f90b45b
    Block Time: "Thu, 13 Aug 2026 20:41:01 +0000"

eth_getTransactionReceipt
eth_getBlockByNumber
eth_getBlockByNumber
eth_chainId
eth_chainId
eth_estimateGas
eth_chainId
eth_getBlockByNumber
eth_sendTransaction
eth_accounts
eth_chainId
eth_getTransactionReceipt

    Transaction: 0xbfba26900ad65156cd4db16fe15302d0b47340aa28410c858b6005bb1e86eb02
    Gas used: 242370

    Block Number: 247
    Block Hash: 0xfebf93a79d27e27d9ce2d2587d3ebaf714dda5404d48114320f551dac7bd7a84
    Block Time: "Thu, 13 Aug 2026 20:41:01 +0000"

eth_getTransactionReceipt
eth_getBlockByNumber
eth_getBlockByNumber
eth_chainId
eth_chainId
eth_estimateGas
eth_chainId
eth_getBlockByNumber
eth_sendTransaction
eth_accounts
eth_chainId
eth_getTransactionReceipt

    Transaction: 0x9ee26ba61b78f95eb0e15066da2085579781529d5daf642bb56cda87a15a207d
    Gas used: 242370

    Block Number: 248
    Block Hash: 0x34674cb20c67b708df760c41c9cca0ce7feaaba347d0d10c0ac30ab300ddc5a1
    Block Time: "Thu, 13 Aug 2026 20:41:01 +0000"

eth_getTransactionReceipt
eth_getBlockByNumber
eth_getBlockByNumber
eth_chainId
eth_chainId
eth_estimateGas
eth_chainId
eth_getBlockByNumber
eth_sendTransaction
eth_accounts
eth_chainId
eth_getTransactionReceipt

    Transaction: 0x3c581539f6247064dc7d5ce916ea4061926ed2cfbdcd6978c3d9a86968c60f2f
    Gas used: 242370

    Block Number: 249
    Block Hash: 0x8dd4763648555cef378c925a98d6aa2d981b8619db6b72d9128aa3b6aa6c6b4e
    Block Time: "Thu, 13 Aug 2026 20:41:01 +0000"

eth_getTransactionReceipt
eth_getBlockByNumber
eth_getBlockByNumber
eth_chainId
eth_chainId
eth_estimateGas
eth_chainId
eth_getBlockByNumber
eth_sendTransaction
eth_accounts
eth_chainId
eth_getTransactionReceipt

    Transaction: 0x16cbf79d28e4bb90f57497eeb9fa1c9f00c838b4a08732d5be0818ed41c05f94
    Gas used: 242370

    Block Number: 250
    Block Hash: 0xa2bc23867e2d2d3397645c9717e80665ae4b4b25a6d1579b9db5b73a6919b248
    Block Time: "Thu, 13 Aug 2026 20:41:01 +0000"

eth_getTransactionReceipt
eth_getBlockByNumber
eth_getBlockByNumber
eth_chainId
eth_chainId
eth_estimateGas
eth_chainId
eth_getBlockByNumber
eth_sendTransaction
eth_accounts
eth_chainId
eth_getTransactionReceipt

    Transaction: 0x6a9c7552627155ccb50b8139b8ff0449f66258e7a85bd46b7cd0b0b27f426d75
    Gas used: 242370

    Block Number: 251
    Block Hash: 0x7d2039de1b73b05e59714c887e7a8cd7064a7d5888ca14de7d4e492c7373b65a
    Block Time: "Thu, 13 Aug 2026 20:41:01 +0000"

eth_getTransactionReceipt
eth_getBlockByNumber
web3_clientVersion
eth_chainId
eth_accounts
eth_getBlockByNumber
eth_chainId
eth_chainId
eth_estimateGas
eth_chainId
eth_getBlockByNumber
eth_sendTransaction
eth_accounts
eth_chainId
eth_getTransactionReceipt

    Transaction: 0xc76f483610629399e6d71bdd4e867b4e1b4c09b5be96a0b09b2df5df9e5283cb
    Contract created: 0xb185E9f6531BA9877741022C92CE858cDCc5760E
    Gas used: 1431133

    Block Number: 252
    Block Hash: 0x2b90aab79a8195624a81861a8123ca1359f7c60aa33c5b2975930826d6970ae1
    Block Time: "Thu, 13 Aug 2026 20:41:02 +0000"

eth_getTransactionReceipt
eth_getBlockByNumber
eth_chainId
eth_chainId
eth_estimateGas
eth_chainId
eth_getBlockByNumber
eth_sendTransaction
eth_accounts
eth_chainId
eth_getTransactionReceipt

    Transaction: 0x1639f3f5c979ea267eca9c607bd44f584aaa89118b99309091452c5fbec5ed97
    Gas used: 325691

    Block Number: 253
    Block Hash: 0xa24ec03dc4f597d7bcdd15aa649267f0a84e70cda3f83fa4c392ec5d81caf51c
    Block Time: "Thu, 13 Aug 2026 20:41:03 +0000"

eth_getTransactionReceipt
eth_getBlockByNumber
eth_getBlockByNumber
eth_chainId
eth_chainId
eth_estimateGas
eth_chainId
eth_getBlockByNumber
eth_sendTransaction
eth_accounts
eth_chainId
eth_getTransactionReceipt

    Transaction: 0x205726421db02f0ee558d05deb3013c8928a92c1818608ca752e89f52cbd01d0
    Gas used: 290869

    Block Number: 254
    Block Hash: 0x715e968e8eb21bc2abab2ff6cf0605da155f7fb68da3f3c3943f80b85e8678cb
    Block Time: "Thu, 13 Aug 2026 20:41:04 +0000"

eth_getTransactionReceipt
eth_getBlockByNumber
eth_getBlockByNumber
eth_chainId
eth_chainId
eth_estimateGas
eth_chainId
eth_getBlockByNumber
eth_sendTransaction
eth_accounts
eth_chainId
eth_getTransactionReceipt

    Transaction: 0xe000990508ca9f0118cad9a4c1cc8bd7563a74255e07907d7a3fd510f29dce6c
    Gas used: 290809

    Block Number: 255
    Block Hash: 0xb4cf3d0c92c4f16d57ecaf857a0209216c0edad1c6dfc57db06d82eb62b74dfb
    Block Time: "Thu, 13 Aug 2026 20:41:04 +0000"

eth_getTransactionReceipt
eth_getBlockByNumber
eth_getBlockByNumber
eth_chainId
eth_chainId
eth_estimateGas
eth_chainId
eth_getBlockByNumber
eth_sendTransaction
eth_accounts
eth_chainId
eth_getTransactionReceipt

    Transaction: 0x10cb820b5312c57f7ebee2abf9a4095ad393ddcda4bcd282698134c2e589ed4f
    Gas used: 290809

    Block Number: 256
    Block Hash: 0x67fa4cc37dc647aa0319efad53efffe92d34e772ed1503b103a6808d81e268bd
    Block Time: "Thu, 13 Aug 2026 20:41:04 +0000"

eth_getTransactionReceipt
eth_getBlockByNumber
eth_getBlockByNumber
eth_chainId
eth_chainId
eth_estimateGas
eth_chainId
eth_getBlockByNumber
eth_sendTransaction
eth_accounts
eth_chainId
eth_getTransactionReceipt

    Transaction: 0x77c6758f4293a060d195343438855a6abea16c29e0900f8b3775aa7c6263f8f9
    Gas used: 290809

    Block Number: 257
    Block Hash: 0x9f58388bf84fb590f18592d5fcef5593e0ca3a9c66bb5d3d35caeffe88ee6e4f
    Block Time: "Thu, 13 Aug 2026 20:41:04 +0000"

eth_getTransactionReceipt
eth_getBlockByNumber
eth_getBlockByNumber
eth_chainId
eth_chainId
eth_estimateGas
eth_chainId
eth_getBlockByNumber
eth_sendTransaction
eth_accounts
eth_chainId
eth_getTransactionReceipt

    Transaction: 0x22c9a40689c08d443cf08e1321b76880c38d0498340e56b353422c32d7bc8b4d
    Gas used: 290869

    Block Number: 258
    Block Hash: 0x81948ef7fed3d2adeff053d2fad244bbffae473bdcdf6f39e4b938cd616637fc
    Block Time: "Thu, 13 Aug 2026 20:41:04 +0000"

eth_getTransactionReceipt
eth_getBlockByNumber
eth_getBlockByNumber
eth_chainId
eth_chainId
eth_estimateGas
eth_chainId
eth_getBlockByNumber
eth_sendTransaction
eth_accounts
eth_chainId
eth_getTransactionReceipt

    Transaction: 0xd95121e2d870de675a8d8e4b1fed328b2cb90ba67b1ced600d029973b428c361
    Gas used: 290809

    Block Number: 259
    Block Hash: 0x2f619e8d8a6465ab1c44be5e473287ce2df18dfa4970e907ba236775513a1786
    Block Time: "Thu, 13 Aug 2026 20:41:04 +0000"

eth_getTransactionReceipt
eth_getBlockByNumber
eth_getBlockByNumber
eth_chainId
eth_chainId
eth_estimateGas
eth_chainId
eth_getBlockByNumber
eth_sendTransaction
eth_accounts
eth_chainId
eth_getTransactionReceipt

    Transaction: 0x1f3694561ce17091e5f1247d721c81eb49ae2fde71de936166d0675d376a431f
    Gas used: 290809

    Block Number: 260
    Block Hash: 0x26c12fa215edef3209021f10cc815f6a5b7704b6e716a3d38b49f0a0873fc547
    Block Time: "Thu, 13 Aug 2026 20:41:04 +0000"

eth_getTransactionReceipt
eth_getBlockByNumber
eth_getBlockByNumber
eth_chainId
eth_chainId
eth_estimateGas
eth_chainId
eth_getBlockByNumber
eth_sendTransaction
eth_accounts
eth_chainId
eth_getTransactionReceipt

    Transaction: 0x7d219e6b369a1b572566d5f73830f7a0f72a7b0fb48227e56375c92adc7d2f4b
    Gas used: 290809

    Block Number: 261
    Block Hash: 0x62947c6b0a9b45177f666beaf06bc33c4fcdf79eec5f96dbc838d6904aa3e897
    Block Time: "Thu, 13 Aug 2026 20:41:04 +0000"

eth_getTransactionReceipt
eth_getBlockByNumber
eth_getBlockByNumber
eth_chainId
eth_chainId
eth_estimateGas
eth_chainId
eth_getBlockByNumber
eth_sendTransaction
eth_accounts
eth_chainId
eth_getTransactionReceipt

    Transaction: 0x9fc768d33d479bf46213cdf3334f80be31b4704d90bb75e505e02d410b8bc388
    Gas used: 290809

    Block Number: 262
    Block Hash: 0xae5e49cee08f51ffcaf325f594e228bb47bc08157118c4abfd3b2e10cdee9fa1
    Block Time: "Thu, 13 Aug 2026 20:41:05 +0000"

eth_getTransactionReceipt
eth_getBlockByNumber
eth_getBlockByNumber
eth_chainId
eth_chainId
eth_estimateGas
eth_chainId
eth_getBlockByNumber
eth_sendTransaction
eth_accounts
eth_chainId
eth_getTransactionReceipt

    Transaction: 0x91c50bd755958e54098b05fad768c4e73048c936223374cdcf56a1f93865b6ea
    Gas used: 290809

    Block Number: 263
    Block Hash: 0xfc7bb1c37bcb04ad970be2aed39302f650d03fc438b35ec228fe5980e0935786
    Block Time: "Thu, 13 Aug 2026 20:41:05 +0000"

eth_getTransactionReceipt
eth_getBlockByNumber
eth_getBlockByNumber
eth_chainId
eth_chainId
eth_estimateGas
eth_chainId
eth_getBlockByNumber
eth_sendTransaction
eth_accounts
eth_chainId
eth_getTransactionReceipt

    Transaction: 0x1525ac7d22432e1cae65ba8ad0c63fae7f3b9589cf04bd37f0c4436b730e2e1a
    Gas used: 290869

    Block Number: 264
    Block Hash: 0x2ce24826160c630332efd7b5540755bc8565da047bf3e3ed4e485191da22740b
    Block Time: "Thu, 13 Aug 2026 20:41:05 +0000"

eth_getTransactionReceipt
eth_getBlockByNumber
eth_getBlockByNumber
eth_chainId
eth_chainId
eth_estimateGas
eth_chainId
eth_getBlockByNumber
eth_sendTransaction
eth_accounts
eth_chainId
eth_getTransactionReceipt

    Transaction: 0x05eb6b28f1a2751367c812e3aa82069ff795919aec2724d2d7441eec606200f3
    Gas used: 290809

    Block Number: 265
    Block Hash: 0x091fb00e0e6a2ac6b300c7ff8f7a6347edca3c8ee1006e766141ff919b4762cf
    Block Time: "Thu, 13 Aug 2026 20:41:05 +0000"

eth_getTransactionReceipt
eth_getBlockByNumber
eth_getBlockByNumber
eth_chainId
eth_chainId
eth_estimateGas
eth_chainId
eth_getBlockByNumber
eth_sendTransaction
eth_accounts
eth_chainId
eth_getTransactionReceipt

    Transaction: 0x0b4b4cb65422e1b28fe00c2444352bdda06d1189a4240395a6169486f640061e
    Gas used: 290809

    Block Number: 266
    Block Hash: 0x8e2dc69f5f628e20241aaa3ad01e0205cf2c26062e05a73bf6da8219685d7966
    Block Time: "Thu, 13 Aug 2026 20:41:05 +0000"

eth_getTransactionReceipt
eth_getBlockByNumber
eth_getBlockByNumber
eth_chainId
eth_chainId
eth_estimateGas
eth_chainId
eth_getBlockByNumber
eth_sendTransaction
eth_accounts
eth_chainId
eth_getTransactionReceipt

    Transaction: 0xad99a7e34e832554e85b8b4d02f164e5b4ac48a5e18bc2f235e3f8977edc08f7
    Gas used: 290809

    Block Number: 267
    Block Hash: 0x2d9e834428825180d76697dfe3e16b4089f66a008f11b95bd2ced04a7ff497e1
    Block Time: "Thu, 13 Aug 2026 20:41:05 +0000"

eth_getTransactionReceipt
eth_getBlockByNumber
eth_getBlockByNumber
eth_chainId
eth_chainId
eth_estimateGas
eth_chainId
eth_getBlockByNumber
eth_sendTransaction
eth_accounts
eth_chainId
eth_getTransactionReceipt

    Transaction: 0xb743af4c6412610fdde1126083e0d5050ab8c756a2bee096a20650d65815bf1c
    Gas used: 290809

    Block Number: 268
    Block Hash: 0xfe29b9fb8b5a8c163d20ba931a226dc863f551ede26aeaf99d75aa71fceafd40
    Block Time: "Thu, 13 Aug 2026 20:41:05 +0000"

eth_getTransactionReceipt
eth_getBlockByNumber
eth_getBlockByNumber
eth_chainId
eth_chainId
eth_estimateGas
eth_chainId
eth_getBlockByNumber
eth_sendTransaction
eth_accounts
eth_chainId
eth_getTransactionReceipt

    Transaction: 0x13f051b01dddb53fbd01addb1fe8ea732f73c0789dcfc1a7d7c253a84f2d705a
    Gas used: 290809

    Block Number: 269
    Block Hash: 0x1cd421bf6912e95f6ebcf4df7d73246e2d1df9ab3d3010fe84e0b76af5e40685
    Block Time: "Thu, 13 Aug 2026 20:41:05 +0000"

eth_getTransactionReceipt
eth_getBlockByNumber
eth_getBlockByNumber
eth_chainId
eth_chainId
eth_estimateGas
eth_chainId
eth_getBlockByNumber
eth_sendTransaction
eth_accounts
eth_chainId
eth_getTransactionReceipt

    Transaction: 0x52964d137b0918315fdfd2134db754132416053eb3c8ce674b272af4045b150b
    Gas used: 290809

    Block Number: 270
    Block Hash: 0x9cc4cb955bbfd984fc3349bfe4304c3c0dbb37de93358515a957b47feb961975
    Block Time: "Thu, 13 Aug 2026 20:41:06 +0000"

eth_getTransactionReceipt
eth_getBlockByNumber
eth_getBlockByNumber
eth_chainId
eth_chainId
eth_estimateGas
eth_chainId
eth_getBlockByNumber
eth_sendTransaction
eth_accounts
eth_chainId
eth_getTransactionReceipt

    Transaction: 0x9e685a7da4ab1f226a3a6eadd3d52687cf8ee961e5e39d52f2985bed8f22760a
    Gas used: 290809

    Block Number: 271
    Block Hash: 0x24100d225244e64f790c50a20ac571a794c7a775e2e333a917157908adb6a205
    Block Time: "Thu, 13 Aug 2026 20:41:06 +0000"

eth_getTransactionReceipt
eth_getBlockByNumber
eth_getBlockByNumber
eth_chainId
eth_chainId
eth_estimateGas
eth_chainId
eth_getBlockByNumber
eth_sendTransaction
eth_accounts
eth_chainId
eth_getTransactionReceipt

    Transaction: 0xfb26e4b98f1a91dbe58d7e030cebb0d54bb4b85b23d68698203b061c241cffc2
    Gas used: 290809

    Block Number: 272
    Block Hash: 0x40e2e046d14270339a862007c0a4a48b44645d7d5dead838de0ea123f7a6fdc0
    Block Time: "Thu, 13 Aug 2026 20:41:06 +0000"

eth_getTransactionReceipt
eth_getBlockByNumber
eth_getBlockByNumber
eth_chainId
eth_chainId
eth_estimateGas
eth_chainId
eth_getBlockByNumber
eth_sendTransaction
eth_accounts
eth_chainId
eth_getTransactionReceipt

    Transaction: 0xb46a491ac9541b87d004d15e4f0ed0bde1ed701f38111f1188eed65542853537
    Gas used: 290809

    Block Number: 273
    Block Hash: 0x5ff6944ba511c9366e2d5ba79fadf7d612b5b2ce66d8eb3c0e7dacf32dc6013f
    Block Time: "Thu, 13 Aug 2026 20:41:06 +0000"

eth_getTransactionReceipt
eth_getBlockByNumber
eth_getBlockByNumber
eth_chainId
eth_chainId
eth_estimateGas
eth_chainId
eth_getBlockByNumber
eth_sendTransaction
eth_accounts
eth_chainId
eth_getTransactionReceipt

    Transaction: 0x51f45f780b249b0d9fec503af3e1039693d76197b55f1410f10698302da91085
    Gas used: 290821

    Block Number: 274
    Block Hash: 0x6e8be333b2b3ebe7a4003d8a331a65aa7e75d4d391dd5abb2d2a5cfb32b6d175
    Block Time: "Thu, 13 Aug 2026 20:41:06 +0000"

eth_getTransactionReceipt
eth_getBlockByNumber
eth_getBlockByNumber
eth_chainId
eth_chainId
eth_estimateGas
eth_chainId
eth_getBlockByNumber
eth_sendTransaction
eth_accounts
eth_chainId
eth_getTransactionReceipt

    Transaction: 0x6b9676566ed1bf405efdd19f68533cb91837acf85191e330d57b2779cb356dcb
    Gas used: 290869

    Block Number: 275
    Block Hash: 0xa70604f8b6b3af90acd4ee61eea9e6d08ce430280059875004b81d2a97342b63
    Block Time: "Thu, 13 Aug 2026 20:41:06 +0000"

eth_getTransactionReceipt
eth_getBlockByNumber
eth_getBlockByNumber
eth_chainId
eth_chainId
eth_estimateGas
eth_chainId
eth_getBlockByNumber
eth_sendTransaction
eth_accounts
eth_chainId
eth_getTransactionReceipt

    Transaction: 0x661194703390ea1c89a493a007cf83d9254b7f3880ae9076fb79a1b511d22ea4
    Gas used: 290809

    Block Number: 276
    Block Hash: 0x1e0658b1222d5cd5c0ce85a7e7d3a0f7e725df0d6225107785818cecff2ac477
    Block Time: "Thu, 13 Aug 2026 20:41:06 +0000"

eth_getTransactionReceipt
eth_getBlockByNumber
eth_getBlockByNumber
eth_chainId
eth_chainId
eth_estimateGas
eth_chainId
eth_getBlockByNumber
eth_sendTransaction
eth_accounts
eth_chainId
eth_getTransactionReceipt

    Transaction: 0xcd1784e0962964bbd13513558457c039dfade653e22a3f275b42513002475521
    Gas used: 290809

    Block Number: 277
    Block Hash: 0x66a1fbb4f080db49cba5d916c071bef84df83a55490182500ea0a4ddc4e70e99
    Block Time: "Thu, 13 Aug 2026 20:41:07 +0000"

eth_getTransactionReceipt
eth_getBlockByNumber
eth_getBlockByNumber
eth_chainId
eth_chainId
eth_estimateGas
eth_chainId
eth_getBlockByNumber
eth_sendTransaction
eth_accounts
eth_chainId
eth_getTransactionReceipt

    Transaction: 0x74203a1a23ca1a5c10794bca002f68066dcb5ca4475e6d8b5a3ee9b64801512b
    Gas used: 290809

    Block Number: 278
    Block Hash: 0xf3a79a5b4615378c32619e78237b78573ae0d44740926e14f38ca4567a1bb3ae
    Block Time: "Thu, 13 Aug 2026 20:41:07 +0000"

eth_getTransactionReceipt
eth_getBlockByNumber
eth_getBlockByNumber
eth_chainId
eth_chainId
eth_estimateGas
eth_chainId
eth_getBlockByNumber
eth_sendTransaction
eth_accounts
eth_chainId
eth_getTransactionReceipt

    Transaction: 0xde9c8ff2f378384a2dbfe1cefc36e5d0edf906c7e1b4be7833b8e0acd937f83d
    Gas used: 290809

    Block Number: 279
    Block Hash: 0xbc15910da529c1df51bdc1cb25289895540e13c7850b29649377403515629487
    Block Time: "Thu, 13 Aug 2026 20:41:07 +0000"

eth_getTransactionReceipt
eth_getBlockByNumber
eth_getBlockByNumber
eth_chainId
eth_chainId
eth_estimateGas
eth_chainId
eth_getBlockByNumber
eth_sendTransaction
eth_accounts
eth_chainId
eth_getTransactionReceipt

    Transaction: 0x8ee9057dae3c3e2402ec7a911d6f2a87d2e232fb3ed3520dcbe1231eb7798a08
    Gas used: 290809

    Block Number: 280
    Block Hash: 0x271fbfb83f54ed94911c3bd469d0ad2a5bdb22c8a6c20fb8b62f43549783b138
    Block Time: "Thu, 13 Aug 2026 20:41:07 +0000"

eth_getTransactionReceipt
eth_getBlockByNumber
eth_getBlockByNumber
eth_chainId
eth_chainId
eth_estimateGas
eth_chainId
eth_getBlockByNumber
eth_sendTransaction
eth_accounts
eth_chainId
eth_getTransactionReceipt

    Transaction: 0xfd1e4944da9fb96d4d99740a3929feebaea2de3dc2d0ecb4224ff0f14668cc1b
    Gas used: 290809

    Block Number: 281
    Block Hash: 0x2b7af4e053ecd318787fc6e3a16a8354157de6a9282dc72e7c02c22575ef3ad3
    Block Time: "Thu, 13 Aug 2026 20:41:07 +0000"

eth_getTransactionReceipt
eth_getBlockByNumber
eth_getBlockByNumber
eth_chainId
eth_chainId
eth_estimateGas
eth_chainId
eth_getBlockByNumber
eth_sendTransaction
eth_accounts
eth_chainId
eth_getTransactionReceipt

    Transaction: 0xa9497b36cf2519e7db6cd2c62270fbf37ff544578e0a9581b81660f66c826bab
    Gas used: 290809

    Block Number: 282
    Block Hash: 0x82f8951667c9312b21601e9e25f030b67a039c3a82dff4f14c6ac028b8683afe
    Block Time: "Thu, 13 Aug 2026 20:41:07 +0000"

eth_getTransactionReceipt
eth_getBlockByNumber
eth_getBlockByNumber
eth_chainId
eth_chainId
eth_estimateGas
eth_chainId
eth_getBlockByNumber
eth_sendTransaction
eth_accounts
eth_chainId
eth_getTransactionReceipt

    Transaction: 0x7c01fb6a08cbaff0f6eb7d618874e41d39112b62c3d11fbe668251f39038930b
    Gas used: 290809

    Block Number: 283
    Block Hash: 0x68bdc635920c4ed0bdb794ee01174b403dee15004c54c88340eb2f19aa360654
    Block Time: "Thu, 13 Aug 2026 20:41:07 +0000"

eth_getTransactionReceipt
eth_getBlockByNumber
eth_getBlockByNumber
eth_chainId
eth_chainId
eth_estimateGas
eth_chainId
eth_getBlockByNumber
eth_sendTransaction
eth_accounts
eth_chainId
eth_getTransactionReceipt

    Transaction: 0xa1b99b20a879ca4dd6358f9abea004b483b1bb3864a9e4bb974c1a12a96850f9
    Gas used: 290809

    Block Number: 284
    Block Hash: 0xb4f41284283f5b6941847796ad2bec4518ea392ad72b873e37b27fb3927a7dc0
    Block Time: "Thu, 13 Aug 2026 20:41:07 +0000"

eth_getTransactionReceipt
eth_getBlockByNumber
eth_getBlockByNumber
eth_chainId
eth_chainId
eth_estimateGas
eth_chainId
eth_getBlockByNumber
eth_sendTransaction
eth_accounts
eth_chainId
eth_getTransactionReceipt

    Transaction: 0xaad0d2d7f7b6f9d1c6fcebeaacb75886e656464b5259cde4cf262557b597602b
    Gas used: 290821

    Block Number: 285
    Block Hash: 0x50257283cec3f1fa09f7d86dfa3f368cb9ba526fdebdbc905a35a93a6f0023ec
    Block Time: "Thu, 13 Aug 2026 20:41:08 +0000"

eth_getTransactionReceipt
eth_getBlockByNumber
eth_getBlockByNumber
eth_chainId
eth_chainId
eth_estimateGas
eth_chainId
eth_getBlockByNumber
eth_sendTransaction
eth_accounts
eth_chainId
eth_getTransactionReceipt

    Transaction: 0x73f6e972132e9cf0b96efdedec9f556580878488ec6d4e0fed98356711035686
    Gas used: 290821

    Block Number: 286
    Block Hash: 0x9896f8ea2b38b5abb5a5400bdf44e9facae16a90e4316650666a4bc97e2ff846
    Block Time: "Thu, 13 Aug 2026 20:41:08 +0000"

eth_getTransactionReceipt
eth_getBlockByNumber
eth_getBlockByNumber
eth_chainId
eth_chainId
eth_estimateGas
eth_chainId
eth_getBlockByNumber
eth_sendTransaction
eth_accounts
eth_chainId
eth_getTransactionReceipt

    Transaction: 0x70075e6a6495e3f4559659ba2ce0c89aa8cb5dff59fd543104ef9ba2e94fd4b0
    Gas used: 290821

    Block Number: 287
    Block Hash: 0xe2c177b0d8d1707a85110382612f0cc9db62df459405168d319964c9e8dd9087
    Block Time: "Thu, 13 Aug 2026 20:41:08 +0000"

eth_getTransactionReceipt
eth_getBlockByNumber
eth_getBlockByNumber
eth_chainId
eth_chainId
eth_estimateGas
eth_chainId
eth_getBlockByNumber
eth_sendTransaction
eth_accounts
eth_chainId
eth_getTransactionReceipt

    Transaction: 0x046cc60890795d3e2bc0392af67a2548dbcf7650b97a43f0c7a9d37dceef964c
    Gas used: 290821

    Block Number: 288
    Block Hash: 0x47ab7b7bcc8381056cdcebbe8868531b32619677c16d587c6aba43cf37072db3
    Block Time: "Thu, 13 Aug 2026 20:41:08 +0000"

eth_getTransactionReceipt
eth_getBlockByNumber
eth_getBlockByNumber
eth_chainId
eth_chainId
eth_estimateGas
eth_chainId
eth_getBlockByNumber
eth_sendTransaction
eth_accounts
eth_chainId
eth_getTransactionReceipt

    Transaction: 0xea229118babffb49be0805598be05b0b4d11a6571041b5f9277c8b2531f02377
    Gas used: 290821

    Block Number: 289
    Block Hash: 0xcfe8e2e508263c94b8d52c86e84d505522b607d57a003cbc3495b07687077752
    Block Time: "Thu, 13 Aug 2026 20:41:08 +0000"

eth_getTransactionReceipt
eth_getBlockByNumber
eth_getBlockByNumber
eth_chainId
eth_chainId
eth_estimateGas
eth_chainId
eth_getBlockByNumber
eth_sendTransaction
eth_accounts
eth_chainId
eth_getTransactionReceipt

    Transaction: 0x9396e00e592a600859f845ce3c40e46d61ea8988cdda22544c4e6aa418377359
    Gas used: 290821

    Block Number: 290
    Block Hash: 0x4b4b7c9c0296448b404eaff56f3eda8a3985c662e9516a47924f01c9a00a74b8
    Block Time: "Thu, 13 Aug 2026 20:41:08 +0000"

eth_getTransactionReceipt
eth_getBlockByNumber
eth_getBlockByNumber
eth_chainId
eth_chainId
eth_estimateGas
eth_chainId
eth_getBlockByNumber
eth_sendTransaction
eth_accounts
eth_chainId
eth_getTransactionReceipt

    Transaction: 0xe701316ec63ef494d3732e72665a7ac833c3bd287b3d44b83962722d7090f99a
    Gas used: 290821

    Block Number: 291
    Block Hash: 0xeaf50dfb493827cd450e751f1fa3ead80b147892f7f7fcc9f6f337398685b405
    Block Time: "Thu, 13 Aug 2026 20:41:08 +0000"

eth_getTransactionReceipt
eth_getBlockByNumber
eth_getBlockByNumber
eth_chainId
eth_chainId
eth_estimateGas
eth_chainId
eth_getBlockByNumber
eth_sendTransaction
eth_accounts
eth_chainId
eth_getTransactionReceipt

    Transaction: 0x31bf560a88c3d842ddcadf77ee1ef2c9cc4429077f50b42818b0fe708dfab9c4
    Gas used: 290821

    Block Number: 292
    Block Hash: 0x211438f9011970e02624df71b971dd0c8d04b47904828c167de9616398504f63
    Block Time: "Thu, 13 Aug 2026 20:41:08 +0000"

eth_getTransactionReceipt
eth_getBlockByNumber
eth_getBlockByNumber
eth_chainId
eth_chainId
eth_estimateGas
eth_chainId
eth_getBlockByNumber
eth_sendTransaction
eth_accounts
eth_chainId
eth_getTransactionReceipt

    Transaction: 0x55fae112540480aa0f0d3250d1b45544f31471865c4e83f2acc1e12a7cc49196
    Gas used: 290821

    Block Number: 293
    Block Hash: 0xf1f50267124e97b557f7b74d7cb2ebd0ed7d631f7839402f0fc38f5516a71efe
    Block Time: "Thu, 13 Aug 2026 20:41:09 +0000"

eth_getTransactionReceipt
eth_getBlockByNumber
eth_getBlockByNumber
eth_chainId
eth_chainId
eth_estimateGas
eth_chainId
eth_getBlockByNumber
eth_sendTransaction
eth_accounts
eth_chainId
eth_getTransactionReceipt

    Transaction: 0x66be936d9eda73942f69bcc01083b097406007d8c0001217b6fe4318e413b119
    Gas used: 290821

    Block Number: 294
    Block Hash: 0x2ced7b8a3a9ead018a724dad8d10ff1009584cd2ebbef4331458e1af18d6ff72
    Block Time: "Thu, 13 Aug 2026 20:41:09 +0000"

eth_getTransactionReceipt
eth_getBlockByNumber
eth_getBlockByNumber
eth_chainId
eth_chainId
eth_estimateGas
eth_chainId
eth_getBlockByNumber
eth_sendTransaction
eth_accounts
eth_chainId
eth_getTransactionReceipt

    Transaction: 0xd511a1db6adff930088c8d443f1c8ce45e180e2913949245e1f835843bba2c39
    Gas used: 290821

    Block Number: 295
    Block Hash: 0x32bfa12eeb3f6ba8ab7da93c3229b7f54563dfaf0644037b2ffb390abd631b79
    Block Time: "Thu, 13 Aug 2026 20:41:09 +0000"

eth_getTransactionReceipt
eth_getBlockByNumber
eth_getBlockByNumber
eth_chainId
eth_chainId
eth_estimateGas
eth_chainId
eth_getBlockByNumber
eth_sendTransaction
eth_accounts
eth_chainId
eth_getTransactionReceipt

    Transaction: 0x5b400dbb20a9304f82b3747ad7a9af51c501cd4e8b47a5efe887c0de0e716b82
    Gas used: 290821

    Block Number: 296
    Block Hash: 0x10c203ca613e0c3635ef43c3d71ee979b1f143ab574be3b99f59a8b72ebab141
    Block Time: "Thu, 13 Aug 2026 20:41:09 +0000"

eth_getTransactionReceipt
eth_getBlockByNumber
eth_getBlockByNumber
eth_chainId
eth_chainId
eth_estimateGas
eth_chainId
eth_getBlockByNumber
eth_sendTransaction
eth_accounts
eth_chainId
eth_getTransactionReceipt

    Transaction: 0xd09c9c7df6a9daa2b0db4954a5fc394075a69ab961e17380e2da01e642af46c5
    Gas used: 290821

    Block Number: 297
    Block Hash: 0x3bfec056d7e276006f14ffeecc0cb20d73931f5b29f8184798050a286ccd93d3
    Block Time: "Thu, 13 Aug 2026 20:41:09 +0000"

eth_getTransactionReceipt
eth_getBlockByNumber
eth_getBlockByNumber
eth_chainId
eth_chainId
eth_estimateGas
eth_chainId
eth_getBlockByNumber
eth_sendTransaction
eth_accounts
eth_chainId
eth_getTransactionReceipt

    Transaction: 0xa1b0711e0844a4782126122809fa180c6ad4d253c1ba4d39b5341da0e1de1533
    Gas used: 290821

    Block Number: 298
    Block Hash: 0x703bfa0e0bbada5a63a167d8bd2d29f92632907c7454c50fb95ce952495f7359
    Block Time: "Thu, 13 Aug 2026 20:41:09 +0000"

eth_getTransactionReceipt
eth_getBlockByNumber
eth_getBlockByNumber
eth_chainId
eth_chainId
eth_estimateGas
eth_chainId
eth_getBlockByNumber
eth_sendTransaction
eth_accounts
eth_chainId
eth_getTransactionReceipt

    Transaction: 0xee62e2283f4a1a28455369c1cd5e9d78029a6bbdd9f8d2b9d037dc62ec04a5f0
    Gas used: 290821

    Block Number: 299
    Block Hash: 0xfdadd91738fb1f0ec0e161b0dd9d9d13c370e3ca9720cd5dd2f5fe1482259378
    Block Time: "Thu, 13 Aug 2026 20:41:09 +0000"

eth_getTransactionReceipt
eth_getBlockByNumber
eth_getBlockByNumber
eth_chainId
eth_chainId
eth_estimateGas
eth_chainId
eth_getBlockByNumber
eth_sendTransaction
eth_accounts
eth_chainId
eth_getTransactionReceipt

    Transaction: 0xd8e4fa1004bf8ab66604f037dd30d53611d26b7ef3f7310697619d8cb2e58bfd
    Gas used: 290821

    Block Number: 300
    Block Hash: 0x4efc5283c0617f56810322471bd1a44d9257e544929461ab0460290d15d44663
    Block Time: "Thu, 13 Aug 2026 20:41:10 +0000"

eth_getTransactionReceipt
eth_getBlockByNumber
eth_getBlockByNumber
eth_chainId
eth_chainId
eth_estimateGas
eth_chainId
eth_getBlockByNumber
eth_sendTransaction
eth_accounts
eth_chainId
eth_getTransactionReceipt

    Transaction: 0xf8c9bc2cbfc4410cb361bae47f71fae61270531297da66be4eb63c3d71f00262
    Gas used: 290869

    Block Number: 301
    Block Hash: 0x8c76519202d41c5b3275078681001ce767e8022cf4e58654cfb56aa85a14fd79
    Block Time: "Thu, 13 Aug 2026 20:41:10 +0000"

eth_getTransactionReceipt
eth_getBlockByNumber
eth_getBlockByNumber
eth_chainId
eth_chainId
eth_estimateGas
eth_chainId
eth_getBlockByNumber
eth_sendTransaction
eth_accounts
eth_chainId
eth_getTransactionReceipt

    Transaction: 0x88a21f92b319c164d4283ac458fab2c86110155f951cc955f0cc4ee124451774
    Gas used: 290809

    Block Number: 302
    Block Hash: 0x71f5fded91f453b5c1eccd5a407e3bc361e244f41b070e2add5ea3bc94672cee
    Block Time: "Thu, 13 Aug 2026 20:41:10 +0000"

eth_getTransactionReceipt
eth_getBlockByNumber
eth_getBlockByNumber
eth_chainId
eth_chainId
eth_estimateGas
eth_chainId
eth_getBlockByNumber
eth_sendTransaction
eth_accounts
eth_chainId
eth_getTransactionReceipt

    Transaction: 0x640bf2237f831ba601cf705a5027f3d08bc10c0737f77380e9abe907f7f16d4f
    Gas used: 290809

    Block Number: 303
    Block Hash: 0x6cca0dcc7569239984bfd6ee668e11cd0a8c511c84b8ae119842828f35337192
    Block Time: "Thu, 13 Aug 2026 20:41:10 +0000"

eth_getTransactionReceipt
eth_getBlockByNumber
eth_getBlockByNumber
eth_chainId
eth_chainId
eth_estimateGas
eth_chainId
eth_getBlockByNumber
eth_sendTransaction
eth_accounts
eth_chainId
eth_getTransactionReceipt

    Transaction: 0x32996daa78a8045d2005fad8196d24693f6f86ff71e9d0993364b192ab770e10
    Gas used: 290809

    Block Number: 304
    Block Hash: 0x29f90b313fa44f0637b1a91dd875e7d559bc661cc38f13f08b0480a3c37d528d
    Block Time: "Thu, 13 Aug 2026 20:41:10 +0000"

eth_getTransactionReceipt
eth_getBlockByNumber
eth_getBlockByNumber
eth_chainId
eth_chainId
eth_estimateGas
eth_chainId
eth_getBlockByNumber
eth_sendTransaction
eth_accounts
eth_chainId
eth_getTransactionReceipt

    Transaction: 0x0fd03cbb890a26fd8e8bf124d3dcf0673beb13a6a57c554bcb373c2f93738536
    Gas used: 290809

    Block Number: 305
    Block Hash: 0xcf696f0a0baadabe28895ffbc1e94f608238e7282ba84fd806e70268bfbb0523
    Block Time: "Thu, 13 Aug 2026 20:41:10 +0000"

eth_getTransactionReceipt
eth_getBlockByNumber
eth_getBlockByNumber
eth_chainId
eth_chainId
eth_estimateGas
eth_chainId
eth_getBlockByNumber
eth_sendTransaction
eth_accounts
eth_chainId
eth_getTransactionReceipt

    Transaction: 0x3422db44fce182f6fa026f4abbf4352f42e2a0d9e38aa147c6d3de07b83505a7
    Gas used: 290809

    Block Number: 306
    Block Hash: 0x5f2b5d1197af523a4c31cc0307a4aa4eebd510d2229d4ee65d6a072110bf3e8b
    Block Time: "Thu, 13 Aug 2026 20:41:10 +0000"

eth_getTransactionReceipt
eth_getBlockByNumber
eth_getBlockByNumber
eth_chainId
eth_chainId
eth_estimateGas
eth_chainId
eth_getBlockByNumber
eth_sendTransaction
eth_accounts
eth_chainId
eth_getTransactionReceipt

    Transaction: 0xb2df0db7fc2c1140d88cfdc4f65c60d2e38d55baeadbe1fa697190c4af06adb6
    Gas used: 290809

    Block Number: 307
    Block Hash: 0x26bf111620f94fcbb51b1eab5fd6077b6285aa3eca67288e8a98c07db8168682
    Block Time: "Thu, 13 Aug 2026 20:41:10 +0000"

eth_getTransactionReceipt
eth_getBlockByNumber
eth_getBlockByNumber
eth_chainId
eth_chainId
eth_estimateGas
eth_chainId
eth_getBlockByNumber
eth_sendTransaction
eth_accounts
eth_chainId
eth_getTransactionReceipt

    Transaction: 0x9a0c1e5bdc58ce6290579b85a4f12603e1f46da82cbb48bf62e5e7e4b108594a
    Gas used: 290809

    Block Number: 308
    Block Hash: 0xf160f2bd015bef2d04a3fa63f1df4a0725c1eaf9b7c3cebf545d3cc7337f72ae
    Block Time: "Thu, 13 Aug 2026 20:41:11 +0000"

eth_getTransactionReceipt
eth_getBlockByNumber
eth_getBlockByNumber
eth_chainId
eth_chainId
eth_estimateGas
eth_chainId
eth_getBlockByNumber
eth_sendTransaction
eth_accounts
eth_chainId
eth_getTransactionReceipt

    Transaction: 0xc52feb6ac66280b0244b7a3fb5a8b97a15801c425566d626ab85f24ce95505be
    Gas used: 290809

    Block Number: 309
    Block Hash: 0x7f19a66381eee71c694b384c7fbfb6c41b3536ce57ffb663dadae6149ff04662
    Block Time: "Thu, 13 Aug 2026 20:41:11 +0000"

eth_getTransactionReceipt
eth_getBlockByNumber
eth_getBlockByNumber
eth_chainId
eth_chainId
eth_estimateGas
eth_chainId
eth_getBlockByNumber
eth_sendTransaction
eth_accounts
eth_chainId
eth_getTransactionReceipt

    Transaction: 0xe42d1123e2bf6d6911e699ce4e81df2b5cc3b3e9476f96a79374d184dd4bae0a
    Gas used: 290809

    Block Number: 310
    Block Hash: 0xf62a9154200a7141eda07b54253bafac53bd92f0ed1ea52523552d8ee6270a75
    Block Time: "Thu, 13 Aug 2026 20:41:11 +0000"

eth_getTransactionReceipt
eth_getBlockByNumber
eth_getBlockByNumber
eth_chainId
eth_chainId
eth_estimateGas
eth_chainId
eth_getBlockByNumber
eth_sendTransaction
eth_accounts
eth_chainId
eth_getTransactionReceipt

    Transaction: 0x27d15e7449ce1d271e94d7b950a0bb0d8779cc2b60fb02dc4a86568cba625812
    Gas used: 290821

    Block Number: 311
    Block Hash: 0x74daecf654d2a04166a9f7a30c7a6515524d449b8c9dee52dc2103b22329ebcb
    Block Time: "Thu, 13 Aug 2026 20:41:11 +0000"

eth_getTransactionReceipt
eth_getBlockByNumber
eth_getBlockByNumber
eth_chainId
eth_chainId
eth_estimateGas
eth_chainId
eth_getBlockByNumber
eth_sendTransaction
eth_accounts
eth_chainId
eth_getTransactionReceipt

    Transaction: 0x023142415a7db71f20e8beedb2e8c4535a9475f2532c6802828432a6c06e2237
    Gas used: 290821

    Block Number: 312
    Block Hash: 0x32ab01929989d154f17a39a517a916868fc3c24d41eda14d93658c22adebb5a6
    Block Time: "Thu, 13 Aug 2026 20:41:11 +0000"

eth_getTransactionReceipt
eth_getBlockByNumber
eth_getBlockByNumber
eth_chainId
eth_chainId
eth_estimateGas
eth_chainId
eth_getBlockByNumber
eth_sendTransaction
eth_accounts
eth_chainId
eth_getTransactionReceipt

    Transaction: 0xc3c142a23dc226a64b3bc0149cb2e6728d8eaa8e7cc66faf7855d5b1b9f83034
    Gas used: 290821

    Block Number: 313
    Block Hash: 0x8cf804439ea1db91c1ee4d037324a734d097b12f1ecfc05881e82a1451e66bc7
    Block Time: "Thu, 13 Aug 2026 20:41:11 +0000"

eth_getTransactionReceipt
eth_getBlockByNumber
eth_getBlockByNumber
eth_chainId
eth_chainId
eth_estimateGas
eth_chainId
eth_getBlockByNumber
eth_sendTransaction
eth_accounts
eth_chainId
eth_getTransactionReceipt

    Transaction: 0xbbe29746b1dea2e0068bb2eddaf9fdd10c2b7fb2a7be6d5648699b7620036f44
    Gas used: 290821

    Block Number: 314
    Block Hash: 0x23ad39a9ced44d2cc67968d5d22b3106fc3c74adcea4712d47a2a0ca1109a1b0
    Block Time: "Thu, 13 Aug 2026 20:41:11 +0000"

eth_getTransactionReceipt
eth_getBlockByNumber
eth_getBlockByNumber
eth_chainId
eth_chainId
eth_estimateGas
eth_chainId
eth_getBlockByNumber
eth_sendTransaction
eth_accounts
eth_chainId
eth_getTransactionReceipt

    Transaction: 0x6cef50f14f4412685c61e66564a9950e31bd83edbbfb8fd4797b5974917c5eff
    Gas used: 290821

    Block Number: 315
    Block Hash: 0x0e47486bc4d7b489b8ec9cc0b945e843d9d2856610cc7cfe14456a46d38ce67b
    Block Time: "Thu, 13 Aug 2026 20:41:11 +0000"

eth_getTransactionReceipt
eth_getBlockByNumber
eth_getBlockByNumber
eth_chainId
eth_chainId
eth_estimateGas
eth_chainId
eth_getBlockByNumber
eth_sendTransaction
eth_accounts
eth_chainId
eth_getTransactionReceipt

    Transaction: 0x2dc1dbe872b137205ffa6c2b4fde49dd7ee4f8fba581becbe96eaf759231f64f
    Gas used: 290821

    Block Number: 316
    Block Hash: 0x8e0b0eefd5fd83695302f1ba6c21c3fefdd482fcf89615bfa2247469cd97db38
    Block Time: "Thu, 13 Aug 2026 20:41:12 +0000"

eth_getTransactionReceipt
eth_getBlockByNumber
eth_getBlockByNumber
eth_chainId
eth_chainId
eth_estimateGas
eth_chainId
eth_getBlockByNumber
eth_sendTransaction
eth_accounts
eth_chainId
eth_getTransactionReceipt

    Transaction: 0xaf08fe8692e8379f83ee3e9432bd6c0ce3a559409f37bf443e4e8fd1663e824b
    Gas used: 290821

    Block Number: 317
    Block Hash: 0xd6b9a9c5c3ede20e4e2451f5164aedaea1e276ddc01ec9aa6b193ad299de039b
    Block Time: "Thu, 13 Aug 2026 20:41:12 +0000"

eth_getTransactionReceipt
eth_getBlockByNumber
eth_getBlockByNumber
eth_chainId
eth_chainId
eth_estimateGas
eth_chainId
eth_getBlockByNumber
eth_sendTransaction
eth_accounts
eth_chainId
eth_getTransactionReceipt

    Transaction: 0xa262baf3a7935fab0ca0234b532e88b591984e33f12c64b1990f217dd7f50749
    Gas used: 290821

    Block Number: 318
    Block Hash: 0x225836e4d3f6df8ce43eef46d238aa1b0e192f80d52ebb88c9212a42aab20193
    Block Time: "Thu, 13 Aug 2026 20:41:12 +0000"

eth_getTransactionReceipt
eth_getBlockByNumber
eth_getBlockByNumber
eth_chainId
eth_chainId
eth_estimateGas
eth_chainId
eth_getBlockByNumber
eth_sendTransaction
eth_accounts
eth_chainId
eth_getTransactionReceipt

    Transaction: 0xee825c17b37ee1a52ae89f397efc1f85220a10a0d558cc053a3b444c13eb0948
    Gas used: 290821

    Block Number: 319
    Block Hash: 0xf46580a5cf023ec4f5170892ae967826fad83729ab7331d4a19460a2236f5798
    Block Time: "Thu, 13 Aug 2026 20:41:12 +0000"

eth_getTransactionReceipt
eth_getBlockByNumber
eth_getBlockByNumber
eth_chainId
eth_chainId
eth_estimateGas
eth_chainId
eth_getBlockByNumber
eth_sendTransaction
eth_accounts
eth_chainId
eth_getTransactionReceipt

    Transaction: 0xa9f4dccbdce5eef72aa5ebcac771622e224da7f8bc65c1eb22febd45ad392436
    Gas used: 290821

    Block Number: 320
    Block Hash: 0xf2aa1c2b7f29387de91ab0d628ccd282f0ae1bd8fae677445a759d48cb1faaf6
    Block Time: "Thu, 13 Aug 2026 20:41:12 +0000"

eth_getTransactionReceipt
eth_getBlockByNumber
eth_getBlockByNumber
eth_chainId
eth_chainId
eth_estimateGas
eth_chainId
eth_getBlockByNumber
eth_sendTransaction
eth_accounts
eth_chainId
eth_getTransactionReceipt

    Transaction: 0x4d801f8568752cd6d6c38be4b2f8fc1711d35fec88bf80426f34d0daa875f011
    Gas used: 290821

    Block Number: 321
    Block Hash: 0x5c8df8576905a6743a8a0fef15faa313e70a39645d67afdb0807ef9d549c339f
    Block Time: "Thu, 13 Aug 2026 20:41:12 +0000"

eth_getTransactionReceipt
eth_getBlockByNumber
eth_getBlockByNumber
eth_chainId
eth_chainId
eth_estimateGas
eth_chainId
eth_getBlockByNumber
eth_sendTransaction
eth_accounts
eth_chainId
eth_getTransactionReceipt

    Transaction: 0x2ab1c5870760d9c8082d133c9604377e4c7b17f2c3cbc15c01614fdca97f0487
    Gas used: 290821

    Block Number: 322
    Block Hash: 0x55c3e783fa73c1978e51eeb7b2a3e17ca2b29e258df4bc9c22196f8638f8d23b
    Block Time: "Thu, 13 Aug 2026 20:41:12 +0000"

eth_getTransactionReceipt
eth_getBlockByNumber
eth_getBlockByNumber
eth_chainId
eth_chainId
eth_estimateGas
eth_chainId
eth_getBlockByNumber
eth_sendTransaction
eth_accounts
eth_chainId
eth_getTransactionReceipt

    Transaction: 0xcc2c87283e324fc160522a9d3e6a7fb636608f4c4144ab6774022f80510d7549
    Gas used: 290821

    Block Number: 323
    Block Hash: 0x6a540c05d4bc751431228f2768c33af84c44c5d24ab29991ce8f3db2f51b6705
    Block Time: "Thu, 13 Aug 2026 20:41:12 +0000"

eth_getTransactionReceipt
eth_getBlockByNumber
eth_getBlockByNumber
eth_chainId
eth_chainId
eth_estimateGas
eth_chainId
eth_getBlockByNumber
eth_sendTransaction
eth_accounts
eth_chainId
eth_getTransactionReceipt

    Transaction: 0x7010aaf31a9834599e86c12d399367e2fea157ad938a5f4ef5a5cffe0decc66d
    Gas used: 290821

    Block Number: 324
    Block Hash: 0x076e179446811f885a5b57ddb13231efef01128a1df4c0d260a30f6b0659bd88
    Block Time: "Thu, 13 Aug 2026 20:41:13 +0000"

eth_getTransactionReceipt
eth_getBlockByNumber
eth_getBlockByNumber
eth_chainId
eth_chainId
eth_estimateGas
eth_chainId
eth_getBlockByNumber
eth_sendTransaction
eth_accounts
eth_chainId
eth_getTransactionReceipt

    Transaction: 0x7529034d08c298109a7ed5055af70a0d535d34ef2500c4713ddc6d989d9939ab
    Gas used: 290821

    Block Number: 325
    Block Hash: 0x93061d61fa3baeb21533c00a74566c7e1516acf2b258e30346300b8aa8b5c9b5
    Block Time: "Thu, 13 Aug 2026 20:41:13 +0000"

eth_getTransactionReceipt
eth_getBlockByNumber
eth_getBlockByNumber
eth_chainId
eth_chainId
eth_estimateGas
eth_chainId
eth_getBlockByNumber
eth_sendTransaction
eth_accounts
eth_chainId
eth_getTransactionReceipt

    Transaction: 0x0cf3fe9e27558a1156f97b5b1c99f955cc846eee51bd9ce914ba22a8bc61cbcd
    Gas used: 290821

    Block Number: 326
    Block Hash: 0x940498aedbe7a137f14ccde5b1668ee254a36d0ff6828344ae7c0c2d4e96139d
    Block Time: "Thu, 13 Aug 2026 20:41:13 +0000"

eth_getTransactionReceipt
eth_getBlockByNumber
eth_getBlockByNumber
eth_chainId
eth_chainId
eth_estimateGas
eth_chainId
eth_getBlockByNumber
eth_sendTransaction
eth_accounts
eth_chainId
eth_getTransactionReceipt

    Transaction: 0x03d24d60265dfeed4fecdbf446ab6e565d704ac4938dbe8a2d67248f9dda2068
    Gas used: 290821

    Block Number: 327
    Block Hash: 0xe1f87c047f6a3797a9f7d6c035fe93a836d113fa8901fbc2a1d56ff6d3a06a65
    Block Time: "Thu, 13 Aug 2026 20:41:13 +0000"

eth_getTransactionReceipt
eth_getBlockByNumber
eth_getBlockByNumber
eth_chainId
eth_chainId
eth_estimateGas
eth_chainId
eth_getBlockByNumber
eth_sendTransaction
eth_accounts
eth_chainId
eth_getTransactionReceipt

    Transaction: 0x0a402e0592148b0cc4fb0d0986276d6524f66c16f6a0b49be4e000b5da24d180
    Gas used: 290821

    Block Number: 328
    Block Hash: 0x6110b49a677a307feb147276be4138480243863421770202d18c08f0e0b496d3
    Block Time: "Thu, 13 Aug 2026 20:41:13 +0000"

eth_getTransactionReceipt
eth_getBlockByNumber
eth_getBlockByNumber
eth_chainId
eth_chainId
eth_estimateGas
eth_chainId
eth_getBlockByNumber
eth_sendTransaction
eth_accounts
eth_chainId
eth_getTransactionReceipt

    Transaction: 0x76cfad1b7f2ae5c188bffe0be8be49664a57d1b13971376e870ab9ab1a23d808
    Gas used: 290821

    Block Number: 329
    Block Hash: 0xe324b0be717e57d27844c5b0ca17e6b5ff04e34f08f8502fc0285335a5df02a8
    Block Time: "Thu, 13 Aug 2026 20:41:13 +0000"

eth_getTransactionReceipt
eth_getBlockByNumber
eth_getBlockByNumber
eth_chainId
eth_chainId
eth_estimateGas
eth_chainId
eth_getBlockByNumber
eth_sendTransaction
eth_accounts
eth_chainId
eth_getTransactionReceipt

    Transaction: 0xd0b61129e926a2df0041cdfe34ce840b64c164ecc9f71039ecc7eef6dd164b51
    Gas used: 290821

    Block Number: 330
    Block Hash: 0xf189058710611158ba786370eeee7d1684f98de6ae0f0001f63ed600fb108022
    Block Time: "Thu, 13 Aug 2026 20:41:13 +0000"

eth_getTransactionReceipt
eth_getBlockByNumber
eth_getBlockByNumber
eth_chainId
eth_chainId
eth_estimateGas
eth_chainId
eth_getBlockByNumber
eth_sendTransaction
eth_accounts
eth_chainId
eth_getTransactionReceipt

    Transaction: 0xb0658c333b3e1f29bad6d572ba1fe47a69c1403f831e048f0558f4742ea4a84e
    Gas used: 290821

    Block Number: 331
    Block Hash: 0xcf04bdf857a07a4bf86d766af02bee856e77a7ebf2662a052bc5ad46064ea24f
    Block Time: "Thu, 13 Aug 2026 20:41:13 +0000"

eth_getTransactionReceipt
eth_getBlockByNumber
eth_getBlockByNumber
eth_chainId
eth_chainId
eth_estimateGas
eth_chainId
eth_getBlockByNumber
eth_sendTransaction
eth_accounts
eth_chainId
eth_getTransactionReceipt

    Transaction: 0x37df821e70b6c5bf1c31dd83d5aa9d2aa91aa53aefb465c4b81dddefae2d3b1a
    Gas used: 290821

    Block Number: 332
    Block Hash: 0xc71a8ac9bc47470482e93d052906e16bacbf8990b660d3e98e969822fa17d0ee
    Block Time: "Thu, 13 Aug 2026 20:41:14 +0000"

eth_getTransactionReceipt
eth_getBlockByNumber
eth_getBlockByNumber
eth_chainId
eth_chainId
eth_estimateGas
eth_chainId
eth_getBlockByNumber
eth_sendTransaction
eth_accounts
eth_chainId
eth_getTransactionReceipt

    Transaction: 0x71cfd93674259f4f2c613e23b99cf2951fc804f93f3d41513fc0d480cb5d2093
    Gas used: 290821

    Block Number: 333
    Block Hash: 0xcf34330050b024c0bb69740a780077e814a983046dcad0322c82e4049a07fefb
    Block Time: "Thu, 13 Aug 2026 20:41:14 +0000"

eth_getTransactionReceipt
eth_getBlockByNumber
eth_getBlockByNumber
eth_chainId
eth_chainId
eth_estimateGas
eth_chainId
eth_getBlockByNumber
eth_sendTransaction
eth_accounts
eth_chainId
eth_getTransactionReceipt

    Transaction: 0xf904af25f6f7cb41a4d13d34267604e94a7cb741deb896de3a702b190e4561f6
    Gas used: 290821

    Block Number: 334
    Block Hash: 0x506ef79574990ac64a34b978548c2fd75a57c307d213c329f1fa4adadb383156
    Block Time: "Thu, 13 Aug 2026 20:41:14 +0000"

eth_getTransactionReceipt
eth_getBlockByNumber
eth_getBlockByNumber
eth_chainId
eth_chainId
eth_estimateGas
eth_chainId
eth_getBlockByNumber
eth_sendTransaction
eth_accounts
eth_chainId
eth_getTransactionReceipt

    Transaction: 0x766cf8856df5b11c15cdec0e276497e1ed34806259bbb797f5b1d75f6f2b49fe
    Gas used: 290821

    Block Number: 335
    Block Hash: 0xd58071d44e49808e989111ec5483605db0e7195da11fb33848ea96b59e51e074
    Block Time: "Thu, 13 Aug 2026 20:41:14 +0000"

eth_getTransactionReceipt
eth_getBlockByNumber
eth_getBlockByNumber
eth_chainId
eth_chainId
eth_estimateGas
eth_chainId
eth_getBlockByNumber
eth_sendTransaction
eth_accounts
eth_chainId
eth_getTransactionReceipt

    Transaction: 0xc1ba9bd112ff30ba0a410b190b07217efbe259419576c1173828ebe109dcda83
    Gas used: 290821

    Block Number: 336
    Block Hash: 0xc3b11e5d0c67ccad32d1b03c821cb63e4a4aac7d95ba6484423974fad5543926
    Block Time: "Thu, 13 Aug 2026 20:41:14 +0000"

eth_getTransactionReceipt
eth_getBlockByNumber
eth_getBlockByNumber
eth_chainId
eth_chainId
eth_estimateGas
eth_chainId
eth_getBlockByNumber
eth_sendTransaction
eth_accounts
eth_chainId
eth_getTransactionReceipt

    Transaction: 0x485aed9e77a1c790775ba27b2349d51a3c505273e2e57f76c871f64ea92ae6b2
    Gas used: 290821

    Block Number: 337
    Block Hash: 0x0b1781d2a308e78b5132cb673580600eaa8f9b806ba870d6ddcbdca3fe2660fb
    Block Time: "Thu, 13 Aug 2026 20:41:14 +0000"

eth_getTransactionReceipt
eth_getBlockByNumber
eth_getBlockByNumber
eth_chainId
eth_chainId
eth_estimateGas
eth_chainId
eth_getBlockByNumber
eth_sendTransaction
eth_accounts
eth_chainId
eth_getTransactionReceipt

    Transaction: 0x55291004bfbbc6b61a87364958de4b46244e69ae28c6fc6ec9bf6e2c5d5b7273
    Gas used: 290821

    Block Number: 338
    Block Hash: 0x99c89f3d1a5dd5e6b1b2bd06ba47da5cf69a677c4affc5e837c997dff395dd9f
    Block Time: "Thu, 13 Aug 2026 20:41:14 +0000"

eth_getTransactionReceipt
eth_getBlockByNumber
eth_getBlockByNumber
eth_chainId
eth_chainId
eth_estimateGas
eth_chainId
eth_getBlockByNumber
eth_sendTransaction
eth_accounts
eth_chainId
eth_getTransactionReceipt

    Transaction: 0x0f93b4610dc3bccc1563f8c0510b7be3378fab9f1946d14b3d33e10fb8b6718a
    Gas used: 290821

    Block Number: 339
    Block Hash: 0x53a57793a14761758686d0b765a502b7d3c0c6de4dcd5ac1ac378396cec73f41
    Block Time: "Thu, 13 Aug 2026 20:41:15 +0000"

eth_getTransactionReceipt
eth_getBlockByNumber
eth_getBlockByNumber
eth_chainId
eth_chainId
eth_estimateGas
eth_chainId
eth_getBlockByNumber
eth_sendTransaction
eth_accounts
eth_chainId
eth_getTransactionReceipt

    Transaction: 0xe5b3e54fec7fc9cab92d2a787cda87d34816233fba26326901feeee535c300a5
    Gas used: 290821

    Block Number: 340
    Block Hash: 0x76d7c154d6b8d98e919196ab9728ef9eaab9d99f853a6aa7b5f527960e2fb9c2
    Block Time: "Thu, 13 Aug 2026 20:41:15 +0000"

eth_getTransactionReceipt
eth_getBlockByNumber
eth_getBlockByNumber
eth_chainId
eth_chainId
eth_estimateGas
eth_chainId
eth_getBlockByNumber
eth_sendTransaction
eth_accounts
eth_chainId
eth_getTransactionReceipt

    Transaction: 0x78d862e96df65283e6e95b68fb41a8bdbb331541028ecee9bc2fb7e1bf2cb799
    Gas used: 290821

    Block Number: 341
    Block Hash: 0x37b742ed700a00a6b054f6b848c5a104ca2891b1f03e62203d8cb3f0ec3841a9
    Block Time: "Thu, 13 Aug 2026 20:41:15 +0000"

eth_getTransactionReceipt
eth_getBlockByNumber
eth_getBlockByNumber
eth_chainId
eth_chainId
eth_estimateGas
eth_chainId
eth_getBlockByNumber
eth_sendTransaction
eth_accounts
eth_chainId
eth_getTransactionReceipt

    Transaction: 0xefa0c2e1e58868e972b8352e1e46562ce957b646c976733fd054c466b4db6acd
    Gas used: 290821

    Block Number: 342
    Block Hash: 0x0999e662dad549edd4824e5efb14a16c519a4939c5fc56a7bcdaaeb8cd9632af
    Block Time: "Thu, 13 Aug 2026 20:41:15 +0000"

eth_getTransactionReceipt
eth_getBlockByNumber
eth_getBlockByNumber
eth_chainId
eth_chainId
eth_estimateGas
eth_chainId
eth_getBlockByNumber
eth_sendTransaction
eth_accounts
eth_chainId
eth_getTransactionReceipt

    Transaction: 0x7204029a60b0820177df05777486b61ae5ecac73103a46a44871961126d23886
    Gas used: 290821

    Block Number: 343
    Block Hash: 0xcb11e46cad1d70f0c6c103638f40db44173d64c2c0f15ffc7be8d1baa4906074
    Block Time: "Thu, 13 Aug 2026 20:41:15 +0000"

eth_getTransactionReceipt
eth_getBlockByNumber
eth_getBlockByNumber
eth_chainId
eth_chainId
eth_estimateGas
eth_chainId
eth_getBlockByNumber
eth_sendTransaction
eth_accounts
eth_chainId
eth_getTransactionReceipt

    Transaction: 0x13955efe208a03a34201884109dfcb33ebf6bbce1e1d1e59be7036fad6bb65b3
    Gas used: 290821

    Block Number: 344
    Block Hash: 0xb12c945981dcec313966afd9b58167887fd6a77515eac29f664f0b0f9cb5dc57
    Block Time: "Thu, 13 Aug 2026 20:41:15 +0000"

eth_getTransactionReceipt
eth_getBlockByNumber
eth_getBlockByNumber
eth_chainId
eth_chainId
eth_estimateGas
eth_chainId
eth_getBlockByNumber
eth_sendTransaction
eth_accounts
eth_chainId
eth_getTransactionReceipt

    Transaction: 0x619486ee79ea4e7df3a5f9feb8f3fdac77b6c84c3f868a40493eeee02895d6ac
    Gas used: 290821

    Block Number: 345
    Block Hash: 0xbd00b40040da0ee902aee566a76cd84e655b49252d9fff59fa5c1db2835f27b7
    Block Time: "Thu, 13 Aug 2026 20:41:15 +0000"

eth_getTransactionReceipt
eth_getBlockByNumber
eth_getBlockByNumber
eth_chainId
eth_chainId
eth_estimateGas
eth_chainId
eth_getBlockByNumber
eth_sendTransaction
eth_accounts
eth_chainId
eth_getTransactionReceipt

    Transaction: 0x929b4417b4db1fb1ace8dba47e1ef5692c88a52633cec346667da094e72a6c18
    Gas used: 290821

    Block Number: 346
    Block Hash: 0x586e1f39838a65b36c263160a6c04488cefe61a088acc1161e449c3615c88fb5
    Block Time: "Thu, 13 Aug 2026 20:41:15 +0000"

eth_getTransactionReceipt
eth_getBlockByNumber
eth_getBlockByNumber
eth_chainId
eth_chainId
eth_estimateGas
eth_chainId
eth_getBlockByNumber
eth_sendTransaction
eth_accounts
eth_chainId
eth_getTransactionReceipt

    Transaction: 0x1d47226cd1c046c30aa04d935cc6d4fb75d23132f48d7d0cab5e0c0a1cda6c7f
    Gas used: 290821

    Block Number: 347
    Block Hash: 0x57b9af0afb062695ed40a211290efd554c5f753076765a3f01fa714f3388f137
    Block Time: "Thu, 13 Aug 2026 20:41:16 +0000"

eth_getTransactionReceipt
eth_getBlockByNumber
eth_getBlockByNumber
eth_chainId
eth_chainId
eth_estimateGas
eth_chainId
eth_getBlockByNumber
eth_sendTransaction
eth_accounts
eth_chainId
eth_getTransactionReceipt

    Transaction: 0x23170158871324975983dcc536737d6bf52713da5d612b0ce8a9a085186178b9
    Gas used: 290821

    Block Number: 348
    Block Hash: 0x47e6075beb4a72261db3e69e797607498111c403e0062a03a7ae59773ff3f1cd
    Block Time: "Thu, 13 Aug 2026 20:41:16 +0000"

eth_getTransactionReceipt
eth_getBlockByNumber
eth_getBlockByNumber
eth_chainId
eth_chainId
eth_estimateGas
eth_chainId
eth_getBlockByNumber
eth_sendTransaction
eth_accounts
eth_chainId
eth_getTransactionReceipt

    Transaction: 0x565026e3192a2e84173953d2f08e1cc0194b6a8a3a702f482bf798fa97b8c703
    Gas used: 290821

    Block Number: 349
    Block Hash: 0x7079600f255f08cc83f1e921d388381a036679a35622a6ea494eb10c0f9cd829
    Block Time: "Thu, 13 Aug 2026 20:41:16 +0000"

eth_getTransactionReceipt
eth_getBlockByNumber
eth_getBlockByNumber
eth_chainId
eth_chainId
eth_estimateGas
eth_chainId
eth_getBlockByNumber
eth_sendTransaction
eth_accounts
eth_chainId
eth_getTransactionReceipt

    Transaction: 0xa213cb16b47a1274ec87f65ae277ce4aca5b20e906b04c2630f849d01da7652e
    Gas used: 290821

    Block Number: 350
    Block Hash: 0x65f79cc77e06308427875eb34676c83551a7e127d13736a65760c597709c1b00
    Block Time: "Thu, 13 Aug 2026 20:41:16 +0000"

eth_getTransactionReceipt
eth_getBlockByNumber
eth_getBlockByNumber
eth_chainId
eth_chainId
eth_estimateGas
eth_chainId
eth_getBlockByNumber
eth_sendTransaction
eth_accounts
eth_chainId
eth_getTransactionReceipt

    Transaction: 0xa0c4e0fd49e290561d78a762fd6dd9c0cc314f88505b1bcb866c7e33e0cb3b85
    Gas used: 290821

    Block Number: 351
    Block Hash: 0x5398a0ca49f8720b7ecd1a42f3f18aa59a51fc7bd67a112426d7fbfd11fa86cc
    Block Time: "Thu, 13 Aug 2026 20:41:16 +0000"

eth_getTransactionReceipt
eth_getBlockByNumber
eth_getBlockByNumber
eth_chainId
eth_chainId
eth_estimateGas
eth_chainId
eth_getBlockByNumber
eth_sendTransaction
eth_accounts
eth_chainId
eth_getTransactionReceipt

    Transaction: 0x065aa940d1507c16f8e748cd392d44b64f57708ee64487778c7946ca1aca107d
    Gas used: 290869

    Block Number: 352
    Block Hash: 0x73c655524d176fff9b1d45fb3bc27c6cab38a82b17670558626cabed6459c45a
    Block Time: "Thu, 13 Aug 2026 20:41:16 +0000"

eth_getTransactionReceipt
eth_getBlockByNumber
eth_getBlockByNumber
eth_chainId
eth_chainId
eth_estimateGas
eth_chainId
eth_getBlockByNumber
eth_sendTransaction
eth_accounts
eth_chainId
eth_getTransactionReceipt

    Transaction: 0x5a92b7fa011d6e0acd2cde87ed9e04e03596d45e8ba5bd5f6a91e797afd70e8b
    Gas used: 290809

    Block Number: 353
    Block Hash: 0xc01a406e5622a922a00808d30657307ce3d1a27f0348db5f95d27bbcfe5df4b5
    Block Time: "Thu, 13 Aug 2026 20:41:16 +0000"

eth_getTransactionReceipt
eth_getBlockByNumber
eth_getBlockByNumber
eth_chainId
eth_chainId
eth_estimateGas
eth_chainId
eth_getBlockByNumber
eth_sendTransaction
eth_accounts
eth_chainId
eth_getTransactionReceipt

    Transaction: 0xeafc2e827d05d664392fdfd95173a0c013ea6711256e79534e5ab944c6498ade
    Gas used: 290809

    Block Number: 354
    Block Hash: 0x80454b0eb485a57a00978a85dfcfef9ec9d37746e891f39004af98d950e7be1d
    Block Time: "Thu, 13 Aug 2026 20:41:16 +0000"

eth_getTransactionReceipt
eth_getBlockByNumber
eth_getBlockByNumber
eth_chainId
eth_chainId
eth_estimateGas
eth_chainId
eth_getBlockByNumber
eth_sendTransaction
eth_accounts
eth_chainId
eth_getTransactionReceipt

    Transaction: 0x7d0daa3d2da70c9d3d5ac9ef157a6875bbea2cf59b75bd439d70484f7e017a7d
    Gas used: 290809

    Block Number: 355
    Block Hash: 0x5655ee2e085404b35eafa53825b592df5d02c55a6fa0ebe05e7e74e64e818e4d
    Block Time: "Thu, 13 Aug 2026 20:41:17 +0000"

eth_getTransactionReceipt
eth_getBlockByNumber
eth_getBlockByNumber
eth_chainId
eth_chainId
eth_estimateGas
eth_chainId
eth_getBlockByNumber
eth_sendTransaction
eth_accounts
eth_chainId
eth_getTransactionReceipt

    Transaction: 0xc7fe1f558a84ec39b90bc15b8991a06ee914e29906de487fcb9eefa827bab395
    Gas used: 290809

    Block Number: 356
    Block Hash: 0xc60aed5a183c3c7b57848c0a92698cc604f5f8dfc793ff5cd9c856991535e69d
    Block Time: "Thu, 13 Aug 2026 20:41:17 +0000"

eth_getTransactionReceipt
eth_getBlockByNumber
eth_getBlockByNumber
eth_chainId
eth_chainId
eth_estimateGas
eth_chainId
eth_getBlockByNumber
eth_sendTransaction
eth_accounts
eth_chainId
eth_getTransactionReceipt

    Transaction: 0xfbd82fa8bca6e4e0e1fcb9334dee980eb1b1ccc63582a4d755d9049fac77e345
    Gas used: 290809

    Block Number: 357
    Block Hash: 0x274df9157d1c9c77d1aeeb394f8840cdf5ffb1c24b559fd89edf806241600517
    Block Time: "Thu, 13 Aug 2026 20:41:17 +0000"

eth_getTransactionReceipt
eth_getBlockByNumber
eth_getBlockByNumber
eth_chainId
eth_chainId
eth_estimateGas
eth_chainId
eth_getBlockByNumber
eth_sendTransaction
eth_accounts
eth_chainId
eth_getTransactionReceipt

    Transaction: 0x22376e698daf5d94f5f271cea0df45eb650b0ce9d27969b31311db64e7878037
    Gas used: 290809

    Block Number: 358
    Block Hash: 0x1f39aa114dbdca5936f9ebb34e4364c49e69a342f7a9c172f0d51fb034bd9bb6
    Block Time: "Thu, 13 Aug 2026 20:41:17 +0000"

eth_getTransactionReceipt
eth_getBlockByNumber
eth_getBlockByNumber
eth_chainId
eth_chainId
eth_estimateGas
eth_chainId
eth_getBlockByNumber
eth_sendTransaction
eth_accounts
eth_chainId
eth_getTransactionReceipt

    Transaction: 0x7815222f3bd4bc3f69df397db940e36ed4ab699e9982efb78e982dec804136b9
    Gas used: 290809

    Block Number: 359
    Block Hash: 0xe9a70fd25667aecda5b7b27abd8efc6f8b72a70e6e5919a44229f7f6ded8d035
    Block Time: "Thu, 13 Aug 2026 20:41:17 +0000"

eth_getTransactionReceipt
eth_getBlockByNumber
eth_getBlockByNumber
eth_chainId
eth_chainId
eth_estimateGas
eth_chainId
eth_getBlockByNumber
eth_sendTransaction
eth_accounts
eth_chainId
eth_getTransactionReceipt

    Transaction: 0xd92fdcf8b010eea6977aede7e57934437079f9973404491eb5d0780217edb067
    Gas used: 290809

    Block Number: 360
    Block Hash: 0x63ce36f9f2f51e880259354f2381ea6a49196812fe585fe52da7a3495d5bc09b
    Block Time: "Thu, 13 Aug 2026 20:41:17 +0000"

eth_getTransactionReceipt
eth_getBlockByNumber
eth_getBlockByNumber
eth_chainId
eth_chainId
eth_estimateGas
eth_chainId
eth_getBlockByNumber
eth_sendTransaction
eth_accounts
eth_chainId
eth_getTransactionReceipt

    Transaction: 0x3778d59c9c8d2b69ab61966126f5d3ceada9c1f348969618cb305919c19495aa
    Gas used: 290809

    Block Number: 361
    Block Hash: 0xeba98f2de6569e28471ca1690c1299ea449f1c256afb1a087d990ee3aaf810c2
    Block Time: "Thu, 13 Aug 2026 20:41:17 +0000"

eth_getTransactionReceipt
eth_getBlockByNumber
eth_getBlockByNumber
eth_chainId
eth_chainId
eth_estimateGas
eth_chainId
eth_getBlockByNumber
eth_sendTransaction
eth_accounts
eth_chainId
eth_getTransactionReceipt

    Transaction: 0xa2be05e9372123f7c186d373830d633277578af76c31a04a46107b3da6ef908f
    Gas used: 290821

    Block Number: 362
    Block Hash: 0x9c66f1775e18b0f8db93260a5f812bade6f9bc31a2e78ecd0a095abde8d7684b
    Block Time: "Thu, 13 Aug 2026 20:41:18 +0000"

eth_getTransactionReceipt
eth_getBlockByNumber
eth_getBlockByNumber
eth_chainId
eth_chainId
eth_estimateGas
eth_chainId
eth_getBlockByNumber
eth_sendTransaction
eth_accounts
eth_chainId
eth_getTransactionReceipt

    Transaction: 0x81157b5b8be8fd66d2b45e74b6812553ca7e430895e70ab6137f0f2c9b06ee3b
    Gas used: 290821

    Block Number: 363
    Block Hash: 0x341034cbe9af0a8eb44278b63e3332539445325274dd9a5a37e93ab70894290e
    Block Time: "Thu, 13 Aug 2026 20:41:18 +0000"

eth_getTransactionReceipt
eth_getBlockByNumber
eth_getBlockByNumber
eth_chainId
eth_chainId
eth_estimateGas
eth_chainId
eth_getBlockByNumber
eth_sendTransaction
eth_accounts
eth_chainId
eth_getTransactionReceipt

    Transaction: 0x6865aa14cc87f9e00e1a0fa820224833d9ed5be53ce8ad41ef56e74338412e14
    Gas used: 290821

    Block Number: 364
    Block Hash: 0x8ad1579aff23d6d8dc3ce9e7551557f01bd3f78572667d8d1657e49f45d22339
    Block Time: "Thu, 13 Aug 2026 20:41:18 +0000"

eth_getTransactionReceipt
eth_getBlockByNumber
eth_getBlockByNumber
eth_chainId
eth_chainId
eth_estimateGas
eth_chainId
eth_getBlockByNumber
eth_sendTransaction
eth_accounts
eth_chainId
eth_getTransactionReceipt

    Transaction: 0x7b2b21d3805224ff27041abbe166fac7eb909016a9f5b7541dadab9b32173499
    Gas used: 290821

    Block Number: 365
    Block Hash: 0x16112b5a5d9183f9fc17ebf6c0f63abc403db0be344a9d3d7e2a267a477cdd11
    Block Time: "Thu, 13 Aug 2026 20:41:18 +0000"

eth_getTransactionReceipt
eth_getBlockByNumber
eth_getBlockByNumber
eth_chainId
eth_chainId
eth_estimateGas
eth_chainId
eth_getBlockByNumber
eth_sendTransaction
eth_accounts
eth_chainId
eth_getTransactionReceipt

    Transaction: 0x21759430ff20d79e7b2666771e4d91bb7cdbf67c9d68ad43689055ec4470fd4e
    Gas used: 290821

    Block Number: 366
    Block Hash: 0xa7c876e3ab793181f44e0301b65c7a9b344e18b784a1de74a726b88d8d7e9d2c
    Block Time: "Thu, 13 Aug 2026 20:41:18 +0000"

eth_getTransactionReceipt
eth_getBlockByNumber
eth_getBlockByNumber
eth_chainId
eth_chainId
eth_estimateGas
eth_chainId
eth_getBlockByNumber
eth_sendTransaction
eth_accounts
eth_chainId
eth_getTransactionReceipt

    Transaction: 0x5c42b0b955f3c8573d3d4e6084ba6dd0da662ba9da4b254acbf3304e3168f19e
    Gas used: 290821

    Block Number: 367
    Block Hash: 0x69a198bb4cc2c6c4845c9ab6ce134e45a15da69b03007a41d07abff79faeed0b
    Block Time: "Thu, 13 Aug 2026 20:41:18 +0000"

eth_getTransactionReceipt
eth_getBlockByNumber
eth_getBlockByNumber
eth_chainId
eth_chainId
eth_estimateGas
eth_chainId
eth_getBlockByNumber
eth_sendTransaction
eth_accounts
eth_chainId
eth_getTransactionReceipt

    Transaction: 0x1b8583cdd6fa7b283edee67f6ebe8f4ab521906bcf353effb26b8f4bb3398982
    Gas used: 290821

    Block Number: 368
    Block Hash: 0xc71162a411e5e9f8726e19bd6438f373a6ff699e7d9673fb44f15863858e8e45
    Block Time: "Thu, 13 Aug 2026 20:41:18 +0000"

eth_getTransactionReceipt
eth_getBlockByNumber
eth_getBlockByNumber
eth_chainId
eth_chainId
eth_estimateGas
eth_chainId
eth_getBlockByNumber
eth_sendTransaction
eth_accounts
eth_chainId
eth_getTransactionReceipt

    Transaction: 0xb5ee02d9dfb73e73fe0a19e81759886dccab5efd3a71eff6944bd1e891acd01f
    Gas used: 290821

    Block Number: 369
    Block Hash: 0x136db95eebfb453739f935655b141aef91a27e6e67dad2af0811e79d944017ad
    Block Time: "Thu, 13 Aug 2026 20:41:18 +0000"

eth_getTransactionReceipt
eth_getBlockByNumber
eth_getBlockByNumber
eth_chainId
eth_chainId
eth_estimateGas
eth_chainId
eth_getBlockByNumber
eth_sendTransaction
eth_accounts
eth_chainId
eth_getTransactionReceipt

    Transaction: 0x6f6286076ac44523f33a19567b1fc13c04bbeaf4513f584dd858680e8919ce48
    Gas used: 290821

    Block Number: 370
    Block Hash: 0x0ae83786acc1be27bd52991fa592cfae493487f459a3fbb60826ee4ade49df11
    Block Time: "Thu, 13 Aug 2026 20:41:19 +0000"

eth_getTransactionReceipt
eth_getBlockByNumber
eth_getBlockByNumber
eth_chainId
eth_chainId
eth_estimateGas
eth_chainId
eth_getBlockByNumber
eth_sendTransaction
eth_accounts
eth_chainId
eth_getTransactionReceipt

    Transaction: 0x288a3a95032721b49598074a0efb1461f467b607fb5bfccb84cea47def72cb58
    Gas used: 290821

    Block Number: 371
    Block Hash: 0x16e6a6453d316085626975189fa5bf9ecfe7cf49dbb7f32479a27ed923188683
    Block Time: "Thu, 13 Aug 2026 20:41:19 +0000"

eth_getTransactionReceipt
eth_getBlockByNumber
eth_getBlockByNumber
eth_chainId
eth_chainId
eth_estimateGas
eth_chainId
eth_getBlockByNumber
eth_sendTransaction
eth_accounts
eth_chainId
eth_getTransactionReceipt

    Transaction: 0x8c50e26ba22df47f85d1f7335521ba069b8021e5609f6ccc9b00ddf94870f055
    Gas used: 290821

    Block Number: 372
    Block Hash: 0x36e8a58cf984031e9397fad2d7d3e4a6ff136854538edf50f0eb17575f0ea06c
    Block Time: "Thu, 13 Aug 2026 20:41:19 +0000"

eth_getTransactionReceipt
eth_getBlockByNumber
eth_getBlockByNumber
eth_chainId
eth_chainId
eth_estimateGas
eth_chainId
eth_getBlockByNumber
eth_sendTransaction
eth_accounts
eth_chainId
eth_getTransactionReceipt

    Transaction: 0xa5a3df6115a52b2680680980c94f872d560b4c889b2403326eb40004306c3e1d
    Gas used: 290821

    Block Number: 373
    Block Hash: 0xd38829662c7dc720a1c02f8dd2017bfa4c7bc83a0623ec21deed0c70230355b9
    Block Time: "Thu, 13 Aug 2026 20:41:19 +0000"

eth_getTransactionReceipt
eth_getBlockByNumber
eth_getBlockByNumber
eth_chainId
eth_chainId
eth_estimateGas
eth_chainId
eth_getBlockByNumber
eth_sendTransaction
eth_accounts
eth_chainId
eth_getTransactionReceipt

    Transaction: 0xff067690170deff975b1a12526883bbc3ffd6594a52bb143e5ca2090343a5cb4
    Gas used: 290821

    Block Number: 374
    Block Hash: 0xf417d2c4335d248f2191eddc6080fb9904fe08d6f9e7d2fb01b084fa8c5029be
    Block Time: "Thu, 13 Aug 2026 20:41:19 +0000"

eth_getTransactionReceipt
eth_getBlockByNumber
eth_getBlockByNumber
eth_chainId
eth_chainId
eth_estimateGas
eth_chainId
eth_getBlockByNumber
eth_sendTransaction
eth_accounts
eth_chainId
eth_getTransactionReceipt

    Transaction: 0xb7b7e2200e7d853ba44a5ce0ecd4fce7bb960eaf2f9cf9121b62cdffb8db635d
    Gas used: 290821

    Block Number: 375
    Block Hash: 0xe2db53bef39eb48184e173d8466446b7d4a0a9ef4bd2124735f3f3ceb933a9d8
    Block Time: "Thu, 13 Aug 2026 20:41:19 +0000"

eth_getTransactionReceipt
eth_getBlockByNumber
eth_getBlockByNumber
eth_chainId
eth_chainId
eth_estimateGas
eth_chainId
eth_getBlockByNumber
eth_sendTransaction
eth_accounts
eth_chainId
eth_getTransactionReceipt

    Transaction: 0xba6bb10c75b196387ce51bb6243321b3ac3c0b556e48135d5fccae5efc0bd230
    Gas used: 290821

    Block Number: 376
    Block Hash: 0xed1ec1c5dc563386bcacc62aa922cffb0c81bafdd087010874184cbb5e1cadf9
    Block Time: "Thu, 13 Aug 2026 20:41:19 +0000"

eth_getTransactionReceipt
eth_getBlockByNumber
eth_getBlockByNumber
eth_chainId
eth_chainId
eth_estimateGas
eth_chainId
eth_getBlockByNumber
eth_sendTransaction
eth_accounts
eth_chainId
eth_getTransactionReceipt

    Transaction: 0xecc757c83289e7cd3cc85eaae50a6aa246d9a5b81001eec65f76f6c366b80be9
    Gas used: 290821

    Block Number: 377
    Block Hash: 0xd2eb7e56b5048284d7ee4e9bd9f30c66a4d67fedb222f8c535d74d712d85e72e
    Block Time: "Thu, 13 Aug 2026 20:41:19 +0000"

eth_getTransactionReceipt
eth_getBlockByNumber
eth_getBlockByNumber
eth_chainId
eth_chainId
eth_estimateGas
eth_chainId
eth_getBlockByNumber
eth_sendTransaction
eth_accounts
eth_chainId
eth_getTransactionReceipt

    Transaction: 0x3437a4794a30e054e7e988e4a9aab2a3517359569e3d645145a291612f09548a
    Gas used: 290821

    Block Number: 378
    Block Hash: 0xb565b46c26e32d166fd6c4386c80011329981268f5c40658b9016533c0f1f02b
    Block Time: "Thu, 13 Aug 2026 20:41:20 +0000"

eth_getTransactionReceipt
eth_getBlockByNumber
eth_getBlockByNumber
eth_chainId
eth_chainId
eth_estimateGas
eth_chainId
eth_getBlockByNumber
eth_sendTransaction
eth_accounts
eth_chainId
eth_getTransactionReceipt

    Transaction: 0xe28d9bb4f9f63602a8e3f89209dd9b7268c8ad8657803ef945408f3fd323b130
    Gas used: 290821

    Block Number: 379
    Block Hash: 0x630218717f53ac66ac6cfe2d356a900e7fe51379a269df8ef5dafcdfef321fbd
    Block Time: "Thu, 13 Aug 2026 20:41:20 +0000"

eth_getTransactionReceipt
eth_getBlockByNumber
eth_getBlockByNumber
eth_chainId
eth_chainId
eth_estimateGas
eth_chainId
eth_getBlockByNumber
eth_sendTransaction
eth_accounts
eth_chainId
eth_getTransactionReceipt

    Transaction: 0x3fe6d5f8c2927bdbd9060793549057f804f5e4241cd2d5e95987828d7c4661f0
    Gas used: 290821

    Block Number: 380
    Block Hash: 0x10dd6ee9f705c3a815ae7693b29f269259d9c4286c8d918d9a2839919304563e
    Block Time: "Thu, 13 Aug 2026 20:41:20 +0000"

eth_getTransactionReceipt
eth_getBlockByNumber
eth_getBlockByNumber
eth_chainId
eth_chainId
eth_estimateGas
eth_chainId
eth_getBlockByNumber
eth_sendTransaction
eth_accounts
eth_chainId
eth_getTransactionReceipt

    Transaction: 0x86581a7f2c85007dde2e2359e58cef545593b424ead18a8493c88ebf9828c4be
    Gas used: 290821

    Block Number: 381
    Block Hash: 0x60b0d3c98be346108e589ff9dded0b6fe0e0842bb89532631502d219efc31ce0
    Block Time: "Thu, 13 Aug 2026 20:41:20 +0000"

eth_getTransactionReceipt
eth_getBlockByNumber
eth_getBlockByNumber
eth_chainId
eth_chainId
eth_estimateGas
eth_chainId
eth_getBlockByNumber
eth_sendTransaction
eth_accounts
eth_chainId
eth_getTransactionReceipt

    Transaction: 0x0e0ae69b351eddf266df268e581698413e1274b54e1927a3753de3762040a055
    Gas used: 290821

    Block Number: 382
    Block Hash: 0xdcf6ce015c0c9962b9eda4c1d6a490f516ba6cd42182140a99b3c49afb7f5225
    Block Time: "Thu, 13 Aug 2026 20:41:20 +0000"

eth_getTransactionReceipt
eth_getBlockByNumber
eth_getBlockByNumber
eth_chainId
eth_chainId
eth_estimateGas
eth_chainId
eth_getBlockByNumber
eth_sendTransaction
eth_accounts
eth_chainId
eth_getTransactionReceipt

    Transaction: 0xef9d81dcef51bb00254c978cfacd2006c5d75cb6e0cbbbf85af38c5b5541c477
    Gas used: 290821

    Block Number: 383
    Block Hash: 0x1ba29bf0fdd8777341239827b8aee4c32932239f947d99ce76e4dfce083f9917
    Block Time: "Thu, 13 Aug 2026 20:41:20 +0000"

eth_getTransactionReceipt
eth_getBlockByNumber
eth_getBlockByNumber
eth_chainId
eth_chainId
eth_estimateGas
eth_chainId
eth_getBlockByNumber
eth_sendTransaction
eth_accounts
eth_chainId
eth_getTransactionReceipt

    Transaction: 0xc3022d1222c54cead0b04388e225f06ad147cae0418c5b61bc643c3d0b68e005
    Gas used: 290821

    Block Number: 384
    Block Hash: 0x0a05228e441d04c21eace490ebbae2dd82d10f4184c1f69be76404f5f8aad6c4
    Block Time: "Thu, 13 Aug 2026 20:41:20 +0000"

eth_getTransactionReceipt
eth_getBlockByNumber
eth_getBlockByNumber
eth_chainId
eth_chainId
eth_estimateGas
eth_chainId
eth_getBlockByNumber
eth_sendTransaction
eth_accounts
eth_chainId
eth_getTransactionReceipt

    Transaction: 0x1f15272921114cd43108831c676c19a9f1cb273175cf61b91fc22dc5b4d1f05c
    Gas used: 290821

    Block Number: 385
    Block Hash: 0xb7d8f445502063ada24c4e6de23a592fac5c34943d4d3b0e394a7e2e8606a604
    Block Time: "Thu, 13 Aug 2026 20:41:20 +0000"

eth_getTransactionReceipt
eth_getBlockByNumber
eth_getBlockByNumber
eth_chainId
eth_chainId
eth_estimateGas
eth_chainId
eth_getBlockByNumber
eth_sendTransaction
eth_accounts
eth_chainId
eth_getTransactionReceipt

    Transaction: 0x60a56482685d8ea960759c88cce2a6a2b0f45bf34d67c6971b672e08c2c15c58
    Gas used: 290821

    Block Number: 386
    Block Hash: 0x139595b6c0600fb95c0b81054e91c1db831846f53ba3272964f410a70f88acae
    Block Time: "Thu, 13 Aug 2026 20:41:21 +0000"

eth_getTransactionReceipt
eth_getBlockByNumber
eth_getBlockByNumber
eth_chainId
eth_chainId
eth_estimateGas
eth_chainId
eth_getBlockByNumber
eth_sendTransaction
eth_accounts
eth_chainId
eth_getTransactionReceipt

    Transaction: 0x7b43e4304c155af884dac69ba2e9e7f928dee3a7210f626e4eb29e18d7274839
    Gas used: 290821

    Block Number: 387
    Block Hash: 0x1d024611d59bd7980fd2419895ed7e14c26f1aaf65f7a6f8d9f030b5eb45e403
    Block Time: "Thu, 13 Aug 2026 20:41:21 +0000"

eth_getTransactionReceipt
eth_getBlockByNumber
eth_getBlockByNumber
eth_chainId
eth_chainId
eth_estimateGas
eth_chainId
eth_getBlockByNumber
eth_sendTransaction
eth_accounts
eth_chainId
eth_getTransactionReceipt

    Transaction: 0xe9741511538db647ba181304c3b9c4b5bbce114ae1f9c8e4023086e392be0ca8
    Gas used: 290821

    Block Number: 388
    Block Hash: 0x6bb0f787d9f509369913d2dfa2107c7b1c901f99b097e836c8e98ccc86045f38
    Block Time: "Thu, 13 Aug 2026 20:41:21 +0000"

eth_getTransactionReceipt
eth_getBlockByNumber
eth_getBlockByNumber
eth_chainId
eth_chainId
eth_estimateGas
eth_chainId
eth_getBlockByNumber
eth_sendTransaction
eth_accounts
eth_chainId
eth_getTransactionReceipt

    Transaction: 0x7ddfd496e49f3e21f15d7b9c469029a4d0038332156f6c858afa0a6a15a736bb
    Gas used: 290821

    Block Number: 389
    Block Hash: 0xf2b55286bafcdf68b4d9a351fb3adda3859d795a9ad2cd42b65203c3ebce51ff
    Block Time: "Thu, 13 Aug 2026 20:41:21 +0000"

eth_getTransactionReceipt
eth_getBlockByNumber
eth_getBlockByNumber
eth_chainId
eth_chainId
eth_estimateGas
eth_chainId
eth_getBlockByNumber
eth_sendTransaction
eth_accounts
eth_chainId
eth_getTransactionReceipt

    Transaction: 0x63e7f80cacb39645e8bc4f76fd39c9bbba62fcd4a5f8ce3004b0ad27fcde727d
    Gas used: 290821

    Block Number: 390
    Block Hash: 0x4831d1e81fe012d91b5bd6d284e43abab907d4349adfae732508df4638ea6904
    Block Time: "Thu, 13 Aug 2026 20:41:21 +0000"

eth_getTransactionReceipt
eth_getBlockByNumber
eth_getBlockByNumber
eth_chainId
eth_chainId
eth_estimateGas
eth_chainId
eth_getBlockByNumber
eth_sendTransaction
eth_accounts
eth_chainId
eth_getTransactionReceipt

    Transaction: 0xf8f83c812d79bc4355048dda6ffd3c41368227a69d87631556bdce3b47b7fefe
    Gas used: 290821

    Block Number: 391
    Block Hash: 0xc3857f99c83a32c47709478d8c754b919bc55da74b1cdaf1d5120bc0dc2140b1
    Block Time: "Thu, 13 Aug 2026 20:41:21 +0000"

eth_getTransactionReceipt
eth_getBlockByNumber
eth_getBlockByNumber
eth_chainId
eth_chainId
eth_estimateGas
eth_chainId
eth_getBlockByNumber
eth_sendTransaction
eth_accounts
eth_chainId
eth_getTransactionReceipt

    Transaction: 0x257d2b17f447c4c32e71987d365a94bb5d0478b00f92d3e54d47ce3a98d51ad2
    Gas used: 290821

    Block Number: 392
    Block Hash: 0xdbb4af2cdacc44b35e67fc363d8cca15646fb6224bae24724dfc364daf615028
    Block Time: "Thu, 13 Aug 2026 20:41:21 +0000"

eth_getTransactionReceipt
eth_getBlockByNumber
eth_getBlockByNumber
eth_chainId
eth_chainId
eth_estimateGas
eth_chainId
eth_getBlockByNumber
eth_sendTransaction
eth_accounts
eth_chainId
eth_getTransactionReceipt

    Transaction: 0x53942167cea3412606a744611cebcbe7acfbba2d2c2875b1dbd6a5a55762d2ce
    Gas used: 290821

    Block Number: 393
    Block Hash: 0xd816b1f30614422835f35eafeb53dff273601bfddc104d6192bb91b8bae7a027
    Block Time: "Thu, 13 Aug 2026 20:41:22 +0000"

eth_getTransactionReceipt
eth_getBlockByNumber
eth_getBlockByNumber
eth_chainId
eth_chainId
eth_estimateGas
eth_chainId
eth_getBlockByNumber
eth_sendTransaction
eth_accounts
eth_chainId
eth_getTransactionReceipt

    Transaction: 0x9f26142f06ee5177296bf5832b5431c5f2fede94ea4a76768e735b5a087d936b
    Gas used: 290821

    Block Number: 394
    Block Hash: 0x5f2fb8cfb0ab7a4d15ce83b7668560323afb1e5ca0921ae6e6c4234c1300f81e
    Block Time: "Thu, 13 Aug 2026 20:41:22 +0000"

eth_getTransactionReceipt
eth_getBlockByNumber
eth_getBlockByNumber
eth_chainId
eth_chainId
eth_estimateGas
eth_chainId
eth_getBlockByNumber
eth_sendTransaction
eth_accounts
eth_chainId
eth_getTransactionReceipt

    Transaction: 0xe0e74e94f60df9f40fdc28af70f9d77dc03373f890ae4206b70a46d07804bd73
    Gas used: 290821

    Block Number: 395
    Block Hash: 0xdf56533852c4af046d1aed75aa364b33699e66c0000cfd0f14075a93dd72ad67
    Block Time: "Thu, 13 Aug 2026 20:41:22 +0000"

eth_getTransactionReceipt
eth_getBlockByNumber
eth_getBlockByNumber
eth_chainId
eth_chainId
eth_estimateGas
eth_chainId
eth_getBlockByNumber
eth_sendTransaction
eth_accounts
eth_chainId
eth_getTransactionReceipt

    Transaction: 0xdfb87f1bc528e3a184d67ec2d8c34f0ee491542524277bebf464b9def34e498a
    Gas used: 290821

    Block Number: 396
    Block Hash: 0x010c0a3f29208a76581c01a6aa8e808d48a0a998e1aca70c1d88ac6d80a669b3
    Block Time: "Thu, 13 Aug 2026 20:41:22 +0000"

eth_getTransactionReceipt
eth_getBlockByNumber
eth_getBlockByNumber
eth_chainId
eth_chainId
eth_estimateGas
eth_chainId
eth_getBlockByNumber
eth_sendTransaction
eth_accounts
eth_chainId
eth_getTransactionReceipt

    Transaction: 0x14b3e40434a4f7f5762303d414b63928b590679c6730b3c3b47e03199414da78
    Gas used: 290821

    Block Number: 397
    Block Hash: 0x4ec55cae40b2a8e4d177b06cca491a6429e990ccab2247ddfdd8abaf1d8287ed
    Block Time: "Thu, 13 Aug 2026 20:41:22 +0000"

eth_getTransactionReceipt
eth_getBlockByNumber
eth_getBlockByNumber
eth_chainId
eth_chainId
eth_estimateGas
eth_chainId
eth_getBlockByNumber
eth_sendTransaction
eth_accounts
eth_chainId
eth_getTransactionReceipt

    Transaction: 0x50954571ef0c987a661870076c98eaaf1107ff0db3a801b5ff73573719cb0376
    Gas used: 290821

    Block Number: 398
    Block Hash: 0x2340f172d55c18a3a9c428e3a6264b2494ceb47c6f4936986442651b24b65149
    Block Time: "Thu, 13 Aug 2026 20:41:22 +0000"

eth_getTransactionReceipt
eth_getBlockByNumber
eth_getBlockByNumber
eth_chainId
eth_chainId
eth_estimateGas
eth_chainId
eth_getBlockByNumber
eth_sendTransaction
eth_accounts
eth_chainId
eth_getTransactionReceipt

    Transaction: 0xc07078d24d7cb70504874d6e6ae19e9701f512f7db8086c6dd405e7f87ed6c7f
    Gas used: 290821

    Block Number: 399
    Block Hash: 0xa76118143aec0bc0a1312373a0597cfd7ba2f9bc41467d4c013c5c718feaae25
    Block Time: "Thu, 13 Aug 2026 20:41:22 +0000"

eth_getTransactionReceipt
eth_getBlockByNumber
eth_getBlockByNumber
eth_chainId
eth_chainId
eth_estimateGas
eth_chainId
eth_getBlockByNumber
eth_sendTransaction
eth_accounts
eth_chainId
eth_getTransactionReceipt

    Transaction: 0xe9cec55b6b904a8a5c32a701362f890c281cd54a13c1f693c5f9c1debdb4d875
    Gas used: 290821

    Block Number: 400
    Block Hash: 0x4e08eecee8c735029142e009d1f363de46e8c64750b573c6fe7241cebbf220f1
    Block Time: "Thu, 13 Aug 2026 20:41:22 +0000"

eth_getTransactionReceipt
eth_getBlockByNumber
eth_getBlockByNumber
eth_chainId
eth_chainId
eth_estimateGas
eth_chainId
eth_getBlockByNumber
eth_sendTransaction
eth_accounts
eth_chainId
eth_getTransactionReceipt

    Transaction: 0x7e27f09107ead05851592ad6a698df429832a003dac85fda877daa3c88d0e254
    Gas used: 290821

    Block Number: 401
    Block Hash: 0xf980f26de4366484b0ad9dd8d3ad37a53bce37f92bd2b99203f72c614c51f72b
    Block Time: "Thu, 13 Aug 2026 20:41:23 +0000"

eth_getTransactionReceipt
eth_getBlockByNumber
eth_getBlockByNumber
eth_chainId
eth_chainId
eth_estimateGas
eth_chainId
eth_getBlockByNumber
eth_sendTransaction
eth_accounts
eth_chainId
eth_getTransactionReceipt

    Transaction: 0x5b022c0635bfacf1ad0c1c7c99e2bd2b15d610d9ca4d35ff8e5eea98c753f323
    Gas used: 290821

    Block Number: 402
    Block Hash: 0x7ff99358dc5608cd185492b726583b2880caf991ae3a950722e9247c56b96caf
    Block Time: "Thu, 13 Aug 2026 20:41:23 +0000"

eth_getTransactionReceipt
eth_getBlockByNumber
eth_getBlockByNumber
eth_chainId
eth_chainId
eth_estimateGas
eth_chainId
eth_getBlockByNumber
eth_sendTransaction
eth_accounts
eth_chainId
eth_getTransactionReceipt

    Transaction: 0x2eca1ea1687afcf43bfc3bdbfccc56f24651d1708df0e1e41d20465a8756bdd8
    Gas used: 290821

    Block Number: 403
    Block Hash: 0xd9a563085da6e8cf3451123097f18e7c1f3d8b454a74c0fdda38a86cc98b42fe
    Block Time: "Thu, 13 Aug 2026 20:41:23 +0000"

eth_getTransactionReceipt
eth_getBlockByNumber
eth_getBlockByNumber
eth_chainId
eth_chainId
eth_estimateGas
eth_chainId
eth_getBlockByNumber
eth_sendTransaction
eth_accounts
eth_chainId
eth_getTransactionReceipt

    Transaction: 0x1e2167f6afa582c8bb845744755419b7169118d46dbd014e9bc4ed1fbd2d839d
    Gas used: 290821

    Block Number: 404
    Block Hash: 0xc0e295f6fccd56939fd690edc2e3fc4f1c41b6879bda501817a886390f2248d5
    Block Time: "Thu, 13 Aug 2026 20:41:23 +0000"

eth_getTransactionReceipt
eth_getBlockByNumber
eth_getBlockByNumber
eth_chainId
eth_chainId
eth_estimateGas
eth_chainId
eth_getBlockByNumber
eth_sendTransaction
eth_accounts
eth_chainId
eth_getTransactionReceipt

    Transaction: 0x4b743d4f44fffe194817428410f2515d21fed8d84c659673953a36d2c395bfa9
    Gas used: 290821

    Block Number: 405
    Block Hash: 0x44d6559a06f4a13d339504dd7ff8af2df0c85f54999b1147dcdd8f40c7896131
    Block Time: "Thu, 13 Aug 2026 20:41:23 +0000"

eth_getTransactionReceipt
eth_getBlockByNumber
eth_getBlockByNumber
eth_chainId
eth_chainId
eth_estimateGas
eth_chainId
eth_getBlockByNumber
eth_sendTransaction
eth_accounts
eth_chainId
eth_getTransactionReceipt

    Transaction: 0x79343ac6a11a65ed64c9d7ba0256191bf3c11039c40faf08d4dbfc3a2be9f9b9
    Gas used: 290821

    Block Number: 406
    Block Hash: 0x7df8572becd846dbac2117cadc93310cf8c048ad20901ba0a4b8074dea47d4a3
    Block Time: "Thu, 13 Aug 2026 20:41:23 +0000"

eth_getTransactionReceipt
eth_getBlockByNumber
eth_getBlockByNumber
eth_chainId
eth_chainId
eth_estimateGas
eth_chainId
eth_getBlockByNumber
eth_sendTransaction
eth_accounts
eth_chainId
eth_getTransactionReceipt

    Transaction: 0xd70827369d5cbea91d624fbda34c59734684f82898b4a244415cce7afcdfe3e8
    Gas used: 290821

    Block Number: 407
    Block Hash: 0xa992354f5bfa1df7df8a641b4dc016da115887a88916a8e69b9ae0e7c5c9593d
    Block Time: "Thu, 13 Aug 2026 20:41:23 +0000"

eth_getTransactionReceipt
eth_getBlockByNumber
eth_getBlockByNumber
eth_chainId
eth_chainId
eth_estimateGas
eth_chainId
eth_getBlockByNumber
eth_sendTransaction
eth_accounts
eth_chainId
eth_getTransactionReceipt

    Transaction: 0x67b9a84f407131f08921cda6dcf0b6356452a8f952a18e163994ace280b779e0
    Gas used: 290821

    Block Number: 408
    Block Hash: 0x96bbb3f2540ed23aeec2e3acec4b6623fff519a85576373edb9f1fac766432a7
    Block Time: "Thu, 13 Aug 2026 20:41:23 +0000"

eth_getTransactionReceipt
eth_getBlockByNumber
eth_getBlockByNumber
eth_chainId
eth_chainId
eth_estimateGas
eth_chainId
eth_getBlockByNumber
eth_sendTransaction
eth_accounts
eth_chainId
eth_getTransactionReceipt

    Transaction: 0x75ddab5e93c60e0f0eeff04900f6bc4cd65251e71c4322ae1b2e628d93be7451
    Gas used: 290821

    Block Number: 409
    Block Hash: 0x45308604f2438318c0d8e34156b5740444052029e3b4919f5f121fb2340ce7b1
    Block Time: "Thu, 13 Aug 2026 20:41:24 +0000"

eth_getTransactionReceipt
eth_getBlockByNumber
eth_getBlockByNumber
eth_chainId
eth_chainId
eth_estimateGas
eth_chainId
eth_getBlockByNumber
eth_sendTransaction
eth_accounts
eth_chainId
eth_getTransactionReceipt

    Transaction: 0x69e4da86b964d7b843d1d9e5d3881859266fc6583ea4bd7cdce4ebac625838f3
    Gas used: 290821

    Block Number: 410
    Block Hash: 0xd1fbba6b996b4457bd7b5f308a165e50b33f4eecccc212dac9bc258e428cbd65
    Block Time: "Thu, 13 Aug 2026 20:41:24 +0000"

eth_getTransactionReceipt
eth_getBlockByNumber
eth_getBlockByNumber
eth_chainId
eth_chainId
eth_estimateGas
eth_chainId
eth_getBlockByNumber
eth_sendTransaction
eth_accounts
eth_chainId
eth_getTransactionReceipt

    Transaction: 0x201be1414c6756e58a6eb42cf66c3a3213a25c41924dbb61aef34ee61621b74e
    Gas used: 290821

    Block Number: 411
    Block Hash: 0x5eecd2453f9d2e7b3ced685a6b0b6bc19f96b8230506d8ec41a64a973e336470
    Block Time: "Thu, 13 Aug 2026 20:41:24 +0000"

eth_getTransactionReceipt
eth_getBlockByNumber
eth_getBlockByNumber
eth_chainId
eth_chainId
eth_estimateGas
eth_chainId
eth_getBlockByNumber
eth_sendTransaction
eth_accounts
eth_chainId
eth_getTransactionReceipt

    Transaction: 0xed609b634acc5826486d4c7bfd05702ab11b991117e9ce2797b2174dab38f7d9
    Gas used: 290821

    Block Number: 412
    Block Hash: 0xac95761f8d05f093cad2448fbd34d93b97fa8362d9449bb83a46022508492c03
    Block Time: "Thu, 13 Aug 2026 20:41:24 +0000"

eth_getTransactionReceipt
eth_getBlockByNumber
eth_getBlockByNumber
eth_chainId
eth_chainId
eth_estimateGas
eth_chainId
eth_getBlockByNumber
eth_sendTransaction
eth_accounts
eth_chainId
eth_getTransactionReceipt

    Transaction: 0xd5828acd3c8cda2b800de38722f864ccaf28b0bf86322af96050efd5d8a863c8
    Gas used: 290821

    Block Number: 413
    Block Hash: 0xf060d6846ecc2c1275ed4b8f37bcde4f1b73b50a2e024861ab8316dfc607baa7
    Block Time: "Thu, 13 Aug 2026 20:41:24 +0000"

eth_getTransactionReceipt
eth_getBlockByNumber
eth_getBlockByNumber
eth_chainId
eth_chainId
eth_estimateGas
eth_chainId
eth_getBlockByNumber
eth_sendTransaction
eth_accounts
eth_chainId
eth_getTransactionReceipt

    Transaction: 0xbbb535a5f79de1a9dccb84a63d1f42594d6309b0943251ecc7c30896e1e829c9
    Gas used: 290821

    Block Number: 414
    Block Hash: 0x5ecaba2b7bc8a54634a16062822be410cc6955944bbc82f29c5d97a3eb24fcb4
    Block Time: "Thu, 13 Aug 2026 20:41:24 +0000"

eth_getTransactionReceipt
eth_getBlockByNumber
eth_getBlockByNumber
eth_chainId
eth_chainId
eth_estimateGas
eth_chainId
eth_getBlockByNumber
eth_sendTransaction
eth_accounts
eth_chainId
eth_getTransactionReceipt

    Transaction: 0x8c987f9a5066e4b7855df9c3820c68a9db405a5477b0f55ad79cf5d2c53574e5
    Gas used: 290821

    Block Number: 415
    Block Hash: 0xced22631386eb7b62f0feb65b225710e2819d33e9e866f65d4b98512a45d1bd4
    Block Time: "Thu, 13 Aug 2026 20:41:24 +0000"

eth_getTransactionReceipt
eth_getBlockByNumber
eth_getBlockByNumber
eth_chainId
eth_chainId
eth_estimateGas
eth_chainId
eth_getBlockByNumber
eth_sendTransaction
eth_accounts
eth_chainId
eth_getTransactionReceipt

    Transaction: 0x0d3c93cbe48710d1917cf1c3fe4ac27cd5bc313a972264797a0e31f149fa3616
    Gas used: 290821

    Block Number: 416
    Block Hash: 0xd57fdda474ba0926174eb8b168f6e4380da5ff98bcc0b1b35084f31cf5bb3d0a
    Block Time: "Thu, 13 Aug 2026 20:41:25 +0000"

eth_getTransactionReceipt
eth_getBlockByNumber
eth_getBlockByNumber
eth_chainId
eth_chainId
eth_estimateGas
eth_chainId
eth_getBlockByNumber
eth_sendTransaction
eth_accounts
eth_chainId
eth_getTransactionReceipt

    Transaction: 0x9b9c3f258c8d853ace3d4aa799e2963c5e8efbd0864cfdca3ad53bad58bdccb1
    Gas used: 290821

    Block Number: 417
    Block Hash: 0xc53ef905a06174dc063f22da1d81232054adca5babbd4a120c36b53792e360fb
    Block Time: "Thu, 13 Aug 2026 20:41:25 +0000"

eth_getTransactionReceipt
eth_getBlockByNumber
eth_getBlockByNumber
eth_chainId
eth_chainId
eth_estimateGas
eth_chainId
eth_getBlockByNumber
eth_sendTransaction
eth_accounts
eth_chainId
eth_getTransactionReceipt

    Transaction: 0x69239b31a48ce185b834e11d059cebde16b969de1d08042fe51f61ea7a5580bd
    Gas used: 290821

    Block Number: 418
    Block Hash: 0xc508f7da801387fad768c3b02e09446541aca660bb3cb6ed988366c479e66e11
    Block Time: "Thu, 13 Aug 2026 20:41:25 +0000"

eth_getTransactionReceipt
eth_getBlockByNumber
eth_getBlockByNumber
eth_chainId
eth_chainId
eth_estimateGas
eth_chainId
eth_getBlockByNumber
eth_sendTransaction
eth_accounts
eth_chainId
eth_getTransactionReceipt

    Transaction: 0x170c8ead3addd13a94ba2adbff7c8b946f21f3a4c755a5e8c0fbf841946c53d4
    Gas used: 290821

    Block Number: 419
    Block Hash: 0xb6d33a641d29a06e87de29c5c1fbc6eb8d7d0e31ab850dadee9af1e041424913
    Block Time: "Thu, 13 Aug 2026 20:41:25 +0000"

eth_getTransactionReceipt
eth_getBlockByNumber
eth_getBlockByNumber
eth_chainId
eth_chainId
eth_estimateGas
eth_chainId
eth_getBlockByNumber
eth_sendTransaction
eth_accounts
eth_chainId
eth_getTransactionReceipt

    Transaction: 0x983fbcb9a6ee1e2b96d9b0a5e363c22d45ce947dde580df02249620e5544cfa8
    Gas used: 290821

    Block Number: 420
    Block Hash: 0x84f60938788387a0354aa13b55fe3bd8303acf0b4b87c9fb5af4e85c36ce3004
    Block Time: "Thu, 13 Aug 2026 20:41:25 +0000"

eth_getTransactionReceipt
eth_getBlockByNumber
eth_getBlockByNumber
eth_chainId
eth_chainId
eth_estimateGas
eth_chainId
eth_getBlockByNumber
eth_sendTransaction
eth_accounts
eth_chainId
eth_getTransactionReceipt

    Transaction: 0x5f02443cb5d7ef49ae852634751a79ee168b44c2dedc663754236b899bf84cd9
    Gas used: 290821

    Block Number: 421
    Block Hash: 0xef9a9b4558f0a07dddbaa35b8b494709ac71f9fb2732d0350fc362356db11c21
    Block Time: "Thu, 13 Aug 2026 20:41:25 +0000"

eth_getTransactionReceipt
eth_getBlockByNumber
eth_getBlockByNumber
eth_chainId
eth_chainId
eth_estimateGas
eth_chainId
eth_getBlockByNumber
eth_sendTransaction
eth_accounts
eth_chainId
eth_getTransactionReceipt

    Transaction: 0x03d41ca69e44f80e5016d5b8c050c7446ccee966202725c11704c930a41ecf82
    Gas used: 290821

    Block Number: 422
    Block Hash: 0x266a9b8a68352cc0e58f82b1856cc198eb15a425aa8d5cfa323e86bf948d6d24
    Block Time: "Thu, 13 Aug 2026 20:41:25 +0000"

eth_getTransactionReceipt
eth_getBlockByNumber
eth_getBlockByNumber
eth_chainId
eth_chainId
eth_estimateGas
eth_chainId
eth_getBlockByNumber
eth_sendTransaction
eth_accounts
eth_chainId
eth_getTransactionReceipt

    Transaction: 0xc44bf270ff558f86b5748a1946fe2833c4906e3c1f476491c5e42315619a2099
    Gas used: 290821

    Block Number: 423
    Block Hash: 0x7f8eb8172f015a30f007eda28914d8f69f572839166cd04e385a135d3bc85553
    Block Time: "Thu, 13 Aug 2026 20:41:25 +0000"

eth_getTransactionReceipt
eth_getBlockByNumber
eth_getBlockByNumber
eth_chainId
eth_chainId
eth_estimateGas
eth_chainId
eth_getBlockByNumber
eth_sendTransaction
eth_accounts
eth_chainId
eth_getTransactionReceipt

    Transaction: 0xb178a3f2bef7548f97fc8c46d400761bb8f72f8caf4120ddb6bddc234fe7527d
    Gas used: 290821

    Block Number: 424
    Block Hash: 0x18d97d2bb675da1f8f9b8e8b22534bd5faccbca404e481bea24ebfe0e201bcd5
    Block Time: "Thu, 13 Aug 2026 20:41:25 +0000"

eth_getTransactionReceipt
eth_getBlockByNumber
eth_getBlockByNumber
eth_chainId
eth_chainId
eth_estimateGas
eth_chainId
eth_getBlockByNumber
eth_sendTransaction
eth_accounts
eth_chainId
eth_getTransactionReceipt

    Transaction: 0xe96e24be436d222cad6fb49122ff4c7bd6cf80d05094b507d203acede6ec2076
    Gas used: 290821

    Block Number: 425
    Block Hash: 0x87bddf4589d52e88f0d56df8a1fd9a6e1b8ecf585fc26b1c45fac71357e92c29
    Block Time: "Thu, 13 Aug 2026 20:41:26 +0000"

eth_getTransactionReceipt
eth_getBlockByNumber
eth_getBlockByNumber
eth_chainId
eth_chainId
eth_estimateGas
eth_chainId
eth_getBlockByNumber
eth_sendTransaction
eth_accounts
eth_chainId
eth_getTransactionReceipt

    Transaction: 0xc0976895b82c877632adbd83f82ce0393eee15c4c2ad1bd02523ecc80981ee75
    Gas used: 290821

    Block Number: 426
    Block Hash: 0xca93cf895d495c75aeba6be2275f24139e55848860292bc97efab765edbeae6e
    Block Time: "Thu, 13 Aug 2026 20:41:26 +0000"

eth_getTransactionReceipt
eth_getBlockByNumber
eth_getBlockByNumber
eth_chainId
eth_chainId
eth_estimateGas
eth_chainId
eth_getBlockByNumber
eth_sendTransaction
eth_accounts
eth_chainId
eth_getTransactionReceipt

    Transaction: 0xcf52bba79328a069f1ec12193a7486cbff6b7dd399ede822083b2967e813e5af
    Gas used: 290821

    Block Number: 427
    Block Hash: 0xde2ad2c8441dea140826cf25e2579f11888e763ddafbf845605fe425fea3b438
    Block Time: "Thu, 13 Aug 2026 20:41:26 +0000"

eth_getTransactionReceipt
eth_getBlockByNumber
eth_getBlockByNumber
eth_chainId
eth_chainId
eth_estimateGas
eth_chainId
eth_getBlockByNumber
eth_sendTransaction
eth_accounts
eth_chainId
eth_getTransactionReceipt

    Transaction: 0x60c36ae3272828e7655ca4dc91407980a1ce4ecaad0ac2182e2e8e7d62b82c02
    Gas used: 290821

    Block Number: 428
    Block Hash: 0x411578954b1588462f1b165debdda1e7ca86c1a2c4280e47915307ca39603477
    Block Time: "Thu, 13 Aug 2026 20:41:26 +0000"

eth_getTransactionReceipt
eth_getBlockByNumber
eth_getBlockByNumber
eth_chainId
eth_chainId
eth_estimateGas
eth_chainId
eth_getBlockByNumber
eth_sendTransaction
eth_accounts
eth_chainId
eth_getTransactionReceipt

    Transaction: 0x7a26716d0f8e6356955ec3bcfda9cfd818b714d53d81cf823902c9db3f666ac8
    Gas used: 290821

    Block Number: 429
    Block Hash: 0x79fafbd435e94d4c6f74fbd43e1c53e3836426db4cb2dc04385cc628f2f9ab62
    Block Time: "Thu, 13 Aug 2026 20:41:26 +0000"

eth_getTransactionReceipt
eth_getBlockByNumber
eth_getBlockByNumber
eth_chainId
eth_chainId
eth_estimateGas
eth_chainId
eth_getBlockByNumber
eth_sendTransaction
eth_accounts
eth_chainId
eth_getTransactionReceipt

    Transaction: 0x7044f604933bea6ae72b1b969244d3aea87d291b3976bf99217a1f1e9b1068f0
    Gas used: 290821

    Block Number: 430
    Block Hash: 0xc76150d052abac6586d0424749a7ecf70e7232da1573550b0a25d4523fad1350
    Block Time: "Thu, 13 Aug 2026 20:41:26 +0000"

eth_getTransactionReceipt
eth_getBlockByNumber
eth_getBlockByNumber
eth_chainId
eth_chainId
eth_estimateGas
eth_chainId
eth_getBlockByNumber
eth_sendTransaction
eth_accounts
eth_chainId
eth_getTransactionReceipt

    Transaction: 0x05991632bfd46cf95b614141d2680ca2762b1504299a11eb9c681a56e1a8d438
    Gas used: 290821

    Block Number: 431
    Block Hash: 0xec99d8bd3d3ee837ecc1f02dd97e027292675453c5e53fde610166efabd84773
    Block Time: "Thu, 13 Aug 2026 20:41:26 +0000"

eth_getTransactionReceipt
eth_getBlockByNumber
eth_getBlockByNumber
eth_chainId
eth_chainId
eth_estimateGas
eth_chainId
eth_getBlockByNumber
eth_sendTransaction
eth_accounts
eth_chainId
eth_getTransactionReceipt

    Transaction: 0x09fab11252b9b0de9ae2ba9296dde89fe63a8c6b5a4dd6c1a9d123b82702de5d
    Gas used: 290821

    Block Number: 432
    Block Hash: 0x76687b8cdc6b9f75c4c6ccc230e376985efd4fcf55cb8dea91d39c1210004548
    Block Time: "Thu, 13 Aug 2026 20:41:26 +0000"

eth_getTransactionReceipt
eth_getBlockByNumber
eth_getBlockByNumber
eth_chainId
eth_chainId
eth_estimateGas
eth_chainId
eth_getBlockByNumber
eth_sendTransaction
eth_accounts
eth_chainId
eth_getTransactionReceipt

    Transaction: 0xaae30a8852640933ecc467814c64c1a1a97d3444cfb43f5b146781181084ee32
    Gas used: 290821

    Block Number: 433
    Block Hash: 0xd86aa85d524a54bfbdd69ee3b8beb4a8fc7ca9b7ca4b8f548d353afa7e66612c
    Block Time: "Thu, 13 Aug 2026 20:41:27 +0000"

eth_getTransactionReceipt
eth_getBlockByNumber
eth_getBlockByNumber
eth_chainId
eth_chainId
eth_estimateGas
eth_chainId
eth_getBlockByNumber
eth_sendTransaction
eth_accounts
eth_chainId
eth_getTransactionReceipt

    Transaction: 0x67b0a7ba0383ef6abd76342970f3868b57ab7b4f78b5c634d2ad49a8787d5739
    Gas used: 290821

    Block Number: 434
    Block Hash: 0x46abbc580ada76f60aed6df1339ede77cbd36592b3c940897ca4946eded1f3dd
    Block Time: "Thu, 13 Aug 2026 20:41:27 +0000"

eth_getTransactionReceipt
eth_getBlockByNumber
eth_getBlockByNumber
eth_chainId
eth_chainId
eth_estimateGas
eth_chainId
eth_getBlockByNumber
eth_sendTransaction
eth_accounts
eth_chainId
eth_getTransactionReceipt

    Transaction: 0xe2913fbc25a12eba2f1feffbdc9725a9b79257e6e503bb94515cd0ae67e8d0e6
    Gas used: 290821

    Block Number: 435
    Block Hash: 0x6e84527b9ec48d623ab9cb8fbcfb4adad5166dde4f93306b09b38592bc2bae91
    Block Time: "Thu, 13 Aug 2026 20:41:27 +0000"

eth_getTransactionReceipt
eth_getBlockByNumber
eth_getBlockByNumber
eth_chainId
eth_chainId
eth_estimateGas
eth_chainId
eth_getBlockByNumber
eth_sendTransaction
eth_accounts
eth_chainId
eth_getTransactionReceipt

    Transaction: 0x31b144392a6a9a010843e7c37894452f592562a046026a9c75208419314a907b
    Gas used: 290821

    Block Number: 436
    Block Hash: 0x2ba23b5f5be63b649fdcaa0796e5ed6468df826c0b2d046f216b87c06d351a15
    Block Time: "Thu, 13 Aug 2026 20:41:27 +0000"

eth_getTransactionReceipt
eth_getBlockByNumber
eth_getBlockByNumber
eth_chainId
eth_chainId
eth_estimateGas
eth_chainId
eth_getBlockByNumber
eth_sendTransaction
eth_accounts
eth_chainId
eth_getTransactionReceipt

    Transaction: 0x2ae40b86bc68391de97b1fc601daefca3f086bd02898f4293aa5cc2379e47300
    Gas used: 290821

    Block Number: 437
    Block Hash: 0x9212eb4ce4668287abc9869c8491c63463cb55e5a067ad366783ef9dbe3a251a
    Block Time: "Thu, 13 Aug 2026 20:41:27 +0000"

eth_getTransactionReceipt
eth_getBlockByNumber
eth_getBlockByNumber
eth_chainId
eth_chainId
eth_estimateGas
eth_chainId
eth_getBlockByNumber
eth_sendTransaction
eth_accounts
eth_chainId
eth_getTransactionReceipt

    Transaction: 0x40cafea051d170cb701feca9ef920d3d3b785cb243cba83d7ab5abc9088900b8
    Gas used: 290821

    Block Number: 438
    Block Hash: 0xcc2032b7eb3c42077a366c13ee3e95ca65e9ca93bed21fc5ed91fc1b10a73a6c
    Block Time: "Thu, 13 Aug 2026 20:41:27 +0000"

eth_getTransactionReceipt
eth_getBlockByNumber
eth_getBlockByNumber
eth_chainId
eth_chainId
eth_estimateGas
eth_chainId
eth_getBlockByNumber
eth_sendTransaction
eth_accounts
eth_chainId
eth_getTransactionReceipt

    Transaction: 0x0211f307ee229840048a9c12dea3c220c1237b974d0d9fa2af069c951d745e3c
    Gas used: 290821

    Block Number: 439
    Block Hash: 0x067128370e21f64f16a7e3c490cc5ddcc7442581460c846881362c85c5cedb50
    Block Time: "Thu, 13 Aug 2026 20:41:27 +0000"

eth_getTransactionReceipt
eth_getBlockByNumber
eth_getBlockByNumber
eth_chainId
eth_chainId
eth_estimateGas
eth_chainId
eth_getBlockByNumber
eth_sendTransaction
eth_accounts
eth_chainId
eth_getTransactionReceipt

    Transaction: 0xde6b448a0918ef07f52c5e0b3a318d6a803a6d1083a137b5d64c6ad6db392a76
    Gas used: 290821

    Block Number: 440
    Block Hash: 0x42e323c70da7223bd1d6befdb45243beb81391cb9c4ccfdd85f17a8981bafb12
    Block Time: "Thu, 13 Aug 2026 20:41:27 +0000"

eth_getTransactionReceipt
eth_getBlockByNumber
eth_getBlockByNumber
eth_chainId
eth_chainId
eth_estimateGas
eth_chainId
eth_getBlockByNumber
eth_sendTransaction
eth_accounts
eth_chainId
eth_getTransactionReceipt

    Transaction: 0xb1d9b2004dc86c407fdb73c7bccad6bd218f1a41c3f25b75b43d55f2873f0d5e
    Gas used: 290821

    Block Number: 441
    Block Hash: 0x13256431b7b32f14120c7517b8905ee973d6ac6a113a375061673462edf9c089
    Block Time: "Thu, 13 Aug 2026 20:41:28 +0000"

eth_getTransactionReceipt
eth_getBlockByNumber
eth_getBlockByNumber
eth_chainId
eth_chainId
eth_estimateGas
eth_chainId
eth_getBlockByNumber
eth_sendTransaction
eth_accounts
eth_chainId
eth_getTransactionReceipt

    Transaction: 0x7eaa0b8941984cdd92c036ddb4ca4d70c179f888441b63c92dde6b0b9a8b0994
    Gas used: 290821

    Block Number: 442
    Block Hash: 0x19f6c3ea699b7e7b8f5c6d6f0b0be37042c34d52a13ea7268bfd2e96f7ee2734
    Block Time: "Thu, 13 Aug 2026 20:41:28 +0000"

eth_getTransactionReceipt
eth_getBlockByNumber
eth_getBlockByNumber
eth_chainId
eth_chainId
eth_estimateGas
eth_chainId
eth_getBlockByNumber
eth_sendTransaction
eth_accounts
eth_chainId
eth_getTransactionReceipt

    Transaction: 0x4a18f5093e5e9143efeb8ce00a6f97db8d00a074a36ff77c9be255b29fe809ee
    Gas used: 290821

    Block Number: 443
    Block Hash: 0x2c0c55d656a66e197bf8927fbbd4a7b51d574450e9f519075f978d841f7a2596
    Block Time: "Thu, 13 Aug 2026 20:41:28 +0000"

eth_getTransactionReceipt
eth_getBlockByNumber
eth_getBlockByNumber
eth_chainId
eth_chainId
eth_estimateGas
eth_chainId
eth_getBlockByNumber
eth_sendTransaction
eth_accounts
eth_chainId
eth_getTransactionReceipt

    Transaction: 0xa397938ea11e9d6aa21cff8b23e74deb2ce5d1c71b7c391c1bdb860f26dc4485
    Gas used: 290821

    Block Number: 444
    Block Hash: 0x2ccf2014e1ea2726ab33eed650fb255c5ef1dc120f5761198c44a80625914dcb
    Block Time: "Thu, 13 Aug 2026 20:41:28 +0000"

eth_getTransactionReceipt
eth_getBlockByNumber
eth_getBlockByNumber
eth_chainId
eth_chainId
eth_estimateGas
eth_chainId
eth_getBlockByNumber
eth_sendTransaction
eth_accounts
eth_chainId
eth_getTransactionReceipt

    Transaction: 0xa09196c661ff645e0bb6e24a32ffd700d9e2ad6aaebd127bf47df6e2582f5556
    Gas used: 290821

    Block Number: 445
    Block Hash: 0x2f4e9da20cbe73bc1932411761815fe044349e182c97b554ceec5a2f30878c30
    Block Time: "Thu, 13 Aug 2026 20:41:28 +0000"

eth_getTransactionReceipt
eth_getBlockByNumber
eth_getBlockByNumber
eth_chainId
eth_chainId
eth_estimateGas
eth_chainId
eth_getBlockByNumber
eth_sendTransaction
eth_accounts
eth_chainId
eth_getTransactionReceipt

    Transaction: 0x1ee33efd16ace569dcf5c321196ccce35d0079aefe589ada4bf8e7e1c6fd02a4
    Gas used: 290821

    Block Number: 446
    Block Hash: 0x27f672b19d74e7c38de51c02a220c6ddca146579c92b0127d0378937c301f0d6
    Block Time: "Thu, 13 Aug 2026 20:41:28 +0000"

eth_getTransactionReceipt
eth_getBlockByNumber
eth_getBlockByNumber
eth_chainId
eth_chainId
eth_estimateGas
eth_chainId
eth_getBlockByNumber
eth_sendTransaction
eth_accounts
eth_chainId
eth_getTransactionReceipt

    Transaction: 0x8e541e85f232f0933ac1b8d3b57482f5afefc1b2effbeb34c4c45fe258782354
    Gas used: 290821

    Block Number: 447
    Block Hash: 0x51fb4aee847e0083124af35037822822d0f29c552fb764df56848d1b2f820d9e
    Block Time: "Thu, 13 Aug 2026 20:41:28 +0000"

eth_getTransactionReceipt
eth_getBlockByNumber
eth_getBlockByNumber
eth_chainId
eth_chainId
eth_estimateGas
eth_chainId
eth_getBlockByNumber
eth_sendTransaction
eth_accounts
eth_chainId
eth_getTransactionReceipt

    Transaction: 0xfaa60e77133a51b0f33724d63f53a64356897c9b55c7d161aa2177aa74c54f34
    Gas used: 290821

    Block Number: 448
    Block Hash: 0x7660e97ce18b1a3703476e9d9c343fdbfe8cec7ee5db524777794dff30bc2909
    Block Time: "Thu, 13 Aug 2026 20:41:28 +0000"

eth_getTransactionReceipt
eth_getBlockByNumber
eth_getBlockByNumber
eth_chainId
eth_chainId
eth_estimateGas
eth_chainId
eth_getBlockByNumber
eth_sendTransaction
eth_accounts
eth_chainId
eth_getTransactionReceipt

    Transaction: 0x33b0069e86deca52ac4c578eb00716d2b2ba200bfd51e70fb26d06ed141c3c03
    Gas used: 290821

    Block Number: 449
    Block Hash: 0x511e5e7d080d4278b117f4b73e7a11650ebc684456fd0f3e32c736258bc3f2e6
    Block Time: "Thu, 13 Aug 2026 20:41:29 +0000"

eth_getTransactionReceipt
eth_getBlockByNumber
eth_getBlockByNumber
eth_chainId
eth_chainId
eth_estimateGas
eth_chainId
eth_getBlockByNumber
eth_sendTransaction
eth_accounts
eth_chainId
eth_getTransactionReceipt

    Transaction: 0x0f4542388f74f6163606cd32c38825dea253c33d5010f6ac97fd9b8fa9a53331
    Gas used: 290821

    Block Number: 450
    Block Hash: 0xa154f53c960e64af2d3b19ce1cb6e0807adfe2ae76d2cc10f6b884326f259b80
    Block Time: "Thu, 13 Aug 2026 20:41:29 +0000"

eth_getTransactionReceipt
eth_getBlockByNumber
eth_getBlockByNumber
eth_chainId
eth_chainId
eth_estimateGas
eth_chainId
eth_getBlockByNumber
eth_sendTransaction
eth_accounts
eth_chainId
eth_getTransactionReceipt

    Transaction: 0x676abfd3bcb16998ffc6240d0ba0dba68a6759bebf200f35bc49fde041f1f000
    Gas used: 290821

    Block Number: 451
    Block Hash: 0xa9c68b688b09ca0fc1469ee962f0862d3dd02de2e0434b2e3c9265afd4081526
    Block Time: "Thu, 13 Aug 2026 20:41:29 +0000"

eth_getTransactionReceipt
eth_getBlockByNumber
eth_getBlockByNumber
eth_chainId
eth_chainId
eth_estimateGas
eth_chainId
eth_getBlockByNumber
eth_sendTransaction
eth_accounts
eth_chainId
eth_getTransactionReceipt

    Transaction: 0xa01008edc81c7974a6d83b80e16305d4e9bfadc9c9d51e9773432ded5c8dec01
    Gas used: 290833

    Block Number: 452
    Block Hash: 0xe4d0798c3e45eaf3f348d3eeef967461622bc5f1223e1b7e5d0f3070e7eaef7a
    Block Time: "Thu, 13 Aug 2026 20:41:29 +0000"

eth_getTransactionReceipt
eth_getBlockByNumber
eth_getBlockByNumber
eth_chainId
eth_chainId
eth_estimateGas
eth_chainId
eth_getBlockByNumber
eth_sendTransaction
eth_accounts
eth_chainId
eth_getTransactionReceipt

    Transaction: 0xee0c3f574bdd6fc23038304bce6ec9e3676feb920c0af8e478c6f3783915a5d3
    Gas used: 290869

    Block Number: 453
    Block Hash: 0xa88097816d3ba2f9ccc6e96eeca88006da42b587cd0d07577d7c00d51a92b1db
    Block Time: "Thu, 13 Aug 2026 20:41:29 +0000"

eth_getTransactionReceipt
eth_getBlockByNumber
eth_getBlockByNumber
eth_chainId
eth_chainId
eth_estimateGas
eth_chainId
eth_getBlockByNumber
eth_sendTransaction
eth_accounts
eth_chainId
eth_getTransactionReceipt

    Transaction: 0x84fa3f15cc5d5a022271dba99a428910d1bca92ebb584f2c650301cf2ff9d3e7
    Gas used: 311439

    Block Number: 454
    Block Hash: 0x647fbfa731adc9c0a2d66f09e4e2ffb57a33edcef9fcfe519b43695c2d6aedbe
    Block Time: "Thu, 13 Aug 2026 20:41:29 +0000"

eth_getTransactionReceipt
eth_getBlockByNumber
eth_getBlockByNumber
eth_chainId
eth_chainId
eth_estimateGas
eth_chainId
eth_getBlockByNumber
eth_sendTransaction
eth_accounts
eth_chainId
eth_getTransactionReceipt

    Transaction: 0xa8bf0c1c4c1a8cb3aebe12b7497c11ff91acf47356ece8cdac6696df71cc4d08
    Gas used: 311451

    Block Number: 455
    Block Hash: 0x9d5201fb78681b28ad988c0934389aadad4f355fd5403d9ebd5a2a7861534ef0
    Block Time: "Thu, 13 Aug 2026 20:41:29 +0000"

eth_getTransactionReceipt
eth_getBlockByNumber
eth_getBlockByNumber
eth_chainId
eth_chainId
eth_estimateGas
eth_chainId
eth_getBlockByNumber
eth_sendTransaction
eth_accounts
eth_chainId
eth_getTransactionReceipt

    Transaction: 0x4d4551481b8fa330fa13ccf0b5f06f0b2d4f061a38108f6abe08b6f1ba1f131c
    Gas used: 311463

    Block Number: 456
    Block Hash: 0xcb4af0522f9e507c324ff7f89ef5491500a1f6003334780b708b9ffa24c6ec04
    Block Time: "Thu, 13 Aug 2026 20:41:30 +0000"

eth_getTransactionReceipt
eth_getBlockByNumber
eth_getBlockByNumber
eth_chainId
eth_chainId
eth_estimateGas
eth_chainId
eth_getBlockByNumber
eth_sendTransaction
eth_accounts
eth_chainId
eth_getTransactionReceipt

    Transaction: 0x3ac69c15d980be0c9f2eb06c5050f75c37a5789f4f710d95960f13ab0e49773e
    Gas used: 311451

    Block Number: 457
    Block Hash: 0x3c39e6aa9635a2e8554b068946b5b95760f5e46b8817b58e1ca3e5d9550b2225
    Block Time: "Thu, 13 Aug 2026 20:41:30 +0000"

eth_getTransactionReceipt
eth_getBlockByNumber
